{"type":"FeatureCollection","generated":"2026-09-10","first_date":"2024-10-02","last_date":"2026-09-09","total_incidents":414,"total_bergejala":40729,"total_meninggal":1,"features":[{"type":"Feature","geometry":{"type":"Polygon","coordinates":[[[113.3936,-7.2173],[113.4995,-7.2278],[113.5148,-7.2423],[113.4998,-7.2425],[113.5092,-7.254],[113.5363,-7.2355],[113.5515,-7.2342],[113.5737,-7.1614],[113.6116,-7.1055],[113.6227,-7.104],[113.6212,-7.0848],[113.5912,-7.0608],[113.6058,-7.0437],[113.5805,-7.0425],[113.5766,-7.0318],[113.592,-7.0096],[113.619,-7.0096],[113.6094,-7.0008],[113.6084,-6.9741],[113.6262,-6.965],[113.6254,-6.9484],[113.6494,-6.9202],[113.6357,-6.9167],[113.6425,-6.8876],[113.4834,-6.8967],[113.478,-6.9238],[113.4611,-6.9355],[113.46,-6.9507],[113.4344,-6.9614],[113.4211,-6.9892],[113.4212,-7.0117],[113.3924,-7.0345],[113.3953,-7.0707],[113.3802,-7.0774],[113.3846,-7.0889],[113.3632,-7.1021],[113.37,-7.1123],[113.361,-7.15],[113.3763,-7.1472],[113.3813,-7.1533],[113.3812,-7.1794],[113.3719,-7.1946],[113.379,-7.2109],[113.3829,-7.1888],[113.3967,-7.1995],[113.3936,-7.2173]]]},"properties":{"kab":"Kabupaten Pamekasan","prov":"Jawa Timur","n":74,"kj":5,"dd":0,"top":[{"loc":"Lembaga Pendidikan Al-Falah","n":37,"d":"2025-09-09"},{"loc":"MTS Al-Ula","n":17,"d":"2025-11-06"},{"loc":"SDN Toronan 1","n":9,"d":"2025-10-15"}]}},{"type":"Feature","geometry":{"type":"Polygon","coordinates":[[[106.991,-6.3633],[106.9976,-6.3788],[107.0064,-6.378],[107.0087,-6.4016],[107.019,-6.4002],[107.0305,-6.4113],[107.0516,-6.3944],[107.0612,-6.3981],[107.0512,-6.4172],[107.0584,-6.4232],[107.0556,-6.4357],[107.0639,-6.4342],[107.1194,-6.4677],[107.1291,-6.4718],[107.1328,-6.4641],[107.174,-6.4858],[107.1718,-6.4801],[107.1896,-6.4639],[107.1991,-6.4605],[107.2092,-6.4681],[107.2169,-6.4614],[107.2053,-6.4516],[107.2118,-6.4496],[107.1963,-6.4226],[107.2214,-6.4081],[107.2214,-6.3848],[107.2048,-6.3754],[107.2149,-6.3503],[107.2264,-6.3497],[107.2147,-6.33],[107.2247,-6.3206],[107.2174,-6.3151],[107.2239,-6.3163],[107.2327,-6.2992],[107.2385,-6.3061],[107.2365,-6.2967],[107.255,-6.2948],[107.2633,-6.2801],[107.2671,-6.2846],[107.2778,-6.2542],[107.2691,-6.232],[107.2837,-6.2264],[107.2725,-6.2163],[107.2903,-6.2174],[107.2966,-6.2029],[107.2785,-6.1611],[107.2888,-6.1557],[107.2927,-6.1414],[107.2814,-6.1468],[107.2812,-6.1276],[107.2706,-6.1297],[107.2689,-6.1142],[107.25,-6.1165],[107.2468,-6.1011],[107.2216,-6.1039],[107.1891,-6.0893],[107.1857,-6.0766],[107.177,-6.0817],[107.1586,-6.0675],[107.1442,-6.0715],[107.1405,-6.0572],[107.1307,-6.0622],[107.1362,-6.0496],[107.1274,-6.0547],[107.1113,-6.0289],[107.0937,-6.027],[107.1017,-6.0168],[107.0846,-6.0023],[107.0973,-5.9386],[107.0493,-5.9253],[107.0711,-5.9434],[107.0761,-5.9683],[107.0364,-5.9602],[107.0312,-5.9482],[107.0427,-5.9255],[107.0381,-5.9322],[107.0357,-5.9226],[107.0204,-5.9186],[107.036,-5.9364],[107.0125,-5.9246],[107.0145,-5.9184],[106.9908,-5.9371],[107.0061,-5.9423],[107.0163,-5.9588],[107.0085,-5.9988],[106.9948,-6.0075],[107.006,-6.016],[106.9933,-6.0128],[106.9949,-6.0281],[107.0105,-6.0237],[107.0161,-6.0347],[107.0074,-6.0382],[107.0064,-6.0496],[106.9888,-6.0457],[106.9719,-6.0528],[106.996,-6.0526],[107.0008,-6.069],[107.0161,-6.0769],[106.9706,-6.0884],[106.9696,-6.1327],[106.973,-6.175],[107.0106,-6.1724],[107.0064,-6.1932],[107.0338,-6.1988],[107.0303,-6.2266],[107.0424,-6.2338],[107.0417,-6.2452],[107.0179,-6.2628],[107.0141,-6.2866],[107.0273,-6.278],[107.0366,-6.2827],[107.0412,-6.3074],[107.029,-6.3301],[107.0165,-6.3304],[107.0161,-6.3569],[107.0062,-6.3601],[107.0019,-6.3538],[106.991,-6.3633]]]},"properties":{"kab":"Kota Bekasi","prov":"Jawa Barat","n":6,"kj":1,"dd":0,"top":[{"loc":"SDN Kota Baru 3 Bekasi","n":6,"d":"2025-10-02"}]}},{"type":"Feature","geometry":{"type":"Polygon","coordinates":[[[119.5394,-9.7598],[119.5451,-9.7519],[119.5532,-9.766],[119.5833,-9.7619],[119.5948,-9.779],[119.6223,-9.7645],[119.6284,-9.7726],[119.6217,-9.7905],[119.6152,-9.7899],[119.6208,-9.8003],[119.646,-9.7934],[119.6535,-9.7763],[119.6711,-9.7809],[119.6785,-9.7897],[119.674,-9.8008],[119.6897,-9.8148],[119.6797,-9.8293],[119.6911,-9.8202],[119.7254,-9.7537],[119.7497,-9.7333],[119.7388,-9.726],[119.7563,-9.7042],[119.7787,-9.701],[119.8191,-9.6737],[119.823,-9.6636],[119.8457,-9.6588],[119.8528,-9.6136],[119.8407,-9.6019],[119.846,-9.5983],[119.8412,-9.5778],[119.8536,-9.5736],[119.8584,-9.5558],[119.8699,-9.5545],[119.8727,-9.5337],[119.8865,-9.5131],[119.9091,-9.513],[119.9113,-9.4973],[119.9209,-9.4957],[119.9179,-9.4881],[119.9259,-9.4829],[119.8981,-9.4314],[119.912,-9.4025],[119.9088,-9.3827],[119.8764,-9.3713],[119.8648,-9.3435],[119.7937,-9.3995],[119.7731,-9.3968],[119.7615,-9.3857],[119.6864,-9.3824],[119.6266,-9.3452],[119.5858,-9.3507],[119.5379,-9.3775],[119.4699,-9.3581],[119.4433,-9.3643],[119.4271,-9.3776],[119.4033,-9.376],[119.4146,-9.3868],[119.4074,-9.3987],[119.4285,-9.4166],[119.4434,-9.4654],[119.4551,-9.4692],[119.4506,-9.4774],[119.4648,-9.4931],[119.458,-9.5026],[119.4659,-9.5148],[119.4824,-9.5269],[119.5159,-9.5205],[119.5203,-9.5269],[119.5152,-9.5642],[119.4984,-9.5852],[119.495,-9.6048],[119.4822,-9.6075],[119.4964,-9.625],[119.4887,-9.6651],[119.5423,-9.6969],[119.5326,-9.7048],[119.5462,-9.7377],[119.5356,-9.75],[119.5394,-9.7598]]]},"properties":{"kab":"Kabupaten Sumba Tengah","prov":"Nusa Tenggara Timur","n":100,"kj":1,"dd":0,"top":[{"loc":"TBA (Tidak disebutkan)","n":100,"d":"2026-04-30"}]}},{"type":"Feature","geometry":{"type":"Polygon","coordinates":[[[112.4895,-7.7655],[112.4996,-7.8157],[112.4878,-7.8776],[112.4773,-7.892],[112.4839,-7.9233],[112.4753,-7.9394],[112.4841,-7.9314],[112.5414,-7.9263],[112.5678,-7.9128],[112.5804,-7.9172],[112.5957,-7.9034],[112.5643,-7.8795],[112.5717,-7.8171],[112.5898,-7.765],[112.5777,-7.7369],[112.5279,-7.7351],[112.4895,-7.7655]]]},"properties":{"kab":"Kota Batu","prov":"Jawa Timur","n":12,"kj":1,"dd":0,"top":[{"loc":"SMPN 1 Kota Batu","n":12,"d":"2025-09-25"}]}},{"type":"Feature","geometry":{"type":"MultiPolygon","coordinates":[[[[97.5482,0.8882],[97.5585,0.8789],[97.5591,0.8665],[97.6024,0.8382],[97.6055,0.8146],[97.6147,0.8158],[97.6334,0.7983],[97.6305,0.7895],[97.6416,0.7674],[97.6362,0.7595],[97.6472,0.7582],[97.6557,0.7428],[97.652,0.7162],[97.6685,0.6911],[97.6617,0.6761],[97.6957,0.6181],[97.6833,0.5854],[97.7097,0.5613],[97.7419,0.5804],[97.7444,0.5539],[97.7668,0.5574],[97.7802,0.5801],[97.7881,0.5646],[97.7808,0.5679],[97.7823,0.5531],[97.7917,0.5613],[97.7977,0.5504],[97.8033,0.5599],[97.8149,0.5456],[97.8274,0.5445],[97.8199,0.5677],[97.8366,0.5586],[97.8364,0.5703],[97.8526,0.5885],[97.8789,0.6015],[97.9004,0.6262],[97.8927,0.6548],[97.8975,0.7137],[97.8868,0.7433],[97.8903,0.7661],[97.9113,0.8022],[97.8932,0.8413],[97.9036,0.8944],[97.8967,0.8947],[97.8752,0.933],[97.8044,0.923],[97.8017,0.9379],[97.7792,0.943],[97.7652,0.9617],[97.7511,0.9502],[97.6945,0.9328],[97.6879,1.0003],[97.6616,0.9985],[97.6532,1.0082],[97.6485,1.001],[97.62,1.0274],[97.6069,1.0264],[97.5529,0.9916],[97.5236,0.9517],[97.5495,0.9025],[97.5482,0.8882]]],[[[97.5475,0.8605],[97.5475,0.8605]]],[[[97.5443,0.8844],[97.5443,0.8844]]],[[[97.8561,-0.0815],[97.8547,-0.0898],[97.883,-0.1048],[97.8985,-0.1011],[97.8889,-0.0612],[97.8382,-0.0646],[97.8426,-0.0763],[97.8561,-0.0815]]],[[[98.2022,-0.1334],[98.2078,-0.1195],[98.1997,-0.1076],[98.1837,-0.117],[98.1826,-0.1298],[98.1878,-0.1436],[98.2022,-0.1334]]],[[[98.2263,-0.102],[98.2195,-0.1043],[98.2235,-0.111],[98.2263,-0.102]]],[[[98.2331,0.0023],[98.2315,0.0085],[98.2209,0.0059],[98.217,-0.0086],[98.2331,0.0023]]],[[[98.2598,0.0064],[98.2639,0.0139],[98.2546,0.0119],[98.2459,-0.0009],[98.2598,0.0064]]],[[[98.2132,0.0236],[98.2169,0.0186],[98.2132,0.0236]]],[[[98.2153,0.0549],[98.2124,0.0493],[98.2153,0.0549]]],[[[98.24,0.0542],[98.2277,0.0633],[98.232,0.0515],[98.24,0.0542]]],[[[98.4885,-0.5075],[98.5068,-0.4903],[98.5028,-0.4506],[98.5142,-0.4144],[98.5,-0.3972],[98.5019,-0.3907],[98.515,-0.3965],[98.5224,-0.3799],[98.5145,-0.3853],[98.5103,-0.3719],[98.5212,-0.3746],[98.5215,-0.3604],[98.5002,-0.3379],[98.489,-0.2997],[98.4497,-0.262],[98.4474,-0.2479],[98.4291,-0.2511],[98.4167,-0.2409],[98.4413,-0.2989],[98.423,-0.3176],[98.4092,-0.3135],[98.3842,-0.3435],[98.3832,-0.3682],[98.3727,-0.3832],[98.3743,-0.4636],[98.3549,-0.4714],[98.3523,-0.4967],[98.3439,-0.4982],[98.3461,-0.5186],[98.3255,-0.5221],[98.3234,-0.5078],[98.2875,-0.5234],[98.3935,-0.5633],[98.419,-0.5981],[98.4257,-0.5844],[98.4156,-0.5576],[98.4328,-0.5396],[98.4513,-0.5457],[98.4713,-0.5323],[98.4793,-0.5415],[98.4665,-0.5749],[98.4887,-0.551],[98.4878,-0.5699],[98.4977,-0.5685],[98.5077,-0.5499],[98.4812,-0.517],[98.4885,-0.5075]]],[[[98.4097,-0.3082],[98.408,-0.3131],[98.4097,-0.3082]]],[[[98.3899,-0.2755],[98.3826,-0.2607],[98.3819,-0.2706],[98.3899,-0.2755]]],[[[98.4,-0.232],[98.409,-0.2344],[98.4,-0.232]]],[[[98.3859,-0.2182],[98.3874,-0.2121],[98.3859,-0.2182]]],[[[98.3734,-0.1978],[98.3734,-0.1978]]],[[[98.4078,-0.1717],[98.4078,-0.1717]]],[[[98.424,-0.1789],[98.4339,-0.1881],[98.4343,-0.2096],[98.5008,-0.289],[98.5488,-0.3909],[98.5573,-0.3909],[98.5571,-0.3785],[98.5436,-0.3657],[98.5398,-0.3294],[98.5514,-0.3354],[98.5683,-0.3306],[98.573,-0.2801],[98.5471,-0.2467],[98.5232,-0.2282],[98.5105,-0.2277],[98.519,-0.2216],[98.5075,-0.2258],[98.5088,-0.2164],[98.4929,-0.2104],[98.4957,-0.1899],[98.476,-0.1479],[98.4879,-0.1376],[98.4797,-0.1359],[98.484,-0.1248],[98.4695,-0.1106],[98.4693,-0.0921],[98.4457,-0.0738],[98.4229,-0.0337],[98.4183,-0.0375],[98.4151,0.0014],[98.3961,-0.0134],[98.3907,0.005],[98.3808,0.0077],[98.37,-0.0006],[98.3526,0.0062],[98.3197,-0.0148],[98.2932,-0.0203],[98.3485,-0.0409],[98.3802,-0.1042],[98.3665,-0.1079],[98.3848,-0.1217],[98.3874,-0.1367],[98.4128,-0.1579],[98.4116,-0.1675],[98.424,-0.1789]]],[[[98.3355,-0.1033],[98.3332,-0.093],[98.3204,-0.0994],[98.3198,-0.1252],[98.3466,-0.1428],[98.3353,-0.1263],[98.3355,-0.1033]]],[[[98.3093,-0.0957],[98.3018,-0.0984],[98.3044,-0.1124],[98.3204,-0.1156],[98.3165,-0.0978],[98.3093,-0.0957]]],[[[98.2884,-0.1001],[98.2802,-0.1015],[98.2855,-0.1101],[98.2884,-0.1001]]],[[[98.2629,-0.1007],[98.2635,-0.092],[98.2629,-0.1007]]],[[[98.3609,-0.0936],[98.3609,-0.0936]]],[[[98.311,-0.0939],[98.3044,-0.0896],[98.311,-0.0939]]],[[[98.2898,-0.084],[98.2847,-0.0497],[98.2707,-0.0332],[98.2643,-0.0401],[98.265,-0.0647],[98.2826,-0.0941],[98.2898,-0.084]]],[[[98.3488,-0.0798],[98.3488,-0.0798]]],[[[98.2995,-0.0596],[98.2954,-0.0713],[98.323,-0.0901],[98.3473,-0.0973],[98.3571,-0.0896],[98.3456,-0.0819],[98.3426,-0.0668],[98.3311,-0.073],[98.3314,-0.0619],[98.3138,-0.0679],[98.2995,-0.0596]]],[[[98.3615,-0.0748],[98.3615,-0.0748]]],[[[98.3321,-0.0615],[98.3321,-0.0615]]],[[[98.3139,-0.0473],[98.3171,-0.0619],[98.3245,-0.0614],[98.3275,-0.0536],[98.3139,-0.0473]]],[[[98.4344,-0.0415],[98.4344,-0.0415]]],[[[98.2588,-0.0364],[98.2558,-0.0429],[98.2588,-0.0364]]],[[[98.2589,-0.0284],[98.2589,-0.0284]]],[[[98.4518,-0.0204],[98.4518,-0.0204]]],[[[98.3001,0.0529],[98.2926,0.0498],[98.3001,0.0529]]],[[[98.5095,-0.6369],[98.5205,-0.6361],[98.5205,-0.6205],[98.5016,-0.5955],[98.4884,-0.6152],[98.5095,-0.6369]]],[[[98.5,-0.5329],[98.5058,-0.5332],[98.5,-0.5329]]],[[[98.5171,-0.4972],[98.5206,-0.5018],[98.5245,-0.4949],[98.5171,-0.4972]]],[[[98.5172,-0.478],[98.5172,-0.478]]],[[[98.516,-0.4578],[98.516,-0.4578]]],[[[98.5326,-0.3954],[98.5326,-0.3954]]],[[[98.5115,-0.3405],[98.5109,-0.3344],[98.5115,-0.3405]]],[[[98.5092,-0.3348],[98.5092,-0.3348]]],[[[98.5795,-0.3304],[98.576,-0.3261],[98.5696,-0.3336],[98.5795,-0.3304]]],[[[98.5185,-0.3241],[98.5134,-0.3192],[98.5111,-0.3244],[98.5197,-0.3299],[98.5185,-0.3241]]],[[[98.4942,-0.3147],[98.4942,-0.3147]]],[[[98.4908,-0.2901],[98.4869,-0.2847],[98.4908,-0.2901]]],[[[98.4675,-0.2765],[98.4675,-0.2765]]],[[[98.5345,-0.2295],[98.5302,-0.2233],[98.5345,-0.2295]]],[[[98.5231,-0.1411],[98.5147,-0.1369],[98.5232,-0.147],[98.5282,-0.1453],[98.5231,-0.1411]]],[[[98.5124,-0.114],[98.5135,-0.1089],[98.5124,-0.114]]],[[[98.4778,-0.1021],[98.4695,-0.1077],[98.4846,-0.1224],[98.4778,-0.1021]]],[[[98.4911,-0.1046],[98.4861,-0.0999],[98.4882,-0.1099],[98.4982,-0.1152],[98.4911,-0.1046]]],[[[98.5042,-0.0943],[98.5042,-0.0943]]],[[[98.534,-0.0497],[98.5241,-0.0324],[98.5256,-0.0558],[98.5454,-0.0709],[98.534,-0.0497]]],[[[98.4941,-0.0288],[98.4857,-0.0363],[98.4997,-0.0713],[98.5057,-0.0478],[98.4941,-0.0288]]],[[[98.6426,0.0199],[98.6426,0.0199]]],[[[98.4574,0.038],[98.4604,0.027],[98.4574,0.038]]],[[[98.6241,0.0341],[98.6241,0.0341]]],[[[98.9289,0.0538],[98.9303,0.0465],[98.9289,0.0538]]],[[[98.6392,0.0727],[98.6287,0.0651],[98.6392,0.0727]]],[[[98.8963,0.0876],[98.8963,0.0876]]],[[[98.6166,0.0844],[98.6441,0.0811],[98.6542,0.0724],[98.6733,0.0807],[98.7487,0.071],[98.7873,0.096],[98.7956,0.089],[98.817,0.0916],[98.8301,0.0789],[98.8503,0.0798],[98.8459,0.0902],[98.854,0.1162],[98.798,0.1709],[98.7883,0.1658],[98.7744,0.1742],[98.7529,0.1561],[98.7413,0.1648],[98.7232,0.1569],[98.7132,0.1608],[98.7095,0.1781],[98.6814,0.1681],[98.6568,0.1758],[98.6224,0.173],[98.6102,0.181],[98.5656,0.173],[98.5252,0.1378],[98.5368,0.1014],[98.5538,0.0918],[98.6018,0.0934],[98.6166,0.0844]]],[[[98.7877,0.1733],[98.7877,0.1733]]]]},"properties":{"kab":"Kabupaten Nias Selatan","prov":"Sumatera Utara","n":35,"kj":1,"dd":0,"top":[{"loc":"SDN 071123","n":35,"d":"2026-02-24"}]}},{"type":"Feature","geometry":{"type":"Polygon","coordinates":[[[110.2237,-7.5031],[110.2367,-7.5042],[110.2375,-7.4935],[110.2275,-7.4662],[110.2307,-7.4352],[110.2237,-7.4336],[110.2118,-7.4466],[110.2099,-7.4739],[110.1989,-7.493],[110.2058,-7.4926],[110.2073,-7.5043],[110.2237,-7.5031]]]},"properties":{"kab":"Kabupaten Magelang","prov":"Jawa Tengah","n":215,"kj":3,"dd":0,"top":[{"loc":"Pondok Pesatren Nurul Ali","n":112,"d":"2025-11-18"},{"loc":"SMPN 10 Kota Magelang","n":75,"d":"2026-01-22"},{"loc":"SMP Negeri 3 Candimulyo","n":28,"d":"2026-08-07"}]}},{"type":"Feature","geometry":{"type":"Polygon","coordinates":[[[104.5905,-5.0693],[104.6331,-5.0895],[104.658,-5.0793],[104.6846,-5.0836],[104.6971,-5.0639],[104.7127,-5.0695],[104.7286,-5.0508],[104.7477,-5.0492],[104.7671,-5.0361],[104.8004,-4.9846],[104.8361,-4.9752],[104.8611,-4.9783],[104.8626,-4.9871],[104.8484,-4.9974],[104.8755,-4.982],[104.8826,-4.9896],[104.9023,-4.9853],[104.908,-4.977],[104.9044,-4.958],[104.9324,-4.9196],[104.9643,-4.9135],[104.9679,-4.9216],[104.9834,-4.9241],[105.0099,-4.9155],[104.9946,-4.9382],[104.9964,-4.9494],[105.036,-4.964],[105.0443,-4.9359],[105.0562,-4.9246],[105.058,-4.8711],[105.0699,-4.8622],[105.1174,-4.7722],[105.1269,-4.7296],[105.0859,-4.7022],[105.072,-4.7059],[105.0447,-4.6694],[105.0382,-4.6718],[105.0164,-4.6515],[105.0023,-4.652],[105.011,-4.6387],[105.0054,-4.6293],[104.9955,-4.6365],[104.9806,-4.6296],[104.9858,-4.6153],[104.9974,-4.6148],[105.0003,-4.6075],[104.988,-4.5885],[104.9944,-4.5847],[104.9883,-4.5825],[104.9807,-4.535],[104.9512,-4.5169],[104.9319,-4.5138],[104.8927,-4.5246],[104.867,-4.5089],[104.8163,-4.5045],[104.7901,-4.5167],[104.7827,-4.5317],[104.7663,-4.5284],[104.7307,-4.5373],[104.7298,-4.5554],[104.7016,-4.5532],[104.6999,-4.5674],[104.7083,-4.5714],[104.6961,-4.5824],[104.6993,-4.5982],[104.6446,-4.6331],[104.6387,-4.6558],[104.6137,-4.6714],[104.611,-4.6904],[104.6339,-4.7056],[104.6238,-4.7151],[104.6238,-4.7411],[104.6347,-4.7423],[104.634,-4.7624],[104.6459,-4.7789],[104.6217,-4.7958],[104.6221,-4.8224],[104.6119,-4.8319],[104.6028,-4.8236],[104.5487,-4.8326],[104.5568,-4.8448],[104.5448,-4.8564],[104.5465,-4.8664],[104.5269,-4.8944],[104.4938,-4.9765],[104.5016,-5.018],[104.5168,-5.0263],[104.5373,-5.0138],[104.5662,-5.0214],[104.5905,-5.0693]]]},"properties":{"kab":"Kabupaten Lampung Utara","prov":"Lampung","n":79,"kj":3,"dd":0,"top":[{"loc":"SMAN 4 Kota Bumi","n":52,"d":"2025-09-29"},{"loc":"SDN 1 Negara Agung","n":16,"d":"2025-08-29"},{"loc":"SDN 3 Sindang Sari","n":11,"d":"2026-01-12"}]}},{"type":"Feature","geometry":{"type":"Polygon","coordinates":[[[106.9186,-6.396],[106.9455,-6.3684],[106.9502,-6.3445],[106.9624,-6.3333],[106.9664,-6.3032],[106.9807,-6.3146],[106.9759,-6.3407],[106.9663,-6.3426],[106.9807,-6.3642],[107.0019,-6.3538],[107.0143,-6.3587],[107.0165,-6.3304],[107.0373,-6.3214],[107.0402,-6.2875],[107.0273,-6.278],[107.0153,-6.291],[107.0141,-6.2827],[107.0167,-6.2647],[107.0415,-6.2461],[107.0424,-6.2338],[107.0303,-6.2266],[107.0338,-6.1988],[107.0064,-6.1932],[107.0106,-6.1724],[106.973,-6.175],[106.9662,-6.207],[106.9427,-6.2376],[106.944,-6.2524],[106.9192,-6.2512],[106.9043,-6.2621],[106.9103,-6.2941],[106.9209,-6.3005],[106.9228,-6.3143],[106.9161,-6.3626],[106.8978,-6.3967],[106.9186,-6.396]]]},"properties":{"kab":"Kota Bekasi","prov":"Jawa Barat","n":6,"kj":1,"dd":0,"top":[{"loc":"SDN Kota Baru 3 Bekasi","n":6,"d":"2025-10-02"}]}},{"type":"Feature","geometry":{"type":"MultiPolygon","coordinates":[[[[119.2704,-5.5],[119.2567,-5.505],[119.2584,-5.4865],[119.2497,-5.4923],[119.2447,-5.5064],[119.2592,-5.5126],[119.2589,-5.5251],[119.2679,-5.5251],[119.2687,-5.5164],[119.2751,-5.5235],[119.269,-5.5327],[119.2966,-5.5309],[119.3063,-5.5187],[119.2906,-5.5122],[119.2994,-5.5143],[119.3031,-5.505],[119.3103,-5.5196],[119.3184,-5.5101],[119.3184,-5.4873],[119.3002,-5.4944],[119.2979,-5.4887],[119.3176,-5.4736],[119.306,-5.478],[119.2894,-5.4675],[119.2859,-5.476],[119.2793,-5.4724],[119.2773,-5.5005],[119.2704,-5.5]]],[[[119.291,-5.4675],[119.291,-5.4675]]],[[[119.3088,-5.4656],[119.3088,-5.4656]]],[[[119.2722,-5.465],[119.2765,-5.4676],[119.2722,-5.465]]],[[[119.2998,-5.456],[119.2892,-5.4586],[119.2988,-5.4696],[119.3051,-5.4674],[119.2998,-5.456]]],[[[119.2741,-5.4515],[119.2642,-5.4633],[119.2936,-5.4665],[119.2741,-5.4515]]],[[[119.2349,-5.4448],[119.2238,-5.4515],[119.2247,-5.4698],[119.2389,-5.4542],[119.2349,-5.4448]]],[[[119.229,-5.4342],[119.22,-5.4436],[119.229,-5.4342]]],[[[119.1964,-5.3936],[119.1903,-5.3998],[119.1964,-5.3936]]],[[[119.3657,-5.4226],[119.4317,-5.511],[119.4395,-5.5344],[119.4201,-5.5464],[119.4253,-5.5764],[119.4402,-5.5963],[119.4726,-5.6073],[119.4892,-5.6037],[119.4831,-5.5951],[119.4877,-5.5863],[119.4712,-5.5933],[119.4599,-5.577],[119.4809,-5.5595],[119.5026,-5.5587],[119.5092,-5.5375],[119.5055,-5.5224],[119.4875,-5.5108],[119.4856,-5.491],[119.5117,-5.4921],[119.5283,-5.4812],[119.5095,-5.4509],[119.524,-5.445],[119.5311,-5.4316],[119.5737,-5.4464],[119.6322,-5.4337],[119.6374,-5.4258],[119.6271,-5.4194],[119.6409,-5.4139],[119.646,-5.3966],[119.635,-5.3782],[119.6174,-5.3678],[119.6184,-5.3553],[119.6004,-5.3295],[119.5867,-5.3275],[119.5845,-5.3166],[119.5719,-5.309],[119.5696,-5.293],[119.5609,-5.291],[119.5411,-5.3065],[119.5231,-5.2998],[119.5026,-5.3122],[119.5024,-5.3232],[119.4814,-5.311],[119.4567,-5.3207],[119.4571,-5.3308],[119.4754,-5.3298],[119.4495,-5.3574],[119.4568,-5.3756],[119.4413,-5.3847],[119.4399,-5.3956],[119.4264,-5.3985],[119.4239,-5.4238],[119.4353,-5.4312],[119.4323,-5.4387],[119.4107,-5.4367],[119.4209,-5.4113],[119.407,-5.4056],[119.3729,-5.4255],[119.3657,-5.4226]],[[119.4087,-5.4515],[119.4177,-5.4405],[119.4189,-5.449],[119.4087,-5.4515]]],[[[119.3654,-5.4221],[119.369,-5.3967],[119.4006,-5.3822],[119.3912,-5.3735],[119.3997,-5.3739],[119.4043,-5.3646],[119.3945,-5.3106],[119.3766,-5.2907],[119.4044,-5.2486],[119.4136,-5.2525],[119.4161,-5.24],[119.3838,-5.2105],[119.3693,-5.3012],[119.3542,-5.3258],[119.3654,-5.4221]]],[[[119.3444,-5.3237],[119.3444,-5.3237]]],[[[119.4275,-5.2585],[119.4205,-5.26],[119.4275,-5.2585]]],[[[119.4405,-5.2494],[119.4405,-5.2494]]]]},"properties":{"kab":"Kabupaten Takalar","prov":"Sulawesi Selatan","n":12,"kj":3,"dd":0,"top":[{"loc":"SD Kapunrengan","n":10,"d":"2025-02-26"},{"loc":"SD Bonto Ba'do","n":1,"d":"2025-02-26"},{"loc":"SD Lengkese","n":1,"d":"2025-02-26"}]}},{"type":"Feature","geometry":{"type":"MultiPolygon","coordinates":[[[[119.5092,-5.5375],[119.5174,-5.5486],[119.5121,-5.5688],[119.5691,-5.6047],[119.5601,-5.6113],[119.5533,-5.595],[119.5449,-5.6201],[119.5466,-5.637],[119.5599,-5.6504],[119.5794,-5.6567],[119.589,-5.6418],[119.5885,-5.6223],[119.6104,-5.6126],[119.6173,-5.6253],[119.6507,-5.6288],[119.6578,-5.6506],[119.6398,-5.66],[119.6404,-5.6716],[119.6709,-5.6935],[119.7045,-5.7028],[119.7918,-5.7005],[119.8211,-5.6734],[119.848,-5.6658],[119.8543,-5.6575],[119.8481,-5.6516],[119.8476,-5.6578],[119.8391,-5.6348],[119.8576,-5.6301],[119.8648,-5.6103],[119.8738,-5.6136],[119.9052,-5.5825],[119.9089,-5.5698],[119.9021,-5.5593],[119.8574,-5.5523],[119.8621,-5.5292],[119.8541,-5.5149],[119.8761,-5.5286],[119.8798,-5.4909],[119.8947,-5.4798],[119.8993,-5.4619],[119.9311,-5.4229],[119.9424,-5.3889],[119.9395,-5.382],[119.9081,-5.4206],[119.8731,-5.4313],[119.8387,-5.4778],[119.8332,-5.5039],[119.8184,-5.5175],[119.8044,-5.5551],[119.7945,-5.5564],[119.7863,-5.5694],[119.7781,-5.5613],[119.7725,-5.5697],[119.7316,-5.5633],[119.7064,-5.5449],[119.7007,-5.4972],[119.6904,-5.4948],[119.6716,-5.5163],[119.665,-5.5132],[119.6584,-5.4867],[119.6643,-5.4775],[119.6538,-5.4694],[119.6341,-5.4738],[119.6257,-5.4683],[119.6267,-5.4602],[119.6361,-5.4585],[119.6524,-5.466],[119.6395,-5.4305],[119.5737,-5.4464],[119.5296,-5.432],[119.5083,-5.455],[119.5283,-5.4812],[119.5117,-5.4921],[119.4856,-5.491],[119.4875,-5.5108],[119.5055,-5.5224],[119.5092,-5.5375]]],[[[119.5983,-5.6496],[119.5983,-5.6496]]],[[[119.5595,-5.6021],[119.5595,-5.6021]]]]},"properties":{"kab":"Kapupaten Jeneponto","prov":"Sulawesi Selatan","n":28,"kj":1,"dd":0,"top":[{"loc":"SDN 7 Rumbia","n":28,"d":"2026-04-23"}]}},{"type":"Feature","geometry":{"type":"Polygon","coordinates":[[[112.3458,-7.3451],[112.3319,-7.3797],[112.353,-7.4129],[112.3414,-7.4325],[112.3459,-7.4416],[112.3327,-7.4544],[112.4044,-7.461],[112.3743,-7.4872],[112.3763,-7.5115],[112.3739,-7.5255],[112.3667,-7.5241],[112.3705,-7.5403],[112.3637,-7.5528],[112.3753,-7.563],[112.3717,-7.5717],[112.3873,-7.6143],[112.3803,-7.6359],[112.3893,-7.6504],[112.41,-7.645],[112.4117,-7.6735],[112.4481,-7.743],[112.4514,-7.7751],[112.4895,-7.7655],[112.5279,-7.7351],[112.5748,-7.7326],[112.6236,-7.6668],[112.6287,-7.6426],[112.6208,-7.6152],[112.6306,-7.6165],[112.6521,-7.5978],[112.6638,-7.5573],[112.5655,-7.477],[112.4567,-7.447],[112.4831,-7.4109],[112.4946,-7.4085],[112.4757,-7.3852],[112.4796,-7.3624],[112.473,-7.3532],[112.4855,-7.3408],[112.4764,-7.3298],[112.4783,-7.3049],[112.4587,-7.3121],[112.447,-7.3038],[112.4418,-7.3142],[112.4289,-7.3108],[112.4211,-7.3171],[112.4229,-7.3123],[112.4111,-7.3119],[112.3912,-7.3335],[112.3746,-7.3237],[112.3593,-7.3265],[112.3458,-7.3451]],[[112.4075,-7.4792],[112.4158,-7.4573],[112.4329,-7.4601],[112.4551,-7.4474],[112.4576,-7.4569],[112.4681,-7.4552],[112.4605,-7.4829],[112.4508,-7.4817],[112.4498,-7.4934],[112.4438,-7.4819],[112.4353,-7.4875],[112.428,-7.4808],[112.4151,-7.4942],[112.4081,-7.4917],[112.4075,-7.4792]]]},"properties":{"kab":"Kabupaten Mojokerto","prov":"Jawa Timur","n":859,"kj":2,"dd":0,"top":[{"loc":"Ponpes An-Nur","n":780,"d":"2026-01-10"},{"loc":"TK Kartika","n":79,"d":"2026-04-09"}]}},{"type":"Feature","geometry":{"type":"Polygon","coordinates":[[[111.4618,-7.3606],[111.4853,-7.3582],[111.5426,-7.3708],[111.5749,-7.3486],[111.7167,-7.4432],[111.7705,-7.4696],[111.8004,-7.4611],[111.821,-7.4396],[111.8779,-7.4409],[111.9054,-7.4333],[111.9404,-7.4401],[111.9596,-7.4281],[111.9437,-7.4061],[111.958,-7.4133],[111.9987,-7.4034],[112.0197,-7.4098],[112.0242,-7.3956],[112.0354,-7.4018],[112.0477,-7.3997],[112.0463,-7.3938],[112.0693,-7.397],[112.0893,-7.3685],[112.0726,-7.3333],[112.0765,-7.3147],[112.09,-7.304],[112.0852,-7.2894],[112.0944,-7.2692],[112.0838,-7.2551],[112.0884,-7.2291],[112.1187,-7.2112],[112.1402,-7.1575],[112.1513,-7.1582],[112.1601,-7.1417],[112.1657,-7.1136],[112.1541,-7.1198],[112.1462,-7.1067],[112.1514,-7.1009],[112.1443,-7.1063],[112.1313,-7.097],[112.1219,-7.1077],[112.1174,-7.0976],[112.1246,-7.0894],[112.0866,-7.0861],[112.0828,-7.0659],[112.0413,-7.0817],[112.0428,-7.0705],[112.0319,-7.0791],[112.0178,-7.0681],[112.0207,-7.0865],[112.0063,-7.0934],[112.0146,-7.1014],[112.0032,-7.1093],[112.0106,-7.1303],[111.9951,-7.1145],[111.9843,-7.163],[111.9778,-7.1626],[111.9767,-7.1437],[111.9535,-7.1317],[111.9326,-7.1599],[111.9296,-7.1325],[111.8992,-7.1363],[111.9002,-7.1287],[111.8863,-7.1217],[111.8778,-7.1333],[111.8615,-7.1294],[111.8567,-7.1155],[111.8242,-7.1004],[111.8165,-7.0872],[111.7115,-7.0806],[111.6941,-7.0686],[111.6933,-7.054],[111.6576,-7.037],[111.6514,-6.9998],[111.6221,-6.9864],[111.6132,-7.0067],[111.6136,-7.0353],[111.6184,-7.0503],[111.6274,-7.0538],[111.6281,-7.0744],[111.6126,-7.0822],[111.6218,-7.1082],[111.6134,-7.1107],[111.6074,-7.1268],[111.6106,-7.1433],[111.5983,-7.1458],[111.5842,-7.1707],[111.5872,-7.1856],[111.5666,-7.1866],[111.5668,-7.2065],[111.5498,-7.2046],[111.5367,-7.2159],[111.5416,-7.2275],[111.528,-7.2271],[111.5027,-7.2483],[111.4878,-7.2429],[111.4903,-7.2604],[111.4773,-7.2519],[111.4635,-7.2629],[111.4527,-7.2481],[111.4506,-7.2754],[111.438,-7.2697],[111.4422,-7.2885],[111.4236,-7.3102],[111.4576,-7.3216],[111.4462,-7.3371],[111.4627,-7.3455],[111.4497,-7.3432],[111.4418,-7.3511],[111.4449,-7.3611],[111.4569,-7.3518],[111.4618,-7.3606]]]},"properties":{"kab":"Kabupaten Bojonegoro","prov":"Jawa Timur","n":611,"kj":6,"dd":0,"top":[{"loc":"SMAN 1 Kedungadem","n":544,"d":"2025-10-01"},{"loc":"Pondok Pesantren Al Falah","n":30,"d":"2025-11-28"},{"loc":"TK (Spesifik tidak disebutkan)","n":17,"d":"2026-04-15"}]}},{"type":"Feature","geometry":{"type":"MultiPolygon","coordinates":[[[[116.8726,-8.5288],[116.8428,-8.5386],[116.831,-8.5153],[116.8199,-8.5159],[116.8333,-8.5575],[116.8175,-8.5787],[116.7885,-8.5896],[116.764,-8.6537],[116.7462,-8.6633],[116.7589,-8.6745],[116.7731,-8.6738],[116.7719,-8.6869],[116.7863,-8.7126],[116.7792,-8.7162],[116.7859,-8.7198],[116.7809,-8.7284],[116.766,-8.7285],[116.7635,-8.7368],[116.783,-8.751],[116.7814,-8.7747],[116.7899,-8.7653],[116.8048,-8.7782],[116.8148,-8.8122],[116.803,-8.8261],[116.7869,-8.8149],[116.7818,-8.8302],[116.7666,-8.8349],[116.7679,-8.8555],[116.735,-8.8664],[116.7399,-8.8757],[116.7343,-8.8804],[116.7523,-8.8934],[116.7476,-8.9006],[116.7316,-8.8921],[116.7252,-8.911],[116.7517,-8.9241],[116.7367,-8.9339],[116.737,-8.9553],[116.7152,-8.9713],[116.7361,-8.9765],[116.7295,-9.0066],[116.7392,-8.9969],[116.7888,-9.0359],[116.808,-9.0325],[116.833,-9.0459],[116.8416,-9.0396],[116.867,-9.0568],[116.8973,-9.0649],[116.9225,-9.0521],[116.9418,-9.0531],[116.9704,-9.0795],[117.0044,-9.0933],[117.0119,-9.1089],[117.0218,-9.102],[117.0389,-9.1046],[117.0593,-9.0554],[117.0536,-9.0533],[117.0675,-9.0351],[117.0616,-9.0128],[117.0702,-8.9711],[117.0621,-8.9521],[117.0742,-8.9417],[117.0846,-8.9437],[117.0881,-8.9307],[117.0833,-8.9015],[117.0624,-8.8998],[117.0539,-8.8898],[117.0648,-8.8761],[117.0611,-8.8624],[117.0733,-8.8574],[117.0819,-8.8357],[117.0965,-8.8369],[117.061,-8.8049],[117.0346,-8.8003],[117.0406,-8.7911],[117.0525,-8.7951],[117.0736,-8.7676],[117.0903,-8.7604],[117.0787,-8.729],[117.0901,-8.7029],[117.0667,-8.6764],[117.0397,-8.6715],[117.0216,-8.6403],[116.9953,-8.6155],[116.9731,-8.6179],[116.9612,-8.6053],[116.9354,-8.6062],[116.9362,-8.5913],[116.9213,-8.5924],[116.9148,-8.5732],[116.8761,-8.5415],[116.8726,-8.5288]]],[[[116.7195,-8.7511],[116.7119,-8.7484],[116.7195,-8.7511]]],[[[116.768,-8.7107],[116.7736,-8.7075],[116.768,-8.7107]]],[[[116.7699,-8.6894],[116.7699,-8.6894]]],[[[116.7268,-8.6876],[116.7268,-8.6876]]],[[[116.7305,-8.6833],[116.7305,-8.6833]]],[[[116.7887,-8.5313],[116.7726,-8.5377],[116.7695,-8.5593],[116.7872,-8.5438],[116.7887,-8.5313]]],[[[116.7897,-8.5248],[116.7897,-8.5248]]],[[[116.7931,-8.5133],[116.7876,-8.5177],[116.7931,-8.5133]]],[[[116.8195,-8.4988],[116.8195,-8.4988]]],[[[116.8308,-8.4986],[116.8355,-8.5007],[116.8308,-8.4986]]],[[[116.8576,-8.5034],[116.8418,-8.5104],[116.8508,-8.5185],[116.8576,-8.5034]]]]},"properties":{"kab":"Kabupaten Sumbawa Barat","prov":"Nusa Tenggara Barat","n":71,"kj":1,"dd":0,"top":[{"loc":"Pondok Pesantren Himatul Ummah","n":71,"d":"2025-10-31"}]}},{"type":"Feature","geometry":{"type":"Polygon","coordinates":[[[108.5621,-6.6913],[108.5479,-6.7012],[108.5429,-6.6965],[108.5488,-6.7256],[108.536,-6.7251],[108.5186,-6.7373],[108.5372,-6.7608],[108.5296,-6.7792],[108.5445,-6.7964],[108.5604,-6.7559],[108.5911,-6.7433],[108.5621,-6.6913]]]},"properties":{"kab":"Kota Cirebon","prov":"Jawa Barat","n":34,"kj":3,"dd":0,"top":[{"loc":"SDN 2 Setu Wetan","n":20,"d":"2025-11-04"},{"loc":"SDN Kesenden","n":13,"d":"2025-10-22"},{"loc":"SMAN 1 Jamblang","n":1,"d":"2026-03-10"}]}},{"type":"Feature","geometry":{"type":"MultiPolygon","coordinates":[[[[113.0405,-7.2128],[113.1006,-7.2289],[113.15,-7.2241],[113.1444,-7.2111],[113.1532,-7.2055],[113.1719,-7.2275],[113.2252,-7.2198],[113.2615,-7.2245],[113.2746,-7.2155],[113.393,-7.2178],[113.3967,-7.1995],[113.3829,-7.1888],[113.379,-7.2109],[113.3719,-7.1946],[113.3812,-7.1794],[113.3813,-7.1533],[113.3763,-7.1472],[113.361,-7.15],[113.37,-7.1123],[113.3632,-7.1021],[113.3846,-7.0889],[113.3802,-7.0774],[113.3953,-7.0707],[113.3924,-7.0345],[113.4212,-7.0117],[113.4211,-6.9892],[113.4344,-6.9614],[113.46,-6.9507],[113.4611,-6.9355],[113.478,-6.9238],[113.4834,-6.8967],[113.4172,-6.8868],[113.1983,-6.8974],[113.1686,-6.8904],[113.1247,-6.893],[113.1178,-6.9331],[113.0963,-6.9374],[113.0994,-6.9566],[113.1107,-6.9869],[113.1278,-6.9769],[113.1475,-6.99],[113.1328,-7.0328],[113.1106,-7.0293],[113.1123,-7.0579],[113.122,-7.0746],[113.1078,-7.081],[113.1154,-7.1158],[113.1078,-7.1076],[113.1062,-7.1245],[113.0931,-7.1327],[113.0975,-7.1571],[113.0729,-7.1492],[113.0674,-7.1637],[113.0574,-7.1639],[113.0484,-7.1844],[113.0602,-7.1893],[113.0597,-7.1986],[113.047,-7.1996],[113.0405,-7.2128]]],[[[113.2066,-7.3073],[113.2138,-7.3145],[113.2243,-7.311],[113.2066,-7.3073]]]]},"properties":{"kab":"Kabupaten Sampang","prov":"Jawa Timur","n":19,"kj":1,"dd":0,"top":[{"loc":"SDN Bira Tengah 1","n":19,"d":"2026-04-22"}]}},{"type":"Feature","geometry":{"type":"MultiPolygon","coordinates":[[[[117.5166,0.0224],[117.5141,0.0375],[117.5013,0.0385],[117.4942,0.0284],[117.4892,0.0384],[117.496,0.0492],[117.511,0.0513],[117.5092,0.0637],[117.4891,0.0571],[117.4845,0.0624],[117.4771,0.0478],[117.4679,0.047],[117.477,0.0642],[117.4661,0.0651],[117.479,0.0779],[117.4749,0.0891],[117.4624,0.0843],[117.4593,0.0917],[117.4658,0.0929],[117.4568,0.1001],[117.463,0.1029],[117.4687,0.0929],[117.4757,0.0947],[117.479,0.082],[117.4864,0.0837],[117.4846,0.0926],[117.4762,0.0933],[117.4777,0.1037],[117.5007,0.1008],[117.4829,0.102],[117.4789,0.11],[117.4899,0.1084],[117.4848,0.1171],[117.5064,0.1071],[117.5221,0.1257],[117.5068,0.158],[117.4938,0.1457],[117.4958,0.1586],[117.488,0.147],[117.4874,0.1599],[117.4757,0.1538],[117.4799,0.1606],[117.4704,0.1642],[117.4826,0.166],[117.4821,0.1606],[117.4898,0.167],[117.4839,0.18],[117.5041,0.1755],[117.49,0.1899],[117.5008,0.1868],[117.4952,0.1955],[117.5078,0.1918],[117.5179,0.1981],[117.5034,0.2059],[117.4927,0.1982],[117.4692,0.1992],[117.4675,0.1753],[117.4497,0.1669],[117.4283,0.1059],[117.4029,0.0918],[117.3974,0.0809],[117.3883,0.0225],[117.5166,0.0224]]],[[[117.4903,0.07],[117.4908,0.0643],[117.4987,0.0739],[117.4903,0.07]]],[[[117.5048,0.1099],[117.5048,0.1099]]],[[[117.5218,0.0664],[117.5117,0.0656],[117.5218,0.0664]]],[[[117.5526,0.0836],[117.5419,0.0845],[117.5526,0.0836]]],[[[117.5537,0.0853],[117.5537,0.0853]]],[[[117.5648,0.0904],[117.5572,0.0881],[117.5648,0.0904]]],[[[117.5375,0.1083],[117.5375,0.1083]]],[[[117.5321,0.1314],[117.5321,0.1314]]],[[[117.5205,0.1499],[117.5205,0.1499]]],[[[117.5137,0.1505],[117.5137,0.1505]]]]},"properties":{"kab":"Kota Bontang","prov":"Kalimantan Timur","n":27,"kj":1,"dd":0,"top":[{"loc":"TBA (Spesifik tidak disebutkan)","n":27,"d":"2026-08-05"}]}},{"type":"Feature","geometry":{"type":"MultiPolygon","coordinates":[[[[121.3701,-4.0895],[121.3679,-4.082],[121.3551,-4.0903],[121.3774,-4.1008],[121.3701,-4.0895]]],[[[121.3375,-4.0769],[121.329,-4.0865],[121.3375,-4.0769]]],[[[121.1027,-3.7453],[121.151,-3.7874],[121.1711,-3.8256],[121.1887,-3.8297],[121.2149,-3.8223],[121.2464,-3.8294],[121.2597,-3.8541],[121.2345,-3.87],[121.2625,-3.8838],[121.2418,-3.9026],[121.2427,-3.9124],[121.2562,-3.9193],[121.2546,-3.9111],[121.2679,-3.91],[121.2704,-3.8971],[121.2773,-3.8963],[121.2735,-3.8899],[121.2903,-3.8793],[121.2832,-3.8847],[121.3003,-3.8893],[121.3148,-3.9173],[121.3178,-3.9431],[121.3493,-3.9908],[121.3732,-4.0027],[121.4145,-3.9984],[121.452,-4.0239],[121.4543,-4.008],[121.5049,-4.018],[121.5553,-4.0451],[121.5626,-4.0385],[121.5876,-4.0513],[121.5912,-4.062],[121.609,-4.0663],[121.6062,-4.1032],[121.6173,-4.151],[121.6077,-4.1621],[121.606,-4.1838],[121.5895,-4.177],[121.5998,-4.1887],[121.5785,-4.2095],[121.5843,-4.2179],[121.5807,-4.2429],[121.5674,-4.2609],[121.5493,-4.2666],[121.5402,-4.2545],[121.5567,-4.2511],[121.5597,-4.2433],[121.5486,-4.249],[121.5349,-4.2398],[121.5257,-4.2505],[121.5337,-4.2831],[121.5166,-4.3552],[121.5251,-4.4027],[121.4955,-4.5126],[121.4772,-4.5491],[121.4705,-4.5915],[121.492,-4.5918],[121.5042,-4.5821],[121.5099,-4.5875],[121.5581,-4.5685],[121.5665,-4.5789],[121.5774,-4.5706],[121.5928,-4.5773],[121.5969,-4.5703],[121.6129,-4.5726],[121.6224,-4.5598],[121.6501,-4.5684],[121.6548,-4.5984],[121.6696,-4.6152],[121.7104,-4.5272],[121.7238,-4.5236],[121.7255,-4.5143],[121.7189,-4.5136],[121.7243,-4.4916],[121.737,-4.4917],[121.7524,-4.4807],[121.7541,-4.4666],[121.7823,-4.4555],[121.793,-4.4318],[121.8114,-4.4158],[121.7969,-4.3897],[121.7828,-4.3909],[121.7265,-4.3566],[121.7016,-4.2933],[121.7394,-4.2887],[121.7733,-4.2944],[121.7531,-4.2698],[121.7407,-4.2671],[121.7343,-4.2521],[121.7459,-4.2436],[121.7479,-4.2193],[121.7393,-4.2033],[121.7804,-4.1808],[121.7733,-4.1448],[121.7636,-4.1326],[121.7799,-4.1115],[121.7844,-4.0537],[121.7559,-4.0429],[121.7256,-4.0532],[121.7321,-4.0379],[121.7275,-4.0271],[121.7006,-4.0149],[121.6806,-3.9886],[121.6547,-3.9771],[121.6723,-3.9313],[121.6568,-3.9098],[121.6368,-3.9089],[121.6061,-3.8766],[121.6017,-3.8632],[121.6092,-3.8211],[121.5964,-3.8189],[121.5774,-3.7966],[121.5588,-3.7949],[121.5358,-3.7604],[121.4883,-3.7249],[121.4587,-3.7193],[121.4501,-3.7079],[121.4258,-3.712],[121.4181,-3.6945],[121.4263,-3.6791],[121.4259,-3.6482],[121.4171,-3.6284],[121.3876,-3.6391],[121.3691,-3.6285],[121.3358,-3.6689],[121.3431,-3.6858],[121.3271,-3.6987],[121.266,-3.6757],[121.2527,-3.6571],[121.133,-3.7095],[121.1027,-3.7453]]],[[[121.2289,-3.911],[121.2289,-3.911]]],[[[121.2255,-3.8685],[121.224,-3.8741],[121.2255,-3.8685]]],[[[121.4906,-4.1928],[121.4685,-4.2075],[121.4721,-4.226],[121.4815,-4.2038],[121.5038,-4.2005],[121.486,-4.201],[121.4906,-4.1928]]],[[[121.4899,-4.1747],[121.485,-4.1614],[121.4837,-4.1744],[121.4899,-4.1747]]],[[[121.4845,-4.1591],[121.4846,-4.1517],[121.4845,-4.1591]]],[[[121.4273,-4.0864],[121.4123,-4.0849],[121.4139,-4.1034],[121.404,-4.1141],[121.3835,-4.1047],[121.3863,-4.1246],[121.3986,-4.1254],[121.4036,-4.1362],[121.3903,-4.1698],[121.4165,-4.1542],[121.4273,-4.1693],[121.4416,-4.1687],[121.4454,-4.1607],[121.4378,-4.1583],[121.4294,-4.1299],[121.4629,-4.1345],[121.4551,-4.1201],[121.4691,-4.115],[121.4665,-4.1057],[121.4498,-4.1028],[121.4397,-4.117],[121.4154,-4.1119],[121.4273,-4.0864]]],[[[121.4791,-4.1172],[121.4826,-4.1218],[121.4791,-4.1172]]],[[[121.4109,-4.0842],[121.4109,-4.0842]]]]},"properties":{"kab":"Kabupaten Kolaka","prov":"Sulawesi Tenggara","n":11,"kj":1,"dd":0,"top":[{"loc":"SDN 3 Watubangga","n":11,"d":"2026-05-09"}]}},{"type":"Feature","geometry":{"type":"MultiPolygon","coordinates":[[[[116.0366,-8.4702],[116.0691,-8.4619],[116.075,-8.4725],[116.0891,-8.4638],[116.1295,-8.4707],[116.1421,-8.4544],[116.1603,-8.4561],[116.1675,-8.4656],[116.1838,-8.463],[116.1998,-8.4785],[116.2145,-8.4802],[116.2224,-8.4567],[116.2671,-8.4506],[116.3459,-8.4088],[116.3824,-8.4101],[116.3851,-8.4214],[116.4063,-8.4345],[116.4236,-8.4111],[116.4199,-8.3899],[116.4674,-8.3303],[116.4699,-8.2736],[116.4937,-8.245],[116.4602,-8.2271],[116.3704,-8.2104],[116.3379,-8.2147],[116.2696,-8.2448],[116.1936,-8.3061],[116.1773,-8.3408],[116.1506,-8.3447],[116.1349,-8.363],[116.123,-8.3591],[116.1191,-8.37],[116.0995,-8.3611],[116.1032,-8.3911],[116.0776,-8.4062],[116.0562,-8.4042],[116.0522,-8.4178],[116.0419,-8.4217],[116.046,-8.4324],[116.032,-8.4469],[116.0366,-8.4702]]],[[[116.0877,-8.3639],[116.0851,-8.3501],[116.0751,-8.3561],[116.0788,-8.3647],[116.0877,-8.3639]]],[[[116.0544,-8.3583],[116.0619,-8.3563],[116.0584,-8.342],[116.0514,-8.3447],[116.0544,-8.3583]]],[[[116.0321,-8.3597],[116.0443,-8.353],[116.0406,-8.339],[116.0283,-8.345],[116.0321,-8.3597]]]]},"properties":{"kab":"Kabupaten Lombok Utara","prov":"Nusa Tenggara Barat","n":30,"kj":1,"dd":0,"top":[{"loc":"SDN 2 Malaka","n":30,"d":"2026-02-11"}]}},{"type":"Feature","geometry":{"type":"Polygon","coordinates":[[[110.8349,-8.2031],[110.9001,-8.2113],[110.8953,-8.1667],[110.9079,-8.1165],[110.9153,-8.1159],[110.9534,-8.0617],[110.9829,-8.0789],[111.0047,-8.0729],[111.0286,-8.08],[111.0651,-8.062],[111.0796,-8.0427],[111.091,-8.0634],[111.1175,-8.0594],[111.1167,-8.0419],[111.135,-8.0212],[111.1256,-7.9703],[111.1448,-7.9523],[111.1402,-7.9372],[111.1544,-7.922],[111.1834,-7.9157],[111.1931,-7.9232],[111.1916,-7.9346],[111.2209,-7.93],[111.2327,-7.9487],[111.2723,-7.9298],[111.2972,-7.8769],[111.2941,-7.8617],[111.3145,-7.8511],[111.3025,-7.837],[111.3056,-7.8232],[111.2971,-7.8016],[111.2819,-7.7846],[111.2889,-7.7415],[111.2724,-7.7374],[111.2565,-7.7461],[111.2445,-7.7405],[111.2365,-7.7503],[111.2124,-7.7225],[111.1908,-7.7115],[111.166,-7.7163],[111.1424,-7.7092],[111.1219,-7.7221],[111.129,-7.7217],[111.1294,-7.7292],[111.1118,-7.7486],[111.1091,-7.7376],[111.0935,-7.7517],[111.0789,-7.7484],[111.0703,-7.7574],[111.0507,-7.7594],[111.0471,-7.7825],[111.0206,-7.76],[110.9996,-7.7671],[110.9801,-7.7619],[110.9673,-7.7706],[110.9747,-7.7531],[110.9594,-7.7339],[110.9414,-7.7397],[110.9357,-7.7802],[110.904,-7.7527],[110.8829,-7.7547],[110.877,-7.7464],[110.8773,-7.7526],[110.8633,-7.754],[110.8523,-7.8179],[110.8328,-7.7953],[110.8065,-7.791],[110.7851,-7.8004],[110.7854,-7.8535],[110.7705,-7.904],[110.7673,-7.9834],[110.7556,-8.0244],[110.7887,-8.1105],[110.7856,-8.1507],[110.804,-8.1624],[110.8147,-8.1378],[110.8308,-8.1368],[110.8158,-8.1528],[110.8139,-8.1797],[110.8227,-8.1816],[110.825,-8.1684],[110.8325,-8.169],[110.8388,-8.1788],[110.8349,-8.2031]]]},"properties":{"kab":"Kabupaten Wonogiri","prov":"Jawa Tengah","n":705,"kj":5,"dd":0,"top":[{"loc":"SMKN 1 Jatiroto","n":235,"d":"2026-05-06"},{"loc":"TBA (Tidak disebutkan)","n":206,"d":"2026-01-12"},{"loc":"Ponpes Baitul Quran","n":131,"d":"2025-09-30"}]}},{"type":"Feature","geometry":{"type":"Polygon","coordinates":[[[110.804,-6.9797],[110.8122,-7.0007],[110.8194,-6.996],[110.8272,-7.0018],[110.8356,-6.9911],[110.8458,-6.9906],[110.8516,-6.9999],[110.8569,-6.9858],[110.8781,-6.9709],[110.8925,-6.9843],[110.9058,-6.9827],[110.9159,-6.9614],[110.9315,-6.9728],[110.9481,-6.9638],[110.9627,-6.9733],[111.0605,-6.9696],[111.0859,-6.9619],[111.08,-6.946],[111.108,-6.914],[111.1186,-6.9092],[111.1367,-6.9203],[111.1438,-6.8995],[111.1628,-6.9089],[111.2015,-6.8966],[111.2031,-6.8746],[111.2219,-6.8691],[111.2259,-6.8497],[111.243,-6.8629],[111.2634,-6.8558],[111.2559,-6.8369],[111.2707,-6.8291],[111.2446,-6.7962],[111.2469,-6.7644],[111.2339,-6.7527],[111.2428,-6.7075],[111.2342,-6.6873],[111.1931,-6.666],[111.1437,-6.6532],[111.1238,-6.6335],[111.0595,-6.5089],[111.0459,-6.4266],[110.9694,-6.4104],[110.9762,-6.4235],[110.9735,-6.4567],[110.9455,-6.4853],[110.9147,-6.4959],[110.9099,-6.5121],[110.9178,-6.5403],[110.9086,-6.5572],[110.9118,-6.6019],[110.8978,-6.6389],[110.909,-6.6486],[110.9252,-6.6917],[110.9353,-6.6979],[110.9379,-6.7104],[110.9321,-6.7207],[110.9256,-6.7146],[110.9251,-6.737],[110.9412,-6.7355],[110.9448,-6.7557],[110.963,-6.7561],[110.977,-6.8333],[110.9466,-6.8592],[110.8826,-6.8673],[110.8828,-6.9052],[110.857,-6.9014],[110.8442,-6.9358],[110.8149,-6.9389],[110.812,-6.9762],[110.804,-6.9797]]]},"properties":{"kab":"Kabupaten Pati","prov":"Jawa Tengah","n":295,"kj":2,"dd":0,"top":[{"loc":"SMPN 1 Gembong","n":273,"d":"2026-09-09"},{"loc":"SMKN 4 Pati","n":22,"d":"2026-02-09"}]}},{"type":"Feature","geometry":{"type":"MultiPolygon","coordinates":[[[[119.7664,-9.9065],[119.7672,-9.9077],[119.7681,-9.9066],[119.7664,-9.9065]]],[[[119.6748,-9.8287],[119.6865,-9.848],[119.6976,-9.8444],[119.7077,-9.8629],[119.7681,-9.8965],[119.7832,-9.9217],[119.8074,-9.9144],[119.8349,-9.9286],[119.8629,-9.9223],[119.8737,-9.9338],[119.8713,-9.9491],[119.8827,-9.9583],[119.9003,-9.9465],[119.905,-9.9502],[119.9051,-9.9735],[119.9313,-9.9809],[119.9499,-9.9744],[119.9542,-9.9844],[119.9475,-9.9986],[119.9946,-10.037],[120.0185,-10.0792],[120.0229,-10.0981],[120.0113,-10.1044],[120.0083,-10.1234],[120.0457,-10.1255],[120.0836,-10.1664],[120.0837,-10.1767],[120.1099,-10.1771],[120.1658,-10.2402],[120.1755,-10.2289],[120.2128,-10.2531],[120.2419,-10.2441],[120.2679,-10.2453],[120.2957,-10.2578],[120.305,-10.2508],[120.3485,-10.2486],[120.3923,-10.2702],[120.454,-10.3152],[120.473,-10.3019],[120.4856,-10.263],[120.5132,-10.2566],[120.5319,-10.24],[120.5674,-10.2387],[120.6081,-10.2538],[120.6234,-10.2487],[120.6403,-10.2289],[120.6853,-10.2244],[120.7392,-10.1902],[120.7514,-10.1621],[120.7709,-10.1429],[120.8162,-10.1245],[120.8416,-10.089],[120.8459,-10.0288],[120.8159,-9.9772],[120.747,-9.9241],[120.7138,-9.9211],[120.6781,-9.8992],[120.6302,-9.8191],[120.6256,-9.7902],[120.6056,-9.769],[120.5981,-9.7334],[120.577,-9.7243],[120.5608,-9.6982],[120.5388,-9.6865],[120.522,-9.692],[120.5052,-9.6866],[120.4781,-9.6261],[120.4639,-9.6147],[120.3878,-9.638],[120.3832,-9.644],[120.389,-9.6484],[120.3646,-9.6441],[120.3225,-9.6704],[120.3109,-9.665],[120.2989,-9.6419],[120.2575,-9.6388],[120.2509,-9.6467],[120.2295,-9.5925],[120.2263,-9.5306],[120.2109,-9.4911],[120.1849,-9.4682],[120.1283,-9.4854],[120.0845,-9.4697],[120.0492,-9.4296],[120.034,-9.3969],[120.0065,-9.3817],[119.9536,-9.3157],[119.936,-9.2761],[119.8914,-9.3263],[119.8648,-9.3435],[119.8764,-9.3713],[119.9088,-9.3827],[119.912,-9.4025],[119.8981,-9.4314],[119.9259,-9.4829],[119.9179,-9.4881],[119.9209,-9.4957],[119.9113,-9.4973],[119.9091,-9.513],[119.8865,-9.5131],[119.8727,-9.5337],[119.8699,-9.5545],[119.8584,-9.5558],[119.8536,-9.5736],[119.8412,-9.5778],[119.846,-9.5983],[119.8407,-9.6019],[119.8528,-9.6136],[119.8457,-9.6588],[119.823,-9.6636],[119.8191,-9.6737],[119.7787,-9.701],[119.7563,-9.7042],[119.7388,-9.726],[119.7497,-9.7333],[119.7254,-9.7537],[119.6879,-9.8244],[119.6748,-9.8287]]],[[[119.7016,-9.8576],[119.7016,-9.8576]]],[[[120.1082,-10.3334],[120.1259,-10.327],[120.1082,-10.3334]]],[[[120.1654,-10.3123],[120.1654,-10.3123]]],[[[120.2126,-10.3048],[120.1716,-10.3168],[120.2021,-10.3219],[120.2136,-10.316],[120.2126,-10.3048]]]]},"properties":{"kab":"Kabupaten Sumba Timur","prov":"Nusa Tenggara Timur","n":29,"kj":1,"dd":0,"top":[{"loc":"SDK Andaluri","n":29,"d":"2025-02-18"}]}},{"type":"Feature","geometry":{"type":"Polygon","coordinates":[[[108.1933,-7.2693],[108.1792,-7.2716],[108.1764,-7.2884],[108.154,-7.2924],[108.1612,-7.3211],[108.1525,-7.3348],[108.1679,-7.3468],[108.1636,-7.3631],[108.174,-7.3928],[108.1847,-7.3955],[108.179,-7.4071],[108.1863,-7.4143],[108.1841,-7.4415],[108.1934,-7.4384],[108.1875,-7.4465],[108.1997,-7.4505],[108.2137,-7.4345],[108.2686,-7.4254],[108.2779,-7.4052],[108.2729,-7.3911],[108.2825,-7.3852],[108.2652,-7.3748],[108.2846,-7.3634],[108.2869,-7.3472],[108.3094,-7.3371],[108.278,-7.3341],[108.2699,-7.3189],[108.2527,-7.3214],[108.2495,-7.313],[108.2021,-7.2865],[108.1933,-7.2693]]]},"properties":{"kab":"Kabupaten Tasikmalaya","prov":"Jawa Barat","n":710,"kj":6,"dd":0,"top":[{"loc":"Beberapa Sekolah TK","n":400,"d":"2025-05-01"},{"loc":"SMAN 1 Cisayong","n":119,"d":"2026-04-08"},{"loc":"SMK Negeri Cipatujah","n":115,"d":"2025-10-02"}]}},{"type":"Feature","geometry":{"type":"Polygon","coordinates":[[[110.4974,-7.3887],[110.5149,-7.3854],[110.5091,-7.378],[110.5154,-7.3629],[110.5283,-7.3651],[110.5351,-7.3534],[110.5167,-7.3201],[110.5222,-7.2912],[110.5023,-7.3022],[110.4971,-7.2885],[110.489,-7.2922],[110.484,-7.286],[110.4663,-7.297],[110.4758,-7.3128],[110.4704,-7.3504],[110.4756,-7.35],[110.4756,-7.3744],[110.4889,-7.3769],[110.4924,-7.3904],[110.4974,-7.3887]]]},"properties":{"kab":"Kota Salatiga","prov":"Jawa Tengah","n":211,"kj":3,"dd":0,"top":[{"loc":"SMP Negeri 8 Salatiga","n":192,"d":"2025-10-03"},{"loc":"TBA (Tidak Disebutkan)","n":12,"d":"2025-10-06"},{"loc":"MAN Kota Salatiga","n":7,"d":"2025-09-22"}]}},{"type":"Feature","geometry":{"type":"Polygon","coordinates":[[[111.529,0.9544],[111.5368,0.9369],[111.561,0.9212],[111.6078,0.9343],[111.6259,0.9232],[111.6436,0.8607],[111.6647,0.846],[111.6765,0.8154],[111.7269,0.7832],[111.7454,0.7578],[111.7434,0.738],[111.7321,0.7348],[111.7179,0.707],[111.7167,0.6723],[111.6874,0.6276],[111.7206,0.5706],[111.7245,0.4593],[111.7014,0.4364],[111.686,0.3775],[111.6448,0.3593],[111.6515,0.3327],[111.6636,0.3422],[111.6762,0.3328],[111.6856,0.3001],[111.6665,0.3013],[111.6671,0.2926],[111.687,0.2649],[111.771,0.2325],[111.7988,0.2364],[111.8409,0.2281],[111.8589,0.1897],[111.8804,0.1793],[111.8994,0.1758],[111.9264,0.1831],[111.9447,0.1679],[111.9688,0.1628],[111.9849,0.1761],[111.9896,0.1914],[112.006,0.1951],[112.0587,0.1798],[112.0592,0.156],[112.0487,0.1344],[112.0938,0.1187],[112.1113,0.0895],[112.1291,0.0876],[112.1394,0.0663],[112.1484,0.0771],[112.145,0.0889],[112.1712,0.0824],[112.1756,0.0936],[112.191,0.0901],[112.1947,0.103],[112.2028,0.0991],[112.2179,0.1148],[112.2658,0.1103],[112.2906,0.0826],[112.3078,0.1012],[112.336,0.1059],[112.3492,0.0954],[112.3934,0.0948],[112.4027,0.1222],[112.3957,0.147],[112.5056,0.1048],[112.5137,0.1248],[112.5049,0.1642],[112.5116,0.1836],[112.5233,0.1872],[112.5405,0.1783],[112.5695,0.2044],[112.6004,0.181],[112.6245,0.1821],[112.6475,0.1674],[112.6286,0.2068],[112.6705,0.2415],[112.753,0.2335],[112.8065,0.1903],[112.8241,0.162],[112.9482,0.1466],[112.9633,0.1506],[112.9755,0.1759],[112.9655,0.2144],[112.9973,0.2534],[113.0133,0.2522],[113.0233,0.268],[113.0465,0.2715],[113.0549,0.2915],[113.075,0.2685],[113.1028,0.2624],[113.1005,0.2307],[113.1313,0.209],[113.1512,0.2352],[113.1948,0.2425],[113.257,0.229],[113.3178,0.268],[113.348,0.2659],[113.3594,0.2761],[113.4073,0.259],[113.4504,0.2635],[113.4927,0.3024],[113.5139,0.3048],[113.5504,0.3299],[113.5628,0.3567],[113.5863,0.3612],[113.5815,0.3984],[113.6288,0.4131],[113.6325,0.424],[113.6517,0.4353],[113.6474,0.4569],[113.6557,0.4613],[113.6668,0.4969],[113.6853,0.4995],[113.6929,0.5176],[113.7148,0.5263],[113.7204,0.5366],[113.7378,0.5389],[113.7518,0.5532],[113.7553,0.57],[113.7981,0.5952],[113.8128,0.577],[113.8255,0.5779],[113.8382,0.602],[113.8511,0.6083],[113.8214,0.6427],[113.8418,0.6577],[113.8345,0.6705],[113.8393,0.6954],[113.8674,0.6988],[113.8772,0.7174],[113.8948,0.726],[113.8999,0.7542],[113.8847,0.7589],[113.8735,0.7833],[113.91,0.8123],[113.9265,0.8414],[113.8709,0.8887],[113.8785,0.8972],[113.8725,0.9176],[113.9135,0.9725],[113.9155,1.0023],[113.8929,1.0201],[113.8896,1.0475],[113.9014,1.0598],[113.9475,1.0603],[113.9627,1.0891],[113.964,1.1131],[113.9828,1.1217],[113.9885,1.1392],[114.0085,1.1434],[114.016,1.1361],[114.0383,1.1455],[114.0526,1.1275],[114.0828,1.1477],[114.0873,1.1587],[114.109,1.1442],[114.1272,1.1535],[114.1337,1.1822],[114.1499,1.1991],[114.136,1.2226],[114.1533,1.2543],[114.1712,1.2663],[114.1616,1.2865],[114.1489,1.2919],[114.1631,1.3091],[114.1649,1.3333],[114.155,1.3744],[114.1781,1.3947],[114.1968,1.3969],[114.2055,1.4102],[114.1911,1.4287],[114.1587,1.442],[114.1408,1.4665],[114.1078,1.4558],[114.0959,1.4668],[114.0779,1.4659],[113.9961,1.444],[113.9747,1.4498],[113.9502,1.4401],[113.9261,1.4123],[113.9101,1.4145],[113.8762,1.3899],[113.8491,1.3889],[113.8449,1.3808],[113.8216,1.3736],[113.8147,1.3663],[113.8302,1.3546],[113.8304,1.3374],[113.8037,1.3004],[113.7556,1.2767],[113.7035,1.2664],[113.6898,1.2424],[113.6667,1.23],[113.6667,1.2184],[113.6505,1.2241],[113.6315,1.2193],[113.6188,1.23],[113.6281,1.2415],[113.6258,1.2524],[113.5972,1.2628],[113.5829,1.3085],[113.56,1.3091],[113.5482,1.3205],[113.4998,1.3181],[113.466,1.304],[113.4528,1.2857],[113.4206,1.2857],[113.3984,1.318],[113.3698,1.3236],[113.3569,1.3578],[113.3351,1.3644],[113.328,1.3753],[113.308,1.3708],[113.2678,1.3877],[113.25,1.3821],[113.2323,1.3944],[113.2196,1.3814],[113.1888,1.3767],[113.161,1.3916],[113.1441,1.3876],[113.1237,1.4287],[113.1055,1.4458],[113.0884,1.4289],[113.0437,1.4241],[113.0185,1.4054],[112.9751,1.4105],[112.9825,1.45],[113.0405,1.4739],[113.0316,1.4928],[113.0498,1.4996],[113.0451,1.5151],[113.0552,1.5265],[113.0707,1.5295],[113.0587,1.5586],[113.0053,1.5691],[112.9993,1.5782],[112.9896,1.579],[112.9837,1.5634],[112.9746,1.563],[112.9568,1.5743],[112.9334,1.5674],[112.9155,1.583],[112.8851,1.5867],[112.8408,1.5382],[112.8292,1.5474],[112.8132,1.54],[112.7746,1.5638],[112.7495,1.5576],[112.7272,1.568],[112.6769,1.5546],[112.6577,1.5714],[112.6325,1.5656],[112.6014,1.5737],[112.5165,1.5758],[112.501,1.5837],[112.446,1.5529],[112.434,1.5272],[112.3936,1.5227],[112.3863,1.5137],[112.3742,1.5166],[112.352,1.5037],[112.3193,1.5076],[112.2782,1.4682],[112.2122,1.4495],[112.2,1.4074],[112.2118,1.4059],[112.2238,1.3922],[112.2323,1.3982],[112.2323,1.3792],[112.2024,1.3142],[112.1787,1.3044],[112.1784,1.2863],[112.1697,1.2766],[112.1739,1.2529],[112.1576,1.2422],[112.1647,1.2099],[112.135,1.1765],[112.1476,1.1627],[112.1429,1.135],[112.0558,1.1372],[112.0178,1.1296],[111.9973,1.1396],[111.987,1.1276],[111.9353,1.1221],[111.929,1.091],[111.9131,1.091],[111.9022,1.0746],[111.8869,1.0787],[111.881,1.0655],[111.886,1.0613],[111.871,1.0451],[111.8776,1.0318],[111.8696,1.0131],[111.8286,0.9862],[111.8193,0.9851],[111.813,0.9989],[111.7781,0.9995],[111.7626,1.0213],[111.7487,1.0085],[111.7174,1.0068],[111.7104,1.0145],[111.7131,1.0253],[111.6952,1.0175],[111.6676,1.0432],[111.6392,1.0308],[111.6399,1.0221],[111.5962,1.0091],[111.5807,0.9925],[111.581,0.979],[111.5488,0.9884],[111.5515,0.9475],[111.529,0.9544]]]},"properties":{"kab":"Kabupaten Kapuas Hulu","prov":"Kalimantan Barat","n":19,"kj":1,"dd":0,"top":[{"loc":"SD Tahfiz Al-Hidayah","n":19,"d":"2025-11-04"}]}},{"type":"Feature","geometry":{"type":"Polygon","coordinates":[[[112.4946,-7.4085],[112.4831,-7.4109],[112.4567,-7.447],[112.5706,-7.4797],[112.6022,-7.5006],[112.6308,-7.5331],[112.6471,-7.5384],[112.6631,-7.5602],[112.6702,-7.5624],[112.684,-7.5466],[112.6892,-7.5517],[112.7057,-7.545],[112.7239,-7.569],[112.7531,-7.5752],[112.832,-7.5524],[112.8456,-7.5775],[112.8778,-7.5638],[112.8676,-7.5517],[112.873,-7.5376],[112.8615,-7.5213],[112.8364,-7.5103],[112.8133,-7.4793],[112.8188,-7.4721],[112.8355,-7.485],[112.8414,-7.4795],[112.8325,-7.384],[112.8405,-7.3305],[112.8125,-7.3464],[112.7568,-7.337],[112.7258,-7.3483],[112.7043,-7.3365],[112.6624,-7.3516],[112.6534,-7.3622],[112.5885,-7.3703],[112.5658,-7.3981],[112.544,-7.4047],[112.5251,-7.3972],[112.4946,-7.4085]]]},"properties":{"kab":"Kabupaten Sidoarjo","prov":"Jawa Timur","n":748,"kj":1,"dd":0,"top":[{"loc":"Ponpes Manba'ul Hikam","n":748,"d":"2026-09-01"}]}},{"type":"Feature","geometry":{"type":"Polygon","coordinates":[[[111.9567,-7.9977],[111.9762,-8.0126],[111.9812,-7.9969],[112.0142,-8.0017],[112.0363,-7.9934],[112.0937,-7.9906],[112.0963,-7.97],[112.1783,-7.9741],[112.2514,-7.9448],[112.3061,-7.9361],[112.326,-7.8735],[112.3182,-7.8615],[112.3194,-7.8391],[112.3076,-7.8387],[112.3069,-7.7994],[112.2878,-7.7707],[112.3286,-7.7773],[112.3495,-7.7616],[112.3822,-7.7851],[112.3962,-7.7854],[112.4173,-7.7645],[112.3964,-7.7757],[112.3017,-7.7268],[112.2527,-7.7262],[112.215,-7.6891],[112.2175,-7.6756],[112.1654,-7.613],[112.121,-7.6065],[112.1105,-7.5931],[112.0984,-7.6441],[112.0759,-7.6788],[112.0763,-7.7015],[112.0591,-7.7235],[112.0272,-7.7257],[112.0223,-7.7619],[112.0022,-7.7523],[111.9974,-7.7291],[111.9822,-7.711],[111.9851,-7.6864],[111.9543,-7.6796],[111.9278,-7.7228],[111.9003,-7.7397],[111.8247,-7.8112],[111.814,-7.813],[111.7992,-7.8366],[111.8027,-7.8657],[111.8304,-7.8774],[111.863,-7.9077],[111.8836,-7.9479],[111.9277,-7.9629],[111.9448,-7.9532],[111.9567,-7.9977]],[[112.0733,-7.8732],[112.0531,-7.8638],[112.0485,-7.8727],[112.0386,-7.8705],[111.9994,-7.8526],[112.008,-7.8404],[111.987,-7.8396],[111.9839,-7.8262],[111.9581,-7.8229],[111.9549,-7.8073],[111.9813,-7.7938],[111.9832,-7.7821],[111.9927,-7.7841],[111.9986,-7.7714],[112.0102,-7.7722],[112.0031,-7.7899],[112.0304,-7.7996],[112.0293,-7.8096],[112.0375,-7.8108],[112.0333,-7.8188],[112.0559,-7.8344],[112.0767,-7.8322],[112.0819,-7.8448],[112.0776,-7.8496],[112.0693,-7.844],[112.0661,-7.8536],[112.0733,-7.8732]]]},"properties":{"kab":"Kota Kediri","prov":"Jawa Timur","n":290,"kj":3,"dd":0,"top":[{"loc":"TK Kusuma Mulya Krandang","n":211,"d":"2026-07-23"},{"loc":"SDN Ketami 1","n":73,"d":"2026-04-22"},{"loc":"TK (Spesifik tidak disebutkan)","n":6,"d":"2026-04-27"}]}},{"type":"Feature","geometry":{"type":"Polygon","coordinates":[[[111.2229,-7.2549],[111.2436,-7.285],[111.287,-7.29],[111.3335,-7.3209],[111.3447,-7.3192],[111.3449,-7.3352],[111.3607,-7.3301],[111.372,-7.3406],[111.4202,-7.3457],[111.433,-7.3652],[111.4625,-7.3781],[111.4561,-7.3673],[111.4599,-7.3535],[111.4449,-7.3611],[111.4418,-7.3511],[111.4497,-7.3432],[111.4627,-7.3455],[111.4462,-7.3371],[111.4576,-7.3216],[111.4236,-7.3102],[111.4422,-7.2885],[111.438,-7.2697],[111.4506,-7.2754],[111.4527,-7.2481],[111.4635,-7.2629],[111.4773,-7.2519],[111.4903,-7.2604],[111.4878,-7.2429],[111.5027,-7.2483],[111.528,-7.2271],[111.5429,-7.2265],[111.5367,-7.2159],[111.5527,-7.2027],[111.5661,-7.2073],[111.5641,-7.1893],[111.5872,-7.1856],[111.5842,-7.1707],[111.5983,-7.1458],[111.6106,-7.1433],[111.6074,-7.1268],[111.6134,-7.1107],[111.6218,-7.1082],[111.6126,-7.0822],[111.6281,-7.0744],[111.6295,-7.0601],[111.6175,-7.0478],[111.6132,-7.0108],[111.6228,-6.9801],[111.5673,-6.9523],[111.5775,-6.9171],[111.5884,-6.9086],[111.5438,-6.909],[111.533,-6.8892],[111.4976,-6.894],[111.4886,-6.8816],[111.4762,-6.8863],[111.4535,-6.8758],[111.4254,-6.8941],[111.4137,-6.8901],[111.4129,-6.8824],[111.3998,-6.8911],[111.3777,-6.8915],[111.348,-6.8863],[111.3301,-6.869],[111.2952,-6.8682],[111.2593,-6.8535],[111.243,-6.8629],[111.2268,-6.8496],[111.2212,-6.8699],[111.2031,-6.8746],[111.2015,-6.8966],[111.1628,-6.9089],[111.1438,-6.8995],[111.1367,-6.9203],[111.1173,-6.909],[111.1039,-6.9172],[111.098,-6.9304],[111.1118,-6.9788],[111.1694,-6.984],[111.218,-7.0305],[111.2161,-7.0967],[111.2266,-7.0976],[111.2492,-7.1771],[111.2432,-7.2387],[111.2229,-7.2549]]]},"properties":{"kab":"Kabupaten Blora","prov":"Jawa Tengah","n":965,"kj":3,"dd":0,"top":[{"loc":"SMPN 1 Blora","n":810,"d":"2025-11-26"},{"loc":"SMAN 1 Tunjungan","n":136,"d":"2026-09-08"},{"loc":"SD Negeri Sendangrejo","n":19,"d":"2026-07-20"}]}},{"type":"Feature","geometry":{"type":"MultiPolygon","coordinates":[[[[103.7776,-4.3374],[103.7776,-4.3374]]],[[[104.1513,-4.4058],[104.1737,-4.4143],[104.1908,-4.406],[104.1951,-4.3955],[104.2178,-4.4016],[104.2403,-4.3322],[104.2208,-4.305],[104.2312,-4.2752],[104.2262,-4.2499],[104.2607,-4.2461],[104.2899,-4.212],[104.3216,-4.2079],[104.3331,-4.1759],[104.3231,-4.1545],[104.3229,-4.1303],[104.3138,-4.1196],[104.3192,-4.0965],[104.3067,-4.0813],[104.3407,-4.0506],[104.351,-4.0126],[104.4093,-3.998],[104.4158,-3.9931],[104.4052,-3.9853],[104.4043,-3.9802],[104.4139,-3.9838],[104.4067,-3.9751],[104.4194,-3.9837],[104.4187,-3.9763],[104.4228,-3.9891],[104.4546,-3.9532],[104.4786,-3.9564],[104.4654,-3.9339],[104.4896,-3.9183],[104.4936,-3.9016],[104.5233,-3.8925],[104.5416,-3.8725],[104.5677,-3.863],[104.5563,-3.8471],[104.5724,-3.8212],[104.5445,-3.7929],[104.5397,-3.7993],[104.5338,-3.789],[104.5182,-3.7942],[104.5188,-3.7888],[104.5011,-3.7852],[104.4537,-3.7449],[104.3973,-3.7663],[104.3876,-3.7607],[104.3608,-3.7712],[104.3367,-3.7601],[104.3235,-3.7724],[104.3076,-3.7746],[104.2882,-3.7552],[104.2799,-3.7673],[104.2479,-3.7813],[104.2438,-3.8222],[104.212,-3.8522],[104.1491,-3.8868],[104.0752,-3.9086],[104.0628,-3.9031],[103.9935,-3.92],[103.9697,-3.8885],[103.9407,-3.8988],[103.9286,-3.9163],[103.8947,-3.9288],[103.8911,-3.9681],[103.8744,-3.9762],[103.8518,-4.0075],[103.8381,-4.0087],[103.821,-4.0301],[103.7918,-4.0447],[103.7742,-4.0745],[103.7324,-4.0878],[103.7018,-4.087],[103.7052,-4.1839],[103.6473,-4.1989],[103.6441,-4.2177],[103.619,-4.2246],[103.6152,-4.2627],[103.6263,-4.2733],[103.7062,-4.2762],[103.7336,-4.2506],[103.7633,-4.2482],[103.7892,-4.2229],[103.7957,-4.2368],[103.8364,-4.237],[103.8377,-4.248],[103.8498,-4.249],[103.8665,-4.2697],[103.87,-4.2846],[103.8897,-4.286],[103.8872,-4.2999],[103.9167,-4.3437],[103.9398,-4.349],[103.9561,-4.3804],[103.9497,-4.3955],[103.959,-4.3989],[103.9742,-4.4377],[103.9699,-4.453],[103.9883,-4.4634],[104.0062,-4.4626],[104.0132,-4.4484],[104.0456,-4.4581],[104.1513,-4.4058]]]]},"properties":{"kab":"Kabupaten Ogan Komering Ulu","prov":"Sumatera Selatan","n":12,"kj":1,"dd":0,"top":[{"loc":"SMPN 9 Ogan Komering Ulu","n":12,"d":"2025-09-23"}]}},{"type":"Feature","geometry":{"type":"MultiPolygon","coordinates":[[[[116.4386,-0.9708],[116.4541,-1.0435],[116.3709,-1.1444],[116.3779,-1.1993],[116.3443,-1.2453],[116.3345,-1.2919],[116.3355,-1.3338],[116.3558,-1.3917],[116.3624,-1.4746],[116.3791,-1.4987],[116.373,-1.5303],[116.3593,-1.5324],[116.3593,-1.5409],[116.3688,-1.5409],[116.3696,-1.5603],[116.4048,-1.5576],[116.4041,-1.5793],[116.4401,-1.5803],[116.4399,-1.5904],[116.4781,-1.5958],[116.4849,-1.5684],[116.5062,-1.5673],[116.5154,-1.5745],[116.529,-1.564],[116.5524,-1.5612],[116.5485,-1.5334],[116.53,-1.5088],[116.5399,-1.4647],[116.5558,-1.4479],[116.6097,-1.4156],[116.7621,-1.3621],[116.7653,-1.3444],[116.7562,-1.329],[116.7632,-1.325],[116.7607,-1.2906],[116.7781,-1.2442],[116.7418,-1.2181],[116.7424,-1.2078],[116.7669,-1.1871],[116.7508,-1.1764],[116.7496,-1.1574],[116.7214,-1.1328],[116.7111,-1.1374],[116.7016,-1.1033],[116.7128,-1.1048],[116.6999,-1.0843],[116.7184,-1.0969],[116.7261,-1.0748],[116.7198,-1.0355],[116.7238,-1.0301],[116.738,-1.0375],[116.7345,-1.025],[116.7462,-1.0142],[116.744,-1.0061],[116.755,-1.0097],[116.7569,-1.0292],[116.7417,-1.047],[116.7375,-1.0678],[116.7404,-1.0738],[116.7597,-1.0733],[116.7829,-1.0428],[116.8006,-1.0506],[116.8265,-1.0205],[116.8739,-1.009],[116.8743,-0.9897],[116.9049,-0.9854],[116.9091,-0.9688],[116.9311,-0.9516],[116.9382,-0.9262],[116.9323,-0.9183],[116.9451,-0.9067],[116.9452,-0.8796],[116.924,-0.8797],[116.9041,-0.8953],[116.8874,-0.8914],[116.8955,-0.8701],[116.884,-0.8506],[116.8672,-0.834],[116.8309,-0.8238],[116.8252,-0.8098],[116.8068,-0.806],[116.7927,-0.8221],[116.7725,-0.8258],[116.7727,-0.8016],[116.7353,-0.8259],[116.7342,-0.8062],[116.7259,-0.8003],[116.7113,-0.8074],[116.6899,-0.7978],[116.6512,-0.8252],[116.6474,-0.8502],[116.6283,-0.8763],[116.5995,-0.8824],[116.5886,-0.8734],[116.591,-0.8643],[116.5683,-0.8599],[116.5722,-0.8312],[116.5641,-0.8127],[116.555,-0.81],[116.5393,-0.8132],[116.532,-0.8262],[116.514,-0.8271],[116.5167,-0.8458],[116.5009,-0.8581],[116.5042,-0.8635],[116.4877,-0.8842],[116.4743,-0.9398],[116.4471,-0.9521],[116.4386,-0.9708]]],[[[116.7126,-1.1338],[116.7166,-1.1287],[116.7126,-1.1338]]],[[[116.7124,-1.1286],[116.7081,-1.1258],[116.7124,-1.1286]]],[[[116.7106,-1.1195],[116.7041,-1.1215],[116.7106,-1.1195]]],[[[116.7203,-1.1115],[116.7145,-1.1133],[116.7165,-1.1244],[116.7275,-1.1337],[116.732,-1.1175],[116.7203,-1.1115]]],[[[116.7241,-1.0909],[116.7269,-1.0811],[116.7241,-1.0909]]],[[[116.7546,-1.1731],[116.7548,-1.1679],[116.7546,-1.1731]]],[[[116.7397,-1.1433],[116.7461,-1.1505],[116.7397,-1.1433]]],[[[116.7317,-1.0794],[116.7334,-1.0711],[116.7317,-1.0794]]],[[[116.7269,-1.036],[116.7216,-1.0356],[116.7271,-1.067],[116.733,-1.0436],[116.7269,-1.036]]],[[[116.7464,-1.0249],[116.7468,-1.0154],[116.736,-1.0255],[116.7464,-1.0249]]]]},"properties":{"kab":"Kabupaten Penajam Paser Utara","prov":"Kalimantan Timur","n":26,"kj":1,"dd":0,"top":[{"loc":"SDN 008 Waru","n":26,"d":"2026-02-12"}]}},{"type":"Feature","geometry":{"type":"Polygon","coordinates":[[[104.7927,-5.1569],[104.7974,-5.1684],[104.8118,-5.1731],[104.8229,-5.1979],[104.8613,-5.2018],[104.8718,-5.2327],[104.8878,-5.2453],[104.9099,-5.2471],[104.9258,-5.2667],[105.0455,-5.2117],[105.058,-5.1951],[105.0409,-5.185],[105.0661,-5.1525],[105.0794,-5.1467],[105.0716,-5.1339],[105.0821,-5.1185],[105.0837,-5.1433],[105.0946,-5.1347],[105.1035,-5.1404],[105.0926,-5.1507],[105.1001,-5.1606],[105.1156,-5.1481],[105.1154,-5.1573],[105.1377,-5.164],[105.1484,-5.1304],[105.1535,-5.1371],[105.166,-5.1354],[105.1905,-5.1218],[105.2267,-5.1544],[105.2238,-5.1688],[105.2415,-5.1678],[105.2554,-5.1787],[105.2831,-5.1758],[105.2868,-5.1694],[105.2796,-5.17],[105.2748,-5.1588],[105.2622,-5.1586],[105.2751,-5.1472],[105.2745,-5.1319],[105.2912,-5.1098],[105.2717,-5.1053],[105.2688,-5.0957],[105.3023,-5.0625],[105.3661,-5.0263],[105.3583,-5.0228],[105.3633,-5.0112],[105.3202,-5.0052],[105.3271,-4.9865],[105.3474,-4.9634],[105.3606,-4.9667],[105.3653,-4.9553],[105.3799,-4.9666],[105.3893,-4.9591],[105.4154,-4.961],[105.3994,-4.9205],[105.4334,-4.8852],[105.4389,-4.8838],[105.4461,-4.9006],[105.4723,-4.8879],[105.4925,-4.8984],[105.5089,-4.8914],[105.5366,-4.8939],[105.5347,-4.8856],[105.5479,-4.8994],[105.553,-4.878],[105.5895,-4.8824],[105.6049,-4.8519],[105.6252,-4.8599],[105.6373,-4.8516],[105.6349,-4.8324],[105.654,-4.808],[105.649,-4.7947],[105.6637,-4.7826],[105.6785,-4.7825],[105.6831,-4.7461],[105.7194,-4.7351],[105.7361,-4.7459],[105.7548,-4.7311],[105.7845,-4.7398],[105.7945,-4.7539],[105.8126,-4.7502],[105.8069,-4.737],[105.8123,-4.7318],[105.8045,-4.7241],[105.8096,-4.7064],[105.8203,-4.7048],[105.8131,-4.6766],[105.8166,-4.65],[105.8043,-4.6538],[105.7814,-4.6343],[105.7789,-4.6233],[105.779,-4.6048],[105.8046,-4.586],[105.7936,-4.5796],[105.7994,-4.5599],[105.7897,-4.5495],[105.7838,-4.5566],[105.771,-4.5529],[105.7733,-4.5323],[105.7581,-4.5317],[105.7519,-4.5215],[105.732,-4.5372],[105.7233,-4.5279],[105.7085,-4.5283],[105.7063,-4.5182],[105.6929,-4.5125],[105.6973,-4.4954],[105.6804,-4.4851],[105.6717,-4.4989],[105.6472,-4.5094],[105.6412,-4.5019],[105.6453,-4.4831],[105.632,-4.4825],[105.6202,-4.5181],[105.6023,-4.5218],[105.5905,-4.5139],[105.5805,-4.5354],[105.5706,-4.5193],[105.5336,-4.5203],[105.535,-4.5091],[105.5103,-4.4916],[105.4971,-4.4948],[105.4915,-4.4825],[105.4782,-4.4968],[105.4719,-4.4898],[105.4647,-4.4966],[105.4516,-4.4926],[105.4438,-4.5028],[105.419,-4.5077],[105.412,-4.5186],[105.4016,-4.5122],[105.369,-4.5218],[105.3537,-4.5387],[105.3534,-4.5506],[105.3398,-4.5531],[105.3281,-4.575],[105.3121,-4.5797],[105.2934,-4.6169],[105.273,-4.6257],[105.2632,-4.6224],[105.2612,-4.6357],[105.2399,-4.6412],[105.2121,-4.6354],[105.2154,-4.5991],[105.196,-4.5943],[105.1989,-4.6028],[105.1797,-4.6001],[105.1706,-4.6198],[105.1801,-4.6402],[105.1663,-4.6678],[105.155,-4.677],[105.1431,-4.6756],[105.1422,-4.7061],[105.124,-4.7238],[105.1215,-4.7632],[105.0699,-4.8622],[105.058,-4.8711],[105.0562,-4.9246],[105.0443,-4.9359],[105.036,-4.964],[104.9964,-4.9494],[104.9946,-4.9382],[105.0099,-4.9155],[104.9834,-4.9241],[104.9679,-4.9216],[104.9643,-4.9135],[104.9324,-4.9196],[104.9044,-4.958],[104.908,-4.977],[104.9023,-4.9853],[104.8826,-4.9896],[104.8755,-4.982],[104.8484,-4.9974],[104.8626,-4.9871],[104.8625,-4.9788],[104.8129,-4.9799],[104.7875,-5.0001],[104.7671,-5.0361],[104.7477,-5.0492],[104.7286,-5.0508],[104.7127,-5.0695],[104.6971,-5.0639],[104.6846,-5.0836],[104.658,-5.0793],[104.6331,-5.0895],[104.5905,-5.0693],[104.574,-5.0736],[104.5658,-5.092],[104.5476,-5.0941],[104.6083,-5.1379],[104.617,-5.1317],[104.6518,-5.1325],[104.6704,-5.1507],[104.6996,-5.1563],[104.7213,-5.125],[104.7507,-5.1181],[104.7528,-5.1279],[104.7882,-5.145],[104.7927,-5.1569]]]},"properties":{"kab":"Kabupaten Lampung Tengah","prov":"Lampung","n":14,"kj":1,"dd":0,"top":[{"loc":"SMA Negeri 1 Punggur","n":14,"d":"2025-10-06"}]}},{"type":"Feature","geometry":{"type":"Polygon","coordinates":[[[112.1105,-7.5931],[112.121,-7.6065],[112.1654,-7.613],[112.2175,-7.6756],[112.215,-7.6891],[112.2527,-7.7262],[112.3017,-7.7268],[112.3964,-7.7757],[112.418,-7.7642],[112.4302,-7.7708],[112.4363,-7.7654],[112.4425,-7.7762],[112.4556,-7.7792],[112.4306,-7.7007],[112.4117,-7.6735],[112.41,-7.645],[112.3904,-7.6507],[112.3834,-7.6436],[112.3873,-7.6143],[112.3717,-7.5717],[112.3753,-7.563],[112.3637,-7.5528],[112.3705,-7.5403],[112.3667,-7.5241],[112.3739,-7.5255],[112.3763,-7.5115],[112.3743,-7.4872],[112.4044,-7.461],[112.3327,-7.4544],[112.3459,-7.4416],[112.3414,-7.4325],[112.353,-7.4129],[112.3319,-7.3797],[112.3458,-7.3451],[112.3078,-7.3518],[112.3117,-7.365],[112.3023,-7.3571],[112.2934,-7.3647],[112.2948,-7.3595],[112.2755,-7.3569],[112.25,-7.3632],[112.2113,-7.3486],[112.1059,-7.3835],[112.0756,-7.384],[112.0626,-7.4173],[112.0809,-7.4522],[112.0795,-7.4736],[112.0981,-7.461],[112.1231,-7.4625],[112.125,-7.4521],[112.1549,-7.4634],[112.1691,-7.4896],[112.1521,-7.5061],[112.1508,-7.5292],[112.1349,-7.5347],[112.1119,-7.5654],[112.1105,-7.5931]],[[112.3298,-7.3482],[112.3298,-7.3482]]]},"properties":{"kab":"Kabupaten Jombang","prov":"Jawa Timur","n":291,"kj":2,"dd":0,"top":[{"loc":"SMPN 1 Kabuh","n":260,"d":"2026-09-02"},{"loc":"Ponpes Sholawat Darut Taubah","n":31,"d":"2026-03-05"}]}},{"type":"Feature","geometry":{"type":"MultiPolygon","coordinates":[[[[121.1612,0.6786],[121.1745,0.6869],[121.1874,0.7213],[121.182,0.7432],[121.1872,0.7591],[121.192,0.7675],[121.2152,0.7736],[121.2186,0.7914],[121.2371,0.8015],[121.2889,0.799],[121.317,0.7851],[121.3631,0.8011],[121.3605,0.8151],[121.3499,0.8215],[121.3488,0.8523],[121.3855,0.8549],[121.4023,0.8435],[121.4168,0.8498],[121.4257,0.8434],[121.4671,0.8483],[121.4773,0.8381],[121.4941,0.8393],[121.5332,0.8533],[121.542,0.8794],[121.5738,0.8705],[121.6035,0.8727],[121.6119,0.8835],[121.6926,0.903],[121.7387,0.9305],[121.8116,0.95],[121.849,0.9796],[121.8512,0.9933],[121.8882,0.9777],[121.9225,0.9275],[121.9391,0.9274],[121.9547,0.9073],[122.0155,0.9091],[122.0176,0.9219],[122.0347,0.9305],[122.0394,0.9445],[122.039,0.9617],[122.0304,0.9526],[122.0173,0.9545],[122.0418,0.9882],[122.0694,1.0048],[122.0889,0.9983],[122.1586,1.0315],[122.1957,1.0386],[122.187,1.0557],[122.1852,1.043],[122.1729,1.0455],[122.1705,1.0338],[122.1632,1.0322],[122.1559,1.0484],[122.1435,1.045],[122.1308,1.0537],[122.1231,1.0446],[122.1191,1.0553],[122.1079,1.0584],[122.1092,1.0677],[122.0764,1.0596],[122.0644,1.064],[122.0703,1.0702],[122.0643,1.0734],[122.0569,1.0727],[122.0598,1.0632],[122.0544,1.0654],[122.0425,1.047],[122.0035,1.036],[121.984,1.0221],[121.954,1.0392],[121.9589,1.0599],[121.9491,1.0565],[121.9492,1.0679],[121.9341,1.079],[121.9343,1.0977],[121.9266,1.1027],[121.8909,1.0913],[121.8812,1.0801],[121.8609,1.0931],[121.8597,1.0848],[121.8483,1.0936],[121.843,1.0862],[121.8243,1.0921],[121.8097,1.0779],[121.7868,1.0822],[121.7639,1.0696],[121.7435,1.0722],[121.7404,1.0615],[121.7296,1.0753],[121.7102,1.0805],[121.703,1.0706],[121.7189,1.0457],[121.7155,1.0391],[121.7057,1.0389],[121.7066,1.0527],[121.684,1.0715],[121.6518,1.0614],[121.6508,1.055],[121.6593,1.0561],[121.6511,1.0396],[121.6467,1.053],[121.6292,1.0603],[121.6008,1.0548],[121.5578,1.0618],[121.5087,1.0878],[121.4311,1.1651],[121.4195,1.1891],[121.4298,1.1983],[121.4335,1.226],[121.4131,1.2352],[121.4204,1.2449],[121.4587,1.2502],[121.4697,1.2647],[121.4687,1.302],[121.4602,1.3083],[121.4349,1.3086],[121.4297,1.2901],[121.4104,1.2786],[121.4047,1.2621],[121.3555,1.2487],[121.3455,1.2511],[121.3423,1.2617],[121.3305,1.2534],[121.3099,1.2564],[121.2687,1.2318],[121.2306,1.2376],[121.1774,1.2688],[121.1697,1.2439],[121.1744,1.2172],[121.1568,1.2178],[121.1515,1.1986],[121.1323,1.1785],[121.1281,1.1305],[121.099,1.1076],[121.0943,1.0887],[121.0593,1.0762],[121.0435,1.0588],[121.0425,1.0461],[121.01,1.0301],[121.0293,1.0],[121.004,0.8818],[121.008,0.8605],[120.9833,0.8321],[121.0001,0.8264],[120.9964,0.8063],[120.9798,0.796],[120.9578,0.8001],[120.9408,0.7833],[120.9237,0.7795],[120.9141,0.7374],[120.8926,0.7405],[120.8804,0.7104],[120.9382,0.6896],[120.9756,0.6905],[121.015,0.7114],[121.0549,0.694],[121.062,0.7052],[121.092,0.7022],[121.1612,0.6786]]],[[[121.3639,1.268],[121.3639,1.268]]],[[[121.7143,1.0444],[121.7143,1.0444]]],[[[121.7142,1.0464],[121.7142,1.0464]]],[[[122.126,1.0535],[122.126,1.0535]]],[[[121.9735,1.071],[121.9639,1.0509],[121.9751,1.0615],[121.9735,1.071]]],[[[121.8103,1.0955],[121.8103,1.0955]]],[[[121.8394,1.1179],[121.8446,1.1244],[121.8345,1.1206],[121.8394,1.1179]]]]},"properties":{"kab":"Kabupaten Buol","prov":"Sulawesi Tengah","n":156,"kj":2,"dd":0,"top":[{"loc":"TK Amanah","n":141,"d":"2026-01-28"},{"loc":"SDN 1 Bokat","n":15,"d":"2026-07-29"}]}},{"type":"Feature","geometry":{"type":"Polygon","coordinates":[[[109.0764,-6.8892],[109.1025,-6.8901],[109.1163,-6.8992],[109.1301,-6.8955],[109.1328,-6.8852],[109.1469,-6.8882],[109.1617,-6.8447],[109.1296,-6.8515],[109.1021,-6.8402],[109.0822,-6.8585],[109.0764,-6.8892]]]},"properties":{"kab":"Kota Tegal","prov":"Jawa Tengah","n":3,"kj":1,"dd":0,"top":[{"loc":"SMP PIUS","n":3,"d":"2026-02-23"}]}},{"type":"Feature","geometry":{"type":"Polygon","coordinates":[[[106.7799,-6.3165],[106.8092,-6.3148],[106.7925,-6.348],[106.7946,-6.3646],[106.8393,-6.3517],[106.8383,-6.3208],[106.8583,-6.3112],[106.8467,-6.279],[106.8564,-6.2727],[106.864,-6.2493],[106.8631,-6.2161],[106.8227,-6.2027],[106.7995,-6.2292],[106.7924,-6.2078],[106.7832,-6.2067],[106.7784,-6.2269],[106.7374,-6.2239],[106.7548,-6.2558],[106.7515,-6.2745],[106.7622,-6.2778],[106.7601,-6.2864],[106.7799,-6.3165]]]},"properties":{"kab":"Jakarta Selatan","prov":"DKI Jakarta","n":3,"kj":1,"dd":0,"top":[{"loc":"TBA (Tidak diumumkan)","n":3,"d":"2025-08-29"}]}},{"type":"Feature","geometry":{"type":"Polygon","coordinates":[[[102.6203,-3.8022],[102.6697,-3.826],[102.6852,-3.8473],[102.6836,-3.8612],[102.7012,-3.8547],[102.7333,-3.8872],[102.749,-3.8912],[102.7529,-3.9064],[102.7701,-3.9102],[102.7929,-3.9601],[102.8172,-3.9675],[102.8179,-3.9789],[102.8454,-3.9772],[102.8615,-3.9929],[102.8672,-3.9865],[102.8872,-3.9886],[102.8953,-3.9756],[102.9119,-3.9696],[102.9629,-4.0201],[103.0099,-4.0148],[103.0348,-4.0204],[103.0423,-4.0118],[103.0599,-4.0157],[103.1236,-4.0065],[103.1069,-3.9743],[103.1085,-3.9324],[103.1212,-3.9005],[103.1193,-3.8682],[103.1381,-3.8163],[103.1319,-3.8028],[103.1072,-3.7947],[103.1098,-3.7835],[103.0882,-3.7652],[103.114,-3.7313],[103.1193,-3.7099],[103.1024,-3.6539],[103.1203,-3.6301],[103.1199,-3.6136],[103.1299,-3.6132],[103.1196,-3.6117],[103.1387,-3.5868],[103.1372,-3.5578],[103.1631,-3.5612],[103.1814,-3.5266],[103.1693,-3.5194],[103.1678,-3.5089],[103.2022,-3.5013],[103.1772,-3.4536],[103.1019,-3.475],[103.0443,-3.4326],[103.0425,-3.4167],[102.9985,-3.4129],[103.0044,-3.4354],[102.9969,-3.4453],[102.9989,-3.4617],[103.0056,-3.4673],[102.9936,-3.4894],[102.9947,-3.5248],[102.9726,-3.5317],[102.9617,-3.5615],[102.9071,-3.6165],[102.8912,-3.6092],[102.8859,-3.5788],[102.8476,-3.5369],[102.8102,-3.5299],[102.8105,-3.5548],[102.7946,-3.5829],[102.8078,-3.6128],[102.79,-3.6602],[102.7732,-3.6776],[102.7781,-3.687],[102.7706,-3.7082],[102.7342,-3.7177],[102.7343,-3.7463],[102.7013,-3.7579],[102.6972,-3.7696],[102.6924,-3.7585],[102.6573,-3.772],[102.6412,-3.7936],[102.6203,-3.8022]]]},"properties":{"kab":"Kabupaten Empat Lawang","prov":"Sumatera Selatan","n":8,"kj":1,"dd":0,"top":[{"loc":"SD Negeri 7 Tebing Tinggi","n":8,"d":"2025-02-18"}]}},{"type":"Feature","geometry":{"type":"Polygon","coordinates":[[[98.2661,2.2636],[98.2773,2.2542],[98.2829,2.1916],[98.3128,2.1596],[98.3624,2.1414],[98.394,2.1171],[98.4379,2.1082],[98.4998,2.0806],[98.5435,2.0828],[98.5642,2.0728],[98.5955,2.0823],[98.6086,2.0603],[98.6088,2.0211],[98.6341,2.0138],[98.6439,1.9989],[98.658,2.0147],[98.6722,2.0108],[98.6793,2.0166],[98.6904,2.0531],[98.7162,2.0757],[98.7147,2.1028],[98.7322,2.1042],[98.7349,2.1136],[98.7253,2.1194],[98.735,2.1211],[98.7349,2.1286],[98.7557,2.1313],[98.7729,2.1416],[98.77,2.1478],[98.841,2.162],[98.8415,2.1675],[98.8212,2.1732],[98.8245,2.1872],[98.8118,2.2019],[98.8119,2.221],[98.8424,2.2119],[98.8635,2.2176],[98.8858,2.2048],[98.877,2.2129],[98.9181,2.2242],[98.945,2.2639],[98.9626,2.2674],[98.9627,2.2771],[98.9492,2.3187],[98.9354,2.3177],[98.9275,2.3269],[98.9205,2.3209],[98.8881,2.3266],[98.8463,2.3433],[98.8498,2.3559],[98.8078,2.374],[98.7964,2.3925],[98.7658,2.4159],[98.7642,2.4281],[98.7512,2.4342],[98.7303,2.4388],[98.6734,2.4062],[98.6188,2.3958],[98.5592,2.4378],[98.5371,2.4405],[98.5239,2.4264],[98.4574,2.4365],[98.4214,2.4764],[98.4093,2.462],[98.3639,2.4587],[98.3488,2.423],[98.2987,2.4175],[98.3075,2.3872],[98.3028,2.3353],[98.2767,2.3389],[98.2525,2.3558],[98.2616,2.3421],[98.2661,2.2636]]]},"properties":{"kab":"Kabupaten Humbang Hasundutan","prov":"Sumatera Utara","n":18,"kj":1,"dd":0,"top":[{"loc":"SMPN 016 Nagasaribu","n":18,"d":"2026-04-01"}]}},{"type":"Feature","geometry":{"type":"Polygon","coordinates":[[[119.6969,-3.3867],[119.7254,-3.3828],[119.7238,-3.3299],[119.7133,-3.3137],[119.7158,-3.2868],[119.7305,-3.294],[119.7704,-3.2742],[119.7739,-3.2454],[119.7817,-3.2376],[119.8151,-3.2455],[119.829,-3.2653],[119.8422,-3.263],[119.8503,-3.2808],[119.8613,-3.2697],[119.878,-3.2697],[119.8819,-3.2568],[119.921,-3.2645],[119.9359,-3.2927],[119.9663,-3.2914],[119.9882,-3.3079],[119.9975,-3.3031],[120.0059,-3.3185],[120.0017,-3.3343],[120.0414,-3.3683],[120.0443,-3.3542],[120.0294,-3.3221],[120.0253,-3.2825],[119.9811,-3.2493],[119.9802,-3.2239],[119.9922,-3.2056],[119.9849,-3.1789],[119.973,-3.1741],[119.9783,-3.1534],[119.9678,-3.1255],[119.9794,-3.1091],[119.9591,-3.1005],[119.9689,-3.0691],[119.9372,-3.0684],[119.9269,-3.0495],[119.895,-3.045],[119.8954,-3.027],[119.8783,-3.0211],[119.8572,-3.0538],[119.832,-3.0101],[119.8187,-3.0275],[119.8025,-3.0236],[119.8129,-3.0097],[119.8123,-2.9875],[119.8079,-2.9595],[119.7966,-2.9451],[119.7743,-2.9395],[119.7502,-2.9541],[119.7216,-2.9559],[119.6998,-2.9241],[119.6825,-2.9253],[119.6748,-2.915],[119.6904,-2.8707],[119.6868,-2.8539],[119.6965,-2.845],[119.6916,-2.8231],[119.6741,-2.8049],[119.6848,-2.7765],[119.6752,-2.7687],[119.6817,-2.7562],[119.6555,-2.7589],[119.6146,-2.7506],[119.6087,-2.7392],[119.59,-2.7417],[119.578,-2.7536],[119.5856,-2.7637],[119.5755,-2.771],[119.5678,-2.7984],[119.579,-2.8366],[119.5661,-2.8789],[119.55,-2.8976],[119.5766,-2.9502],[119.5646,-2.9943],[119.5952,-3.0633],[119.6198,-3.0797],[119.6369,-3.1278],[119.6055,-3.1184],[119.5984,-3.1281],[119.5729,-3.1312],[119.573,-3.1447],[119.5361,-3.1393],[119.5157,-3.171],[119.4819,-3.1898],[119.4703,-3.1909],[119.462,-3.1814],[119.445,-3.1911],[119.432,-3.1674],[119.3938,-3.1989],[119.3741,-3.195],[119.3697,-3.2043],[119.3901,-3.2191],[119.4037,-3.2468],[119.4199,-3.2478],[119.4321,-3.2617],[119.4363,-3.2851],[119.4577,-3.2838],[119.4706,-3.2935],[119.4761,-3.2883],[119.5012,-3.3156],[119.5207,-3.3094],[119.519,-3.2795],[119.5287,-3.2745],[119.558,-3.2696],[119.5797,-3.2883],[119.6023,-3.2823],[119.6156,-3.2868],[119.6205,-3.3021],[119.6474,-3.3237],[119.6426,-3.3354],[119.6543,-3.3434],[119.6511,-3.3626],[119.6672,-3.3681],[119.6842,-3.3896],[119.6969,-3.3867]]]},"properties":{"kab":"Kabupaten Tana Toraja","prov":"Sulawesi Selatan","n":173,"kj":1,"dd":0,"top":[{"loc":"SMP Negeri 1 Makale","n":173,"d":"2026-09-02"}]}},{"type":"Feature","geometry":{"type":"MultiPolygon","coordinates":[[[[109.1781,0.034],[109.1685,0.0285],[109.159,-0.0399],[109.1878,-0.0906],[109.1818,-0.1011],[109.1896,-0.1368],[109.1814,-0.1944],[109.1972,-0.2175],[109.172,-0.2318],[109.1329,-0.2383],[109.1196,-0.2597],[109.0897,-0.2735],[109.0868,-0.2841],[109.1135,-0.3298],[109.1143,-0.3428],[109.1016,-0.3457],[109.0976,-0.3619],[109.1166,-0.4368],[109.1131,-0.4955],[109.1201,-0.5245],[109.1421,-0.5621],[109.1686,-0.5725],[109.1914,-0.5657],[109.1872,-0.5525],[109.2017,-0.5516],[109.2273,-0.572],[109.2259,-0.5881],[109.2526,-0.6051],[109.2583,-0.5994],[109.2517,-0.5886],[109.2631,-0.601],[109.3151,-0.5942],[109.3239,-0.588],[109.324,-0.5739],[109.3333,-0.5723],[109.3277,-0.5881],[109.3742,-0.5846],[109.3889,-0.609],[109.4154,-0.6313],[109.4622,-0.6252],[109.4742,-0.6147],[109.4817,-0.6259],[109.495,-0.6244],[109.5162,-0.642],[109.5265,-0.6373],[109.5566,-0.6538],[109.5844,-0.6508],[109.5834,-0.6778],[109.596,-0.6936],[109.6125,-0.6831],[109.6323,-0.6889],[109.6573,-0.6713],[109.6753,-0.6955],[109.6671,-0.7005],[109.6981,-0.717],[109.6719,-0.7401],[109.6772,-0.7465],[109.6706,-0.7553],[109.6315,-0.7524],[109.6354,-0.7969],[109.662,-0.8067],[109.6784,-0.8291],[109.7132,-0.8293],[109.7209,-0.8491],[109.7171,-0.8679],[109.7468,-0.863],[109.7504,-0.8752],[109.7389,-0.8829],[109.75,-0.8943],[109.8008,-0.8703],[109.7927,-0.8559],[109.7994,-0.8427],[109.8128,-0.8464],[109.8293,-0.8326],[109.8408,-0.8407],[109.8555,-0.8244],[109.8642,-0.8321],[109.8935,-0.8228],[109.8948,-0.8028],[109.9317,-0.7823],[109.9398,-0.7293],[109.9324,-0.7195],[109.9037,-0.7327],[109.887,-0.7259],[109.8786,-0.7138],[109.8835,-0.6914],[109.8591,-0.6584],[109.8426,-0.6621],[109.8365,-0.6769],[109.8207,-0.6752],[109.8183,-0.6842],[109.8082,-0.669],[109.8187,-0.6373],[109.8535,-0.6171],[109.8658,-0.5943],[109.8798,-0.5886],[109.885,-0.5539],[109.9199,-0.5316],[109.9448,-0.5021],[109.9658,-0.4971],[109.9587,-0.4868],[109.9719,-0.4784],[109.9719,-0.4634],[109.9461,-0.4438],[109.9675,-0.4457],[109.9725,-0.4363],[109.9294,-0.413],[109.9243,-0.3717],[109.9295,-0.3569],[109.9524,-0.3515],[109.9354,-0.3206],[109.9708,-0.2812],[109.9515,-0.26],[109.9547,-0.2458],[109.9444,-0.2281],[109.9475,-0.1415],[109.921,-0.1473],[109.9061,-0.1373],[109.9037,-0.1075],[109.8781,-0.0861],[109.8485,-0.0389],[109.8428,0.004],[109.8853,0.042],[109.8764,0.077],[109.8488,0.0859],[109.8255,0.081],[109.8159,0.0894],[109.8016,0.0876],[109.7981,0.0788],[109.7858,0.0875],[109.7653,0.0776],[109.7502,0.0927],[109.7312,0.0763],[109.6998,0.0984],[109.702,0.0888],[109.6898,0.0822],[109.6957,0.0633],[109.6768,0.0667],[109.6735,0.0563],[109.6713,0.0714],[109.6665,0.0604],[109.6588,0.0646],[109.6673,0.055],[109.6558,0.0563],[109.6619,0.0401],[109.6493,0.0504],[109.6561,0.0354],[109.6422,0.0397],[109.6444,0.0512],[109.6336,0.0494],[109.6287,0.0454],[109.6348,0.0321],[109.6287,0.0366],[109.6203,0.0231],[109.6135,0.0343],[109.6127,0.0188],[109.6044,0.0351],[109.5941,0.0236],[109.5913,0.0393],[109.5729,0.0376],[109.5681,0.0314],[109.5894,0.0193],[109.5873,0.0084],[109.5811,0.0138],[109.5712,0.0077],[109.5811,-0.005],[109.5685,-0.0038],[109.564,-0.0143],[109.5643,0.0011],[109.5459,-0.0002],[109.5503,-0.0113],[109.5049,-0.0324],[109.5128,-0.0095],[109.5085,0.0103],[109.5216,0.0376],[109.4954,0.0902],[109.5031,0.092],[109.5114,0.1165],[109.5014,0.138],[109.5072,0.1445],[109.4879,0.1664],[109.493,0.2009],[109.4885,0.2149],[109.4599,0.22],[109.459,0.2289],[109.4362,0.2298],[109.4262,0.2166],[109.3793,0.2116],[109.3678,0.1967],[109.3701,0.0989],[109.3799,0.0786],[109.3805,0.0484],[109.3643,0.0429],[109.3644,0.0365],[109.3761,-0.0231],[109.3832,-0.0251],[109.3741,-0.0333],[109.385,-0.0533],[109.366,-0.0602],[109.3428,-0.0981],[109.3219,-0.0942],[109.2742,-0.0299],[109.2857,-0.0184],[109.2872,0.0059],[109.1781,0.034]]],[[[109.1285,-0.2024],[109.1017,-0.2106],[109.091,-0.2066],[109.0727,-0.22],[109.0582,-0.2156],[109.058,-0.2732],[109.0963,-0.3325],[109.1037,-0.3303],[109.1001,-0.3076],[109.0833,-0.2878],[109.0833,-0.2701],[109.117,-0.2574],[109.1324,-0.2364],[109.1717,-0.2311],[109.1931,-0.2188],[109.177,-0.2075],[109.1586,-0.2109],[109.1285,-0.2024]]],[[[109.102,-0.2071],[109.102,-0.2071]]],[[[109.0712,-0.196],[109.0692,-0.1906],[109.0642,-0.1953],[109.0712,-0.196]]],[[[109.1279,-0.1762],[109.1027,-0.1686],[109.0865,-0.1841],[109.0922,-0.1932],[109.1347,-0.1965],[109.1607,-0.2081],[109.1727,-0.2017],[109.1604,-0.1885],[109.1279,-0.1762]]],[[[109.0838,-0.1687],[109.0832,-0.1743],[109.0949,-0.1722],[109.0838,-0.1687]]],[[[109.1592,-0.1852],[109.1272,-0.1464],[109.126,-0.1669],[109.1592,-0.1852]]],[[[109.1255,-0.1516],[109.1132,-0.1172],[109.0937,-0.1304],[109.0894,-0.1502],[109.1132,-0.1664],[109.1236,-0.1688],[109.1255,-0.1516]]],[[[109.1787,-0.1184],[109.1654,-0.092],[109.1621,-0.0584],[109.1242,-0.1045],[109.1306,-0.1391],[109.1763,-0.1945],[109.1865,-0.1418],[109.1787,-0.1184]]],[[[109.12,-0.1166],[109.1231,-0.1032],[109.12,-0.1166]]],[[[109.1736,-0.103],[109.1711,-0.0876],[109.1736,-0.103]]],[[[109.3648,-0.8756],[109.3601,-0.8691],[109.3368,-0.8711],[109.3269,-0.8932],[109.3078,-0.887],[109.305,-0.9043],[109.3354,-0.9218],[109.4058,-0.9324],[109.4176,-0.9159],[109.403,-0.9055],[109.3999,-0.8921],[109.3648,-0.8756]]],[[[109.2711,-0.8704],[109.3017,-0.9015],[109.3107,-0.8846],[109.3267,-0.893],[109.3362,-0.8709],[109.3603,-0.8687],[109.3709,-0.8804],[109.3827,-0.8808],[109.3965,-0.8672],[109.41,-0.8729],[109.4386,-0.8528],[109.4555,-0.8655],[109.5522,-0.8849],[109.5631,-0.8985],[109.5811,-0.8975],[109.5918,-0.9057],[109.6125,-0.9723],[109.6396,-0.977],[109.6496,-0.9993],[109.6824,-1.0143],[109.6935,-0.9917],[109.7215,-0.9736],[109.721,-0.913],[109.7459,-0.8995],[109.736,-0.8813],[109.7482,-0.8731],[109.7405,-0.8628],[109.7178,-0.8723],[109.7104,-0.832],[109.6761,-0.8321],[109.6595,-0.8112],[109.6223,-0.8002],[109.5939,-0.7737],[109.5602,-0.7633],[109.5537,-0.744],[109.5094,-0.7394],[109.4664,-0.7549],[109.4017,-0.7106],[109.3561,-0.7144],[109.3081,-0.7029],[109.265,-0.6653],[109.2486,-0.6612],[109.237,-0.7988],[109.2444,-0.8304],[109.2711,-0.8704]]],[[[109.3801,-0.6565],[109.35,-0.6521],[109.3621,-0.6743],[109.4055,-0.6747],[109.3801,-0.6565]]],[[[109.3075,-0.6123],[109.3075,-0.6123]]],[[[109.3109,-0.6103],[109.3109,-0.6103]]],[[[109.3005,-0.5949],[109.286,-0.5996],[109.2813,-0.6132],[109.3069,-0.6016],[109.3005,-0.5949]]],[[[109.3339,-0.5765],[109.3251,-0.5743],[109.3243,-0.5821],[109.3339,-0.5765]]],[[[109.4108,-0.8736],[109.3969,-0.8677],[109.3834,-0.8806],[109.4206,-0.913],[109.4323,-0.8967],[109.4214,-0.8754],[109.4108,-0.8736]]],[[[109.5277,-0.7005],[109.4919,-0.6997],[109.4831,-0.7174],[109.4621,-0.7209],[109.4447,-0.7084],[109.464,-0.7313],[109.5405,-0.7316],[109.5592,-0.7152],[109.5277,-0.7005]]],[[[109.4521,-0.6714],[109.4119,-0.6742],[109.4547,-0.7051],[109.4581,-0.7188],[109.483,-0.7166],[109.4827,-0.7062],[109.4966,-0.7016],[109.4521,-0.6714]]],[[[109.4886,-0.6851],[109.4836,-0.6875],[109.4974,-0.6947],[109.4886,-0.6851]]],[[[109.4899,-0.6272],[109.4738,-0.6236],[109.4583,-0.636],[109.4742,-0.6426],[109.4879,-0.6623],[109.4966,-0.6615],[109.491,-0.6743],[109.4727,-0.6708],[109.4994,-0.6943],[109.5467,-0.7031],[109.5829,-0.6862],[109.5838,-0.6532],[109.5464,-0.6553],[109.5421,-0.6464],[109.5286,-0.6468],[109.5249,-0.6391],[109.5173,-0.6448],[109.4899,-0.6272]]],[[[109.3657,-0.6179],[109.3576,-0.6191],[109.3512,-0.6356],[109.3601,-0.6533],[109.3749,-0.6491],[109.4064,-0.6727],[109.4234,-0.6675],[109.4363,-0.6743],[109.4414,-0.6665],[109.4768,-0.6857],[109.4493,-0.6602],[109.3657,-0.6179]]],[[[109.4537,-0.6342],[109.4318,-0.6342],[109.4274,-0.6425],[109.4908,-0.6735],[109.4947,-0.664],[109.4537,-0.6342]]],[[[109.5847,-0.7393],[109.5741,-0.7343],[109.5676,-0.7585],[109.6016,-0.7691],[109.6249,-0.7954],[109.6349,-0.7918],[109.626,-0.7513],[109.5847,-0.7393]]],[[[109.6939,-0.7164],[109.6699,-0.716],[109.6628,-0.7261],[109.6476,-0.7193],[109.6422,-0.7324],[109.6059,-0.7342],[109.6078,-0.7449],[109.6696,-0.7526],[109.6751,-0.7451],[109.6704,-0.7402],[109.6915,-0.7267],[109.6939,-0.7164]]],[[[109.5704,-0.7334],[109.5772,-0.7247],[109.5687,-0.7123],[109.5522,-0.732],[109.5676,-0.7438],[109.5704,-0.7334]]],[[[109.5772,-0.7161],[109.5706,-0.712],[109.5774,-0.729],[109.6054,-0.7442],[109.6067,-0.7266],[109.5942,-0.716],[109.5772,-0.7161]]],[[[109.6589,-0.7006],[109.5855,-0.7073],[109.5787,-0.7165],[109.5961,-0.7153],[109.6086,-0.7302],[109.6403,-0.7313],[109.6473,-0.7178],[109.6626,-0.7251],[109.6683,-0.7156],[109.688,-0.7132],[109.6796,-0.7024],[109.6589,-0.7006]]],[[[109.6674,-0.6873],[109.6561,-0.672],[109.6324,-0.6902],[109.614,-0.6844],[109.5978,-0.6953],[109.5738,-0.6921],[109.5522,-0.7077],[109.5612,-0.7121],[109.6706,-0.6987],[109.6674,-0.6873]]]]},"properties":{"kab":"Kabupaten Kubu Raya","prov":"Kalimantan Barat","n":17,"kj":2,"dd":0,"top":[{"loc":"SDN 23 Sungai Ambawang","n":12,"d":"2026-04-24"},{"loc":"SDN 08 Sungai Raya","n":5,"d":"2025-02-25"}]}},{"type":"Feature","geometry":{"type":"Polygon","coordinates":[[[112.4075,-7.4792],[112.4081,-7.4917],[112.4151,-7.4942],[112.428,-7.4808],[112.4353,-7.4875],[112.4438,-7.4819],[112.4498,-7.4934],[112.4508,-7.4817],[112.4605,-7.4829],[112.4681,-7.4552],[112.4576,-7.4569],[112.4551,-7.4474],[112.4329,-7.4601],[112.4158,-7.4573],[112.4075,-7.4792]]]},"properties":{"kab":"Kabupaten Mojokerto","prov":"Jawa Timur","n":859,"kj":2,"dd":0,"top":[{"loc":"Ponpes An-Nur","n":780,"d":"2026-01-10"},{"loc":"TK Kartika","n":79,"d":"2026-04-09"}]}},{"type":"Feature","geometry":{"type":"MultiPolygon","coordinates":[[[[107.2127,-3.3158],[107.2108,-3.3208],[107.2127,-3.3158]]],[[[107.2207,-3.3062],[107.2207,-3.3062]]],[[[107.3668,-3.0619],[107.3668,-3.0619]]],[[[107.3583,-3.0576],[107.3583,-3.0576]]],[[[107.3914,-3.054],[107.3914,-3.054]]],[[[107.3838,-3.0563],[107.3842,-3.0438],[107.3838,-3.0563]]],[[[107.1456,-3.0394],[107.1513,-3.0329],[107.1456,-3.0394]]],[[[107.1717,-3.0241],[107.1656,-3.0329],[107.1717,-3.0241]]],[[[107.185,-3.0182],[107.185,-3.0182]]],[[[107.271,-3.0028],[107.2697,-2.9973],[107.271,-3.0028]]],[[[107.2396,-2.9897],[107.2254,-2.9981],[107.2321,-3.0009],[107.2396,-2.9897]]],[[[107.1068,-2.99],[107.1068,-2.99]]],[[[107.1299,-2.9859],[107.1342,-2.9817],[107.1299,-2.9859]]],[[[107.4268,-2.9731],[107.4268,-2.9731]]],[[[107.2313,-2.9633],[107.2221,-2.9674],[107.2313,-2.9633]]],[[[107.4683,-2.9278],[107.4633,-2.9241],[107.4322,-2.9394],[107.4251,-2.9576],[107.4367,-2.9543],[107.4274,-2.9708],[107.4341,-2.9716],[107.4286,-2.9738],[107.4368,-2.985],[107.4529,-2.982],[107.4655,-2.9669],[107.4586,-2.9623],[107.4716,-2.9459],[107.4683,-2.9278]]],[[[107.4286,-2.9463],[107.4286,-2.9463]]],[[[107.4307,-2.9371],[107.4307,-2.9371]]],[[[107.4317,-2.9259],[107.4317,-2.9259]]],[[[107.4288,-2.9303],[107.4716,-2.9049],[107.464,-2.8973],[107.4762,-2.891],[107.4772,-2.8596],[107.4863,-2.8505],[107.465,-2.8508],[107.4795,-2.8446],[107.4684,-2.8228],[107.4223,-2.8273],[107.3804,-2.8491],[107.367,-2.8654],[107.3787,-2.8773],[107.3713,-2.8865],[107.3518,-2.8782],[107.3389,-2.8822],[107.3577,-2.8914],[107.3659,-2.909],[107.4121,-2.946],[107.4241,-2.9314],[107.4125,-2.9292],[107.4102,-2.9203],[107.4288,-2.9303]]],[[[107.3391,-2.8599],[107.3391,-2.8599]]],[[[107.4189,-2.7917],[107.3823,-2.801],[107.398,-2.8048],[107.4019,-2.8135],[107.3715,-2.8233],[107.4002,-2.8341],[107.4329,-2.8203],[107.4189,-2.7917]]],[[[107.3727,-2.8045],[107.366,-2.8054],[107.3727,-2.8045]]],[[[107.5673,-3.2377],[107.5658,-3.2468],[107.5673,-3.2377]]],[[[107.5258,-3.1923],[107.5162,-3.1972],[107.519,-3.2545],[107.539,-3.2386],[107.5508,-3.2151],[107.5518,-3.2024],[107.5258,-3.1923]]],[[[107.5648,-3.0534],[107.5648,-3.0534]]],[[[107.5572,-3.0542],[107.5551,-3.0386],[107.5572,-3.0542]]],[[[107.5038,-3.0348],[107.4989,-3.0255],[107.4881,-3.0301],[107.4915,-3.0514],[107.5038,-3.0348]]],[[[107.5493,-3.0388],[107.5443,-3.0244],[107.5408,-3.0324],[107.5493,-3.0388]]],[[[107.501,-3.0002],[107.5073,-3.0221],[107.501,-3.0002]]],[[[107.503,-2.9987],[107.503,-2.9987]]],[[[107.5334,-2.9712],[107.5161,-2.972],[107.5248,-3.0052],[107.5334,-2.9712]]],[[[107.505,-2.9755],[107.4982,-2.9749],[107.507,-2.999],[107.505,-2.9755]]],[[[107.5823,-2.9826],[107.5823,-2.9826]]],[[[107.5597,-2.9801],[107.5597,-2.9801]]],[[[107.5148,-2.9618],[107.5157,-2.9701],[107.5296,-2.9665],[107.5148,-2.9618]]],[[[107.5329,-2.9597],[107.5371,-2.9646],[107.5329,-2.9597]]],[[[107.5186,-2.9501],[107.5186,-2.9501]]],[[[107.5178,-2.9338],[107.514,-2.9432],[107.5288,-2.9509],[107.5178,-2.9338]]],[[[107.4867,-2.9349],[107.486,-2.9202],[107.4794,-2.9338],[107.483,-2.9438],[107.4867,-2.9349]]],[[[107.9393,-2.5729],[107.9274,-2.5603],[107.9197,-2.5723],[107.9035,-2.5771],[107.8964,-2.5667],[107.834,-2.5544],[107.8266,-2.542],[107.8333,-2.5315],[107.8165,-2.5265],[107.7972,-2.5457],[107.7654,-2.5571],[107.7295,-2.5568],[107.7189,-2.5471],[107.6862,-2.5647],[107.6683,-2.5552],[107.6583,-2.5596],[107.6442,-2.5881],[107.6286,-2.5955],[107.6279,-2.606],[107.6432,-2.6156],[107.646,-2.6288],[107.6375,-2.6327],[107.6408,-2.6452],[107.6308,-2.6497],[107.6255,-2.6901],[107.612,-2.7025],[107.6289,-2.7174],[107.6225,-2.7459],[107.6394,-2.7471],[107.6052,-2.7639],[107.6119,-2.7674],[107.6004,-2.7829],[107.613,-2.7806],[107.581,-2.7964],[107.5988,-2.8141],[107.5987,-2.8576],[107.529,-2.9209],[107.5307,-2.9369],[107.5594,-2.9249],[107.5655,-2.931],[107.5863,-2.9121],[107.6151,-2.9132],[107.5983,-2.9366],[107.598,-2.9561],[107.5839,-2.9831],[107.5685,-2.984],[107.5607,-3.0002],[107.5798,-3.0458],[107.5826,-3.0866],[107.5949,-3.1067],[107.608,-3.1081],[107.626,-3.1289],[107.6293,-3.1429],[107.5924,-3.197],[107.5846,-3.1962],[107.608,-3.2441],[107.6219,-3.2346],[107.64,-3.2387],[107.6723,-3.2086],[107.7087,-3.193],[107.7669,-3.1917],[107.7868,-3.175],[107.8029,-3.1767],[107.8367,-3.1569],[107.8323,-3.1395],[107.8491,-3.1202],[107.8105,-3.0856],[107.8482,-3.0594],[107.8641,-3.0349],[107.8642,-3.0178],[107.8438,-3.0035],[107.8337,-3.0089],[107.8233,-2.9924],[107.7905,-2.9738],[107.7865,-2.9577],[107.7643,-2.9437],[107.7522,-2.9057],[107.7595,-2.9007],[107.7474,-2.888],[107.7839,-2.8619],[107.8239,-2.8797],[107.8716,-2.8778],[107.849,-2.8241],[107.8662,-2.8027],[107.9173,-2.7953],[107.9336,-2.8],[107.9842,-2.777],[107.9694,-2.7616],[107.9654,-2.736],[107.9556,-2.74],[107.9451,-2.7326],[107.9513,-2.7201],[107.9454,-2.7094],[107.9067,-2.7122],[107.8791,-2.6921],[107.8957,-2.6514],[107.8951,-2.6329],[107.9274,-2.6214],[107.9461,-2.5987],[107.9393,-2.5729]]],[[[107.5045,-2.8432],[107.4838,-2.8638],[107.491,-2.8763],[107.5045,-2.8432]]],[[[107.4716,-2.8461],[107.4716,-2.8461]]],[[[107.4741,-2.8334],[107.4741,-2.8334]]],[[[107.4931,-2.822],[107.4782,-2.8252],[107.4863,-2.8437],[107.4936,-2.8275],[107.5059,-2.8254],[107.4931,-2.822]]],[[[107.5891,-2.8282],[107.5891,-2.8282]]],[[[107.5965,-2.7816],[107.5965,-2.7816]]],[[[107.5653,-2.7809],[107.5666,-2.7812],[107.5664,-2.7801],[107.5653,-2.7809]]],[[[107.5352,-2.7788],[107.5302,-2.7822],[107.5391,-2.7823],[107.5352,-2.7788]]],[[[107.6023,-2.7693],[107.6023,-2.7693]]],[[[107.602,-2.767],[107.5998,-2.7669],[107.5991,-2.7679],[107.602,-2.767]]],[[[107.6083,-3.1118],[107.6083,-3.1118]]],[[[107.6294,-2.7493],[107.6289,-2.7485],[107.6254,-2.7491],[107.6294,-2.7493]]],[[[107.6097,-2.7456],[107.6097,-2.7456]]],[[[107.6264,-2.5662],[107.6264,-2.5662]]],[[[107.6222,-2.5361],[107.6222,-2.5361]]],[[[107.7021,-3.3402],[107.7021,-3.3402]]],[[[107.6758,-3.2416],[107.6758,-3.2416]]],[[[107.6456,-2.5607],[107.6456,-2.5607]]],[[[107.67,-2.5498],[107.67,-2.5498]]],[[[107.651,-2.5458],[107.653,-2.5509],[107.651,-2.5458]]],[[[107.7307,-3.353],[107.7242,-3.3519],[107.7307,-3.353]]],[[[107.7307,-3.2724],[107.7307,-3.2724]]],[[[107.765,-3.2509],[107.7592,-3.25],[107.765,-3.2509]]],[[[107.7555,-3.2487],[107.7555,-3.2487]]],[[[107.8506,-3.1014],[107.8396,-3.1087],[107.8555,-3.1268],[107.8627,-3.1067],[107.8506,-3.1014]]],[[[107.9089,-2.5714],[107.9089,-2.5714]]],[[[107.8635,-2.5396],[107.858,-2.5484],[107.8707,-2.5445],[107.8635,-2.5396]]],[[[107.9223,-2.5416],[107.9223,-2.5416]]],[[[107.9174,-2.54],[107.9174,-2.54]]],[[[107.8441,-2.5357],[107.8441,-2.5357]]],[[[107.8417,-2.5325],[107.8368,-2.5345],[107.8417,-2.5325]]],[[[107.8096,-2.5254],[107.811,-2.5257],[107.8106,-2.5243],[107.8096,-2.5254]]]]},"properties":{"kab":"Kabupaten Belitung","prov":"Bangka Belitung","n":30,"kj":1,"dd":0,"top":[{"loc":"SDN 23 Tanjungpandan","n":30,"d":"2026-05-04"}]}},{"type":"Feature","geometry":{"type":"Polygon","coordinates":[[[114.8646,-2.5282],[114.9164,-2.5231],[114.9251,-2.5038],[114.9547,-2.5097],[114.9985,-2.4991],[115.1351,-2.5401],[115.1612,-2.5521],[115.1547,-2.5546],[115.2485,-2.5325],[115.2956,-2.5098],[115.3411,-2.4687],[115.3565,-2.4963],[115.3823,-2.5051],[115.3926,-2.4889],[115.3869,-2.4811],[115.3941,-2.4768],[115.3982,-2.4448],[115.3126,-2.4005],[115.3187,-2.3552],[115.3406,-2.3509],[115.3487,-2.3399],[115.301,-2.3411],[115.2862,-2.3469],[115.2819,-2.3596],[115.2138,-2.3402],[115.1542,-2.3031],[115.1255,-2.2946],[115.107,-2.3056],[115.0891,-2.3486],[115.0736,-2.3507],[114.9864,-2.402],[114.9349,-2.4416],[114.9193,-2.4642],[114.8743,-2.4972],[114.8587,-2.5231],[114.8646,-2.5282]]]},"properties":{"kab":"Kabupaten Hulu Sungai Utara","prov":"Kalimantan Selatan","n":61,"kj":1,"dd":0,"top":[{"loc":"SMKN 1 Amuntai","n":61,"d":"2026-04-23"}]}},{"type":"Feature","geometry":{"type":"MultiPolygon","coordinates":[[[[136.0114,-2.7059],[136.0137,-2.7182],[135.9805,-2.7541],[135.98,-2.765],[135.9675,-2.7644],[135.9457,-2.7832],[135.9616,-2.795],[135.9469,-2.8326],[135.9268,-2.8595],[135.9058,-2.8694],[135.913,-2.8975],[135.9295,-2.8841],[135.9378,-2.9444],[135.9291,-2.9396],[135.9237,-2.9609],[135.9128,-2.9635],[135.9074,-2.9769],[135.8926,-2.9746],[135.8943,-2.99],[135.8746,-2.987],[135.8739,-2.9975],[135.8641,-2.9915],[135.8624,-3.0007],[135.8273,-3.0134],[135.8179,-3.0382],[135.8,-3.0499],[135.7776,-3.0613],[135.7578,-3.0495],[135.7304,-3.0675],[135.7297,-3.0751],[135.7681,-3.0879],[135.7668,-3.1106],[135.7615,-3.0989],[135.7494,-3.1176],[135.7185,-3.1276],[135.6955,-3.1531],[135.6483,-3.1684],[135.6418,-3.1621],[135.6122,-3.1799],[135.5841,-3.2141],[135.584,-3.2359],[135.5732,-3.2339],[135.5567,-3.2567],[135.5545,-3.2632],[135.5663,-3.2674],[135.5574,-3.3013],[135.5033,-3.3562],[135.4655,-3.3748],[135.4127,-3.3679],[135.3497,-3.3877],[135.3416,-3.3974],[135.2357,-3.3754],[135.1979,-3.3814],[135.1521,-3.3707],[135.1126,-3.3818],[135.0977,-3.3721],[135.088,-3.3457],[135.07,-3.3343],[135.0509,-3.329],[135.0098,-3.3386],[134.9649,-3.308],[134.9452,-3.2837],[134.9533,-3.2707],[134.9526,-3.2487],[134.9636,-3.2486],[134.9602,-3.2256],[134.95,-3.2232],[134.9569,-3.2448],[134.9438,-3.2472],[134.9262,-3.2378],[134.9172,-3.2443],[134.9349,-3.272],[134.9195,-3.2621],[134.888,-3.2587],[134.8777,-3.2468],[134.8611,-3.25],[134.8637,-3.2308],[134.8752,-3.2257],[134.8696,-3.2224],[134.8725,-3.2063],[134.8671,-3.204],[134.8604,-3.227],[134.8511,-3.2054],[134.8549,-3.1948],[134.8495,-3.1923],[134.8649,-3.1825],[134.8625,-3.1591],[134.8316,-3.1248],[134.8239,-3.1346],[134.8003,-3.1309],[134.8155,-3.1195],[134.8079,-3.119],[134.81,-3.1041],[134.8185,-3.106],[134.8136,-3.0816],[134.8253,-3.0866],[134.8296,-3.0994],[134.8382,-3.0954],[134.8296,-3.0941],[134.8192,-3.0678],[134.8113,-3.0647],[134.8177,-3.0526],[134.811,-3.0375],[134.8187,-3.0118],[134.8528,-3.0026],[134.8315,-2.968],[134.8332,-2.9598],[134.8494,-2.9544],[134.8417,-2.9406],[134.8523,-2.9165],[134.8462,-2.8985],[134.8528,-2.8862],[134.8422,-2.8941],[134.8293,-2.879],[134.8235,-2.9007],[134.8326,-2.9119],[134.8237,-2.9179],[134.8042,-2.9115],[134.8033,-2.9323],[134.8191,-2.9356],[134.8176,-2.941],[134.7973,-2.9514],[134.7772,-2.9413],[134.7779,-2.9827],[134.7698,-2.9904],[134.7398,-2.9905],[134.7291,-2.9808],[134.691,-2.9708],[134.6906,-2.9346],[134.6736,-2.9223],[134.6809,-2.8901],[134.6884,-2.8957],[134.6673,-2.8664],[134.6616,-2.8368],[134.6646,-2.7851],[134.6565,-2.773],[134.6614,-2.7563],[134.6381,-2.7573],[134.6214,-2.7901],[134.5867,-2.7953],[134.5853,-2.8027],[134.6089,-2.907],[134.6037,-2.9244],[134.6206,-2.9634],[134.6113,-2.9644],[134.6115,-2.9789],[134.6308,-3.0447],[134.6281,-3.0752],[134.6171,-3.083],[134.6329,-3.1151],[134.6146,-3.1141],[134.6088,-3.1277],[134.6146,-3.1375],[134.6425,-3.143],[134.6466,-3.1663],[134.6704,-3.1706],[134.6708,-3.1894],[134.6821,-3.2038],[134.6825,-3.2577],[134.6935,-3.2908],[134.705,-3.2926],[134.727,-3.3167],[134.728,-3.3618],[134.7519,-3.3704],[134.7605,-3.3878],[134.7672,-3.3783],[134.8098,-3.3694],[134.8327,-3.3861],[134.847,-3.384],[134.8639,-3.4028],[134.8687,-3.4242],[134.9172,-3.4387],[134.9261,-3.4565],[134.9249,-3.4765],[134.9388,-3.4882],[134.957,-3.4902],[134.9642,-3.5107],[134.9765,-3.5139],[134.9882,-3.5307],[134.9863,-3.5422],[135.0068,-3.5522],[134.9919,-3.5639],[134.9896,-3.5842],[135.0102,-3.5825],[135.0143,-3.5988],[135.0352,-3.6002],[135.0499,-3.6107],[135.0721,-3.5842],[135.1326,-3.5811],[135.1394,-3.6111],[135.1744,-3.5736],[135.2028,-3.5849],[135.1826,-3.6051],[135.1909,-3.6142],[135.1885,-3.6251],[135.1595,-3.6323],[135.1287,-3.6889],[135.1013,-3.6831],[135.0685,-3.6934],[135.051,-3.6888],[135.0414,-3.7115],[135.0181,-3.7187],[135.0403,-3.7609],[135.0334,-3.7678],[135.0362,-3.7814],[135.2721,-3.8391],[135.2854,-3.8236],[135.3001,-3.8239],[135.2876,-3.8087],[135.2918,-3.8033],[135.3137,-3.8194],[135.3047,-3.8599],[135.3624,-3.8627],[135.3862,-3.8851],[135.4118,-3.8935],[135.4233,-3.8755],[135.4447,-3.8647],[135.4568,-3.8783],[135.4954,-3.8892],[135.5301,-3.9323],[135.5527,-3.9307],[135.5665,-3.9466],[135.583,-3.9273],[135.6239,-3.9333],[135.6501,-3.9214],[135.6763,-3.9033],[135.684,-3.8833],[135.696,-3.8794],[135.7053,-3.8904],[135.7681,-3.9102],[135.8353,-3.9028],[135.8501,-3.8916],[135.9078,-3.8972],[135.9209,-3.9109],[135.9546,-3.9153],[135.9712,-3.8924],[136.0112,-3.9027],[136.0408,-3.8543],[136.06,-3.8861],[136.0814,-3.8923],[136.1029,-3.911],[136.1192,-3.9039],[136.1271,-3.8875],[136.1263,-3.8568],[136.1168,-3.8566],[136.1016,-3.8067],[136.1157,-3.7797],[136.1168,-3.7438],[136.1023,-3.7313],[136.094,-3.7384],[136.0782,-3.7362],[136.0676,-3.7233],[136.0263,-3.7058],[136.0154,-3.6908],[136.0006,-3.6271],[135.9904,-3.6206],[136.0192,-3.5557],[136.0516,-3.5453],[136.0554,-3.5293],[136.0908,-3.5039],[136.1031,-3.4699],[136.1289,-3.4785],[136.1511,-3.4655],[136.1595,-3.4438],[136.1544,-3.3644],[136.1581,-3.3558],[136.1701,-3.3572],[136.1824,-3.3458],[136.18,-3.3194],[136.1869,-3.3022],[136.212,-3.2963],[136.222,-3.3108],[136.2399,-3.2978],[136.2478,-3.3025],[136.2819,-3.2718],[136.3173,-3.2534],[136.3182,-3.2293],[136.3063,-3.1969],[136.3245,-3.1761],[136.3244,-3.1489],[136.3143,-3.1327],[136.3348,-3.0992],[136.3329,-3.0747],[136.3243,-3.067],[136.3354,-3.0542],[136.3254,-3.0548],[136.3313,-3.0491],[136.3229,-3.0362],[136.3292,-3.0314],[136.3192,-3.0249],[136.3196,-3.0137],[136.3101,-3.0178],[136.3111,-3.0011],[136.2975,-2.9865],[136.3054,-2.9533],[136.3198,-2.9398],[136.3056,-2.9305],[136.3047,-2.9365],[136.3098,-2.9203],[136.2966,-2.9213],[136.3004,-2.9127],[136.2886,-2.9104],[136.297,-2.9042],[136.2879,-2.8999],[136.2945,-2.8807],[136.2792,-2.8855],[136.28,-2.8711],[136.2659,-2.8874],[136.2732,-2.8786],[136.2606,-2.8673],[136.2654,-2.8508],[136.2535,-2.8561],[136.2447,-2.8503],[136.2514,-2.8622],[136.2428,-2.8612],[136.2464,-2.8417],[136.2381,-2.8356],[136.2293,-2.8414],[136.231,-2.8292],[136.2222,-2.8338],[136.2292,-2.8225],[136.2188,-2.8175],[136.2177,-2.8072],[136.202,-2.8098],[136.2045,-2.8006],[136.1884,-2.7984],[136.1835,-2.8103],[136.1807,-2.7926],[136.1631,-2.7996],[136.1623,-2.7884],[136.1537,-2.7941],[136.1465,-2.7835],[136.1437,-2.7973],[136.1385,-2.7869],[136.1442,-2.7734],[136.0889,-2.7794],[136.0498,-2.771],[136.0575,-2.7544],[136.0441,-2.7439],[136.0533,-2.7415],[136.048,-2.7205],[136.0114,-2.7059]]],[[[134.8431,-3.0559],[134.8361,-3.0639],[134.8431,-3.0559]]],[[[134.836,-3.0216],[134.829,-3.0266],[134.8373,-3.0323],[134.8318,-3.0414],[134.8411,-3.0435],[134.8363,-3.0502],[134.8451,-3.0448],[134.836,-3.0216]]],[[[134.8562,-2.9914],[134.8562,-2.9914]]],[[[134.8234,-2.8786],[134.8234,-2.8786]]],[[[134.8211,-2.6828],[134.8066,-2.6862],[134.8059,-2.713],[134.8378,-2.7247],[134.8625,-2.7088],[134.8472,-2.6873],[134.8211,-2.6828]]],[[[134.8831,-2.5462],[134.8831,-2.5462]]],[[[134.8642,-2.275],[134.8642,-2.275]]],[[[135.0804,-3.2154],[135.0804,-3.2154]]],[[[134.8964,-3.1634],[134.8964,-3.1634]]],[[[135.0557,-3.0075],[135.0557,-3.0075]]],[[[134.9612,-2.3934],[134.9612,-2.3934]]],[[[135.6607,-3.1528],[135.6549,-3.1548],[135.6607,-3.1528]]],[[[135.5899,-3.0991],[135.5806,-3.1009],[135.5858,-3.1052],[135.5899,-3.0991]]],[[[135.5951,-3.0983],[135.6028,-3.0962],[135.5951,-3.0983]]],[[[135.6068,-3.0963],[135.6068,-3.0963]]],[[[135.5605,-3.0895],[135.5605,-3.0895]]],[[[135.6166,-3.0719],[135.6102,-3.0705],[135.6171,-3.0802],[135.6127,-3.0957],[135.6189,-3.0974],[135.6259,-3.0778],[135.6166,-3.0719]]],[[[135.581,-3.0926],[135.5922,-3.0728],[135.5726,-3.088],[135.581,-3.0926]]],[[[135.7317,-2.9349],[135.7266,-2.9391],[135.7317,-2.9349]]],[[[135.7088,-2.9334],[135.7327,-2.921],[135.7372,-2.9142],[135.7256,-2.9115],[135.6859,-2.9276],[135.6723,-2.9418],[135.7088,-2.9334]]],[[[135.7676,-3.1077],[135.7622,-3.1059],[135.7676,-3.1077]]],[[[135.7806,-3.0562],[135.7806,-3.0562]]],[[[135.7951,-3.0456],[135.7951,-3.0456]]],[[[135.7991,-3.034],[135.7701,-3.0453],[135.7737,-3.0579],[135.792,-3.048],[135.7991,-3.034]]],[[[135.8724,-2.9976],[135.8662,-2.9896],[135.8724,-2.9976]]],[[[135.8852,-2.9896],[135.8806,-2.9845],[135.8852,-2.9896]]],[[[135.8906,-2.9838],[135.8823,-2.9834],[135.8927,-2.9895],[135.8906,-2.9838]]],[[[135.8911,-2.9833],[135.8887,-2.9762],[135.8911,-2.9833]]],[[[135.9088,-2.973],[135.8989,-2.9748],[135.9088,-2.973]]],[[[135.7759,-2.937],[135.7302,-2.941],[135.7256,-2.9585],[135.7099,-2.9596],[135.7097,-2.9735],[135.731,-2.9827],[135.7414,-2.9688],[135.7564,-2.9656],[135.7447,-2.9604],[135.7737,-2.9588],[135.79,-2.9436],[135.7953,-2.9458],[135.7903,-2.9503],[135.7992,-2.9483],[135.8063,-2.9433],[135.8024,-2.9374],[135.7759,-2.937]]],[[[135.9092,-2.8805],[135.9009,-2.878],[135.905,-2.8902],[135.9092,-2.8805]]]]},"properties":{"kab":"Kabupaten Nabire","prov":"Papua Tengah","n":14,"kj":2,"dd":0,"top":[{"loc":"TK Grasia","n":7,"d":"2026-03-13"},{"loc":"SD Inpres Oyehe","n":7,"d":"2026-04-16"}]}},{"type":"Feature","geometry":{"type":"MultiPolygon","coordinates":[[[[120.8185,-8.8353],[120.8375,-8.8292],[120.8493,-8.8341],[120.8727,-8.886],[120.931,-8.9328],[120.9663,-8.9464],[120.9785,-8.9432],[121.0011,-8.9559],[121.0572,-8.9477],[121.075,-8.9309],[121.1379,-8.9013],[121.1153,-8.8737],[121.1229,-8.8503],[121.1394,-8.84],[121.1204,-8.8015],[121.1202,-8.7839],[121.0979,-8.76],[121.1126,-8.7656],[121.1039,-8.7496],[121.1167,-8.7405],[121.1111,-8.7161],[121.1279,-8.7024],[121.1269,-8.6869],[121.109,-8.6818],[121.1126,-8.6769],[121.1011,-8.6618],[121.1095,-8.6464],[121.1355,-8.6427],[121.1412,-8.6306],[121.1411,-8.6046],[121.1293,-8.5921],[121.1422,-8.5513],[121.1576,-8.5474],[121.1618,-8.5357],[121.1861,-8.5355],[121.1922,-8.5257],[121.1932,-8.5062],[121.1616,-8.4799],[121.18,-8.4597],[121.1732,-8.4411],[121.1627,-8.4438],[121.1421,-8.4251],[121.1143,-8.4284],[121.0642,-8.4108],[121.0238,-8.4157],[121.0102,-8.3921],[120.997,-8.3959],[120.9844,-8.3743],[120.9758,-8.3832],[120.963,-8.3708],[120.9658,-8.3625],[120.9791,-8.3687],[120.984,-8.3495],[120.9446,-8.3443],[120.9536,-8.3725],[120.9458,-8.3715],[120.9418,-8.3496],[120.9258,-8.3543],[120.9352,-8.3728],[120.917,-8.3817],[120.9127,-8.4098],[120.9273,-8.4188],[120.9292,-8.4294],[120.917,-8.4349],[120.9113,-8.4534],[120.922,-8.4755],[120.9055,-8.4792],[120.9072,-8.4859],[120.8933,-8.4966],[120.8519,-8.5047],[120.8451,-8.5161],[120.8578,-8.5452],[120.8571,-8.5694],[120.8819,-8.6041],[120.879,-8.6123],[120.8886,-8.6264],[120.8835,-8.6394],[120.8914,-8.6502],[120.8744,-8.6973],[120.8446,-8.7088],[120.8563,-8.7478],[120.8435,-8.7629],[120.8455,-8.7826],[120.8401,-8.7922],[120.8344,-8.7894],[120.8246,-8.8203],[120.8108,-8.8283],[120.8185,-8.8353]]],[[[121.0223,-8.3996],[121.0223,-8.3996]]],[[[121.0102,-8.3686],[121.0001,-8.3787],[120.9902,-8.374],[120.9969,-8.391],[121.0197,-8.3853],[121.009,-8.3809],[121.0165,-8.3702],[121.0102,-8.3686]]],[[[121.0312,-8.4067],[121.0312,-8.4067]]],[[[121.061,-8.3889],[121.061,-8.3889]]],[[[121.0585,-8.3834],[121.0585,-8.3834]]],[[[121.0921,-8.4115],[121.0921,-8.4115]]],[[[121.0897,-8.4031],[121.0897,-8.4031]]],[[[121.078,-8.3901],[121.0831,-8.3941],[121.078,-8.3901]]],[[[121.0973,-8.3919],[121.0973,-8.3919]]],[[[121.0715,-8.3893],[121.0715,-8.3893]]]]},"properties":{"kab":"Kabupaten Ngada","prov":"Nusa Tenggara Timur","n":24,"kj":1,"dd":0,"top":[{"loc":"Kecamatan Inere","n":24,"d":"2026-03-03"}]}},{"type":"Feature","geometry":{"type":"Polygon","coordinates":[[[96.7865,4.94],[96.8442,4.8981],[96.8462,4.8821],[96.9126,4.8741],[96.9554,4.8588],[97.001,4.8647],[97.0111,4.905],[97.0213,4.9125],[97.0465,4.9054],[97.0789,4.9098],[97.1008,4.8987],[97.1209,4.9095],[97.1456,4.9103],[97.2427,4.8735],[97.2802,4.8264],[97.28,4.8076],[97.2522,4.758],[97.2733,4.7567],[97.2954,4.7416],[97.3186,4.7371],[97.3375,4.7784],[97.3501,4.7794],[97.3541,4.7719],[97.3639,4.7841],[97.3621,4.7678],[97.3865,4.7696],[97.3884,4.7609],[97.4237,4.7553],[97.42,4.7678],[97.3999,4.7675],[97.4057,4.795],[97.4187,4.79],[97.4075,4.7856],[97.4114,4.7807],[97.4352,4.7875],[97.4286,4.8061],[97.4376,4.812],[97.4352,4.8205],[97.4571,4.8222],[97.4428,4.8329],[97.4583,4.8463],[97.477,4.8393],[97.4878,4.8521],[97.4887,4.8676],[97.5117,4.8831],[97.4968,4.8753],[97.5066,4.8907],[97.4925,4.887],[97.4985,4.8992],[97.4907,4.907],[97.4833,4.9028],[97.4878,4.9102],[97.4735,4.9144],[97.4794,4.9203],[97.4655,4.917],[97.4736,4.9241],[97.4673,4.9305],[97.4719,4.948],[97.4877,4.9419],[97.5045,4.9583],[97.4846,4.9608],[97.5,4.9644],[97.4995,4.9765],[97.491,4.9798],[97.5079,4.9958],[97.5047,5.011],[97.4934,5.0152],[97.5145,5.0305],[97.5082,5.0442],[97.5,5.0383],[97.5056,5.0465],[97.4976,5.0502],[97.5132,5.0507],[97.5063,5.0611],[97.5131,5.0659],[97.5152,5.057],[97.515,5.0725],[97.4984,5.0688],[97.4994,5.0783],[97.4919,5.0718],[97.4956,5.0853],[97.4843,5.0784],[97.4778,5.086],[97.481,5.0985],[97.4676,5.0938],[97.4728,5.1035],[97.4596,5.1123],[97.4782,5.1273],[97.4683,5.1325],[97.4658,5.1535],[97.4816,5.1491],[97.4873,5.1613],[97.4982,5.159],[97.4992,5.1718],[97.4874,5.1687],[97.4909,5.1788],[97.4854,5.1812],[97.4873,5.1881],[97.5008,5.188],[97.4966,5.2025],[97.4874,5.1998],[97.4889,5.2095],[97.4943,5.2065],[97.49,5.2143],[97.4994,5.2126],[97.4973,5.2209],[97.4794,5.2432],[97.2437,5.1552],[97.1763,5.1421],[97.1777,5.0837],[97.1521,5.0804],[97.1465,5.092],[97.1306,5.0909],[97.122,5.1052],[97.1011,5.1135],[97.1087,5.1287],[97.0845,5.1451],[97.0864,5.1572],[97.0655,5.1621],[97.0486,5.199],[97.0268,5.197],[97.0262,5.2089],[97.0387,5.2157],[97.0365,5.2286],[97.0459,5.2423],[97.0366,5.2465],[97.0385,5.2379],[97.0287,5.2443],[97.0331,5.2504],[96.9762,5.2626],[96.9098,5.2521],[96.9146,5.2244],[96.9081,5.2221],[96.9169,5.2226],[96.9109,5.2156],[96.9251,5.2104],[96.9162,5.2062],[96.9111,5.188],[96.8914,5.179],[96.8912,5.1519],[96.8781,5.1366],[96.8757,5.1172],[96.8336,5.0888],[96.838,5.0619],[96.8202,5.0381],[96.821,4.9954],[96.7865,4.94]]]},"properties":{"kab":"Kabupaten Aceh Utara","prov":"Nanggroe Aceh Darussalam","n":3,"kj":1,"dd":0,"top":[{"loc":"SDN 6 Matangkuli","n":3,"d":"2025-09-29"}]}},{"type":"Feature","geometry":{"type":"Polygon","coordinates":[[[108.398,-6.7951],[108.4184,-6.7819],[108.4473,-6.7825],[108.4559,-6.7991],[108.4675,-6.7914],[108.4778,-6.7991],[108.5126,-6.7914],[108.505,-6.8229],[108.5118,-6.8293],[108.5081,-6.852],[108.5248,-6.8581],[108.523,-6.8701],[108.5365,-6.8684],[108.5376,-6.8775],[108.5795,-6.8988],[108.621,-6.9104],[108.654,-6.9025],[108.6658,-6.9172],[108.6553,-6.9362],[108.6694,-6.9404],[108.6832,-6.9237],[108.684,-6.9319],[108.7155,-6.9438],[108.7256,-6.9627],[108.7174,-6.9939],[108.7366,-7.0063],[108.742,-6.995],[108.7605,-6.988],[108.7627,-6.9627],[108.7572,-6.9582],[108.7634,-6.9406],[108.7528,-6.922],[108.7667,-6.9023],[108.7612,-6.8961],[108.7709,-6.8956],[108.7787,-6.8748],[108.7829,-6.8844],[108.7929,-6.8801],[108.8247,-6.8323],[108.8254,-6.8028],[108.8326,-6.8002],[108.8274,-6.767],[108.835,-6.7568],[108.8468,-6.7575],[108.8382,-6.7511],[108.845,-6.7376],[108.8237,-6.7394],[108.8244,-6.7476],[108.8037,-6.7592],[108.8107,-6.7735],[108.7959,-6.7918],[108.7503,-6.8154],[108.6861,-6.8001],[108.6766,-6.7664],[108.6526,-6.7467],[108.6424,-6.7641],[108.6264,-6.7695],[108.6025,-6.7632],[108.5911,-6.7433],[108.5872,-6.75],[108.5702,-6.7501],[108.5604,-6.7559],[108.5445,-6.7964],[108.5296,-6.7792],[108.5372,-6.7608],[108.5186,-6.7373],[108.536,-6.7251],[108.5488,-6.7256],[108.5429,-6.6965],[108.5479,-6.7012],[108.5629,-6.6904],[108.539,-6.5161],[108.5028,-6.534],[108.487,-6.5593],[108.475,-6.5584],[108.47,-6.5681],[108.4541,-6.5731],[108.4433,-6.5647],[108.4468,-6.5321],[108.4311,-6.5204],[108.3609,-6.5548],[108.3286,-6.5984],[108.3236,-6.6208],[108.346,-6.625],[108.3367,-6.6717],[108.3523,-6.679],[108.3689,-6.7022],[108.3583,-6.714],[108.3702,-6.7332],[108.3588,-6.7507],[108.399,-6.7736],[108.3923,-6.7886],[108.398,-6.7951]]]},"properties":{"kab":"Kota Cirebon","prov":"Jawa Barat","n":34,"kj":3,"dd":0,"top":[{"loc":"SDN 2 Setu Wetan","n":20,"d":"2025-11-04"},{"loc":"SDN Kesenden","n":13,"d":"2025-10-22"},{"loc":"SMAN 1 Jamblang","n":1,"d":"2026-03-10"}]}},{"type":"Feature","geometry":{"type":"Polygon","coordinates":[[[96.5731,4.9477],[96.5984,4.9385],[96.6165,4.9556],[96.6758,4.9494],[96.6716,4.9382],[96.6894,4.9008],[96.6911,4.8377],[96.7084,4.8188],[96.6997,4.8013],[96.7015,4.779],[96.6865,4.7684],[96.6836,4.7557],[96.7025,4.7446],[96.7106,4.7526],[96.7468,4.7126],[96.7874,4.7128],[96.799,4.6898],[96.8033,4.6943],[96.8091,4.6728],[96.822,4.6869],[96.8242,4.668],[96.8703,4.6702],[96.8796,4.6615],[96.9198,4.6539],[97.0207,4.6439],[97.0508,4.6032],[97.1475,4.5791],[97.1696,4.5781],[97.2322,4.6042],[97.3125,4.6046],[97.3038,4.6222],[97.2913,4.6263],[97.2757,4.6285],[97.2612,4.6177],[97.2586,4.6612],[97.3015,4.6622],[97.3287,4.7107],[97.3196,4.7367],[97.2954,4.7416],[97.2733,4.7567],[97.2522,4.758],[97.2821,4.8163],[97.2427,4.8735],[97.1387,4.9119],[97.1008,4.8987],[97.0789,4.9098],[97.0465,4.9054],[97.0237,4.9127],[97.0111,4.905],[97.001,4.8647],[96.9554,4.8588],[96.9126,4.8741],[96.8462,4.8821],[96.8442,4.8981],[96.7787,4.9515],[96.746,4.966],[96.682,4.972],[96.6662,4.9603],[96.6296,4.9687],[96.5731,4.9477]]]},"properties":{"kab":"Kabupaten Bener Meriah","prov":"Nanggroe Aceh Darussalam","n":16,"kj":1,"dd":0,"top":[{"loc":"SDN Bukit Mulie","n":16,"d":"2026-09-02"}]}},{"type":"Feature","geometry":{"type":"Polygon","coordinates":[[[107.4768,-7.2546],[107.4932,-7.2587],[107.504,-7.2497],[107.5202,-7.2569],[107.5336,-7.248],[107.5465,-7.2575],[107.5574,-7.2515],[107.5824,-7.2768],[107.5992,-7.283],[107.6076,-7.3093],[107.6577,-7.2898],[107.6676,-7.3012],[107.6962,-7.2823],[107.7101,-7.2967],[107.7269,-7.2977],[107.731,-7.2947],[107.7225,-7.2889],[107.7367,-7.2759],[107.7377,-7.2641],[107.7101,-7.2483],[107.7062,-7.2379],[107.7253,-7.2114],[107.7211,-7.1984],[107.7374,-7.1727],[107.7647,-7.1557],[107.7879,-7.1616],[107.8073,-7.1427],[107.8102,-7.1004],[107.8338,-7.0899],[107.8355,-7.0679],[107.8838,-7.0514],[107.9245,-7.0532],[107.9376,-7.0424],[107.9276,-7.0333],[107.9101,-7.0359],[107.9064,-6.9902],[107.8894,-6.9825],[107.9162,-6.9682],[107.9174,-6.9532],[107.8613,-6.9676],[107.831,-6.9642],[107.8287,-6.9716],[107.7814,-6.9551],[107.7529,-6.9552],[107.7589,-6.8998],[107.741,-6.8549],[107.75,-6.8128],[107.725,-6.8335],[107.7034,-6.8403],[107.6898,-6.8299],[107.6611,-6.832],[107.6247,-6.8589],[107.6324,-6.8894],[107.6543,-6.8948],[107.6701,-6.884],[107.6688,-6.8921],[107.6807,-6.8895],[107.7,-6.9083],[107.7077,-6.8898],[107.7146,-6.8904],[107.7149,-6.904],[107.726,-6.8951],[107.7382,-6.9],[107.7133,-6.9468],[107.7161,-6.9613],[107.706,-6.9666],[107.5834,-6.9618],[107.5611,-6.949],[107.5439,-6.9194],[107.5274,-6.9171],[107.5223,-6.9356],[107.5309,-6.942],[107.5049,-6.9814],[107.4877,-6.9797],[107.4865,-7.0],[107.4694,-6.9985],[107.4815,-7.0223],[107.4773,-7.0563],[107.4377,-7.046],[107.4194,-7.0567],[107.4221,-7.0752],[107.4086,-7.0969],[107.3962,-7.0922],[107.391,-7.0996],[107.3769,-7.0923],[107.3707,-7.1035],[107.359,-7.0903],[107.3547,-7.0982],[107.3306,-7.0982],[107.3134,-7.117],[107.301,-7.1687],[107.2759,-7.1806],[107.2722,-7.1693],[107.251,-7.1998],[107.289,-7.214],[107.3062,-7.2041],[107.3055,-7.1942],[107.3184,-7.1904],[107.3311,-7.2073],[107.343,-7.2044],[107.3557,-7.2175],[107.3533,-7.2355],[107.3785,-7.2396],[107.3838,-7.2514],[107.3953,-7.2449],[107.4228,-7.2569],[107.4377,-7.2521],[107.4421,-7.2426],[107.4768,-7.2546]]]},"properties":{"kab":"Kota Bandung","prov":"Jawa Barat","n":354,"kj":2,"dd":0,"top":[{"loc":"SMP Negeri 35 Bandung","n":342,"d":"2025-04-29"},{"loc":"SD Negeri Legok Hayam","n":12,"d":"2025-08-21"}]}},{"type":"Feature","geometry":{"type":"Polygon","coordinates":[[[113.502,-1.6445],[113.4757,-1.6806],[113.4894,-1.7865],[113.5569,-1.9033],[113.5666,-1.9078],[113.5634,-1.9165],[113.6947,-2.0865],[113.6997,-2.157],[113.6899,-2.2432],[113.762,-2.4019],[113.9629,-2.4018],[113.9939,-2.3949],[114.0253,-2.403],[114.0418,-2.3106],[114.0564,-2.2984],[114.0671,-2.2722],[114.085,-2.2688],[114.1083,-2.1879],[114.0092,-2.1621],[113.9357,-2.1634],[113.9275,-2.1546],[113.9335,-2.1502],[113.8848,-2.0818],[113.8261,-2.0114],[113.8324,-1.8065],[113.798,-1.6041],[113.7495,-1.6057],[113.7299,-1.5905],[113.6482,-1.5847],[113.6161,-1.6264],[113.5638,-1.6534],[113.5311,-1.655],[113.502,-1.6445]]]},"properties":{"kab":"Kota Palangkaraya","prov":"Kalimantan Tengah","n":43,"kj":2,"dd":0,"top":[{"loc":"SDN 3 Bukit Tunggal","n":27,"d":"2025-09-29"},{"loc":"Posyandu Harum Manis","n":16,"d":"2026-02-05"}]}},{"type":"Feature","geometry":{"type":"Polygon","coordinates":[[[110.2334,-7.8152],[110.2536,-7.7965],[110.2887,-7.7855],[110.2804,-7.8185],[110.2924,-7.8352],[110.3063,-7.8287],[110.3094,-7.8187],[110.3166,-7.8237],[110.3147,-7.8094],[110.3308,-7.8061],[110.3531,-7.7668],[110.3908,-7.7804],[110.4012,-7.7917],[110.4129,-7.7832],[110.421,-7.7863],[110.4216,-7.8223],[110.4284,-7.8231],[110.43,-7.8359],[110.454,-7.8204],[110.4668,-7.8278],[110.4814,-7.8174],[110.5195,-7.8309],[110.5424,-7.8234],[110.5436,-7.7926],[110.5305,-7.798],[110.5112,-7.7707],[110.4918,-7.7668],[110.4685,-7.6178],[110.455,-7.5548],[110.4452,-7.5412],[110.3858,-7.5991],[110.3027,-7.656],[110.2721,-7.7064],[110.2325,-7.7135],[110.2159,-7.7418],[110.2202,-7.777],[110.2361,-7.7982],[110.2284,-7.8059],[110.2334,-7.8152]]]},"properties":{"kab":"Kabupaten Sleman","prov":"Daerah Istimewa Yogyakarta","n":940,"kj":5,"dd":0,"top":[{"loc":"SMP Muhammadiyah 1 Mlati","n":379,"d":"2025-08-13"},{"loc":"SD Jombor Lor","n":300,"d":"2025-10-24"},{"loc":"SMPN 3 Berbah","n":135,"d":"2025-08-27"}]}},{"type":"Feature","geometry":{"type":"MultiPolygon","coordinates":[[[[105.3437,-5.5601],[105.3446,-5.5668],[105.3437,-5.5601]]],[[[105.3507,-5.5527],[105.3504,-5.5583],[105.3507,-5.5527]]],[[[105.3441,-5.5487],[105.3441,-5.5487]]],[[[105.3451,-5.5183],[105.4086,-5.622],[105.4454,-5.6359],[105.4559,-5.6484],[105.4701,-5.647],[105.4679,-5.6582],[105.5005,-5.6679],[105.5233,-5.6942],[105.5304,-5.6916],[105.535,-5.6705],[105.5432,-5.6672],[105.5489,-5.6754],[105.5602,-5.6687],[105.5546,-5.6974],[105.5896,-5.7353],[105.5802,-5.7655],[105.5853,-5.8067],[105.6156,-5.8349],[105.6744,-5.8376],[105.6842,-5.8479],[105.7057,-5.8485],[105.718,-5.8792],[105.7149,-5.9058],[105.7293,-5.8998],[105.7365,-5.8812],[105.7563,-5.869],[105.7783,-5.8374],[105.7818,-5.8095],[105.799,-5.7944],[105.7925,-5.7212],[105.809,-5.6887],[105.81,-5.6475],[105.8259,-5.5787],[105.8051,-5.5826],[105.7979,-5.6039],[105.7893,-5.5995],[105.7928,-5.6141],[105.785,-5.609],[105.7845,-5.6165],[105.765,-5.6188],[105.7598,-5.6148],[105.7646,-5.6035],[105.7541,-5.6086],[105.7558,-5.591],[105.7528,-5.5998],[105.7478,-5.5881],[105.7416,-5.6014],[105.7404,-5.5955],[105.7338,-5.6008],[105.7366,-5.5925],[105.7253,-5.5948],[105.669,-5.5653],[105.6603,-5.5535],[105.6557,-5.4931],[105.6001,-5.4865],[105.5877,-5.4758],[105.5858,-5.4552],[105.5372,-5.4534],[105.5278,-5.4683],[105.5168,-5.4612],[105.5326,-5.4251],[105.5232,-5.3728],[105.5416,-5.34],[105.4902,-5.3094],[105.4817,-5.2862],[105.4738,-5.2884],[105.4708,-5.3037],[105.4161,-5.3036],[105.4556,-5.2762],[105.4539,-5.2474],[105.433,-5.2473],[105.4374,-5.2354],[105.4178,-5.2264],[105.418,-5.2169],[105.4021,-5.2103],[105.3947,-5.2151],[105.3877,-5.2064],[105.3589,-5.2214],[105.3569,-5.2305],[105.3313,-5.2311],[105.3199,-5.21],[105.3039,-5.2206],[105.2863,-5.2141],[105.2798,-5.1749],[105.2372,-5.1833],[105.2186,-5.1794],[105.1955,-5.1998],[105.1734,-5.1948],[105.1645,-5.1998],[105.1532,-5.2297],[105.1673,-5.2384],[105.1717,-5.2709],[105.1451,-5.2525],[105.1148,-5.3125],[105.1414,-5.3128],[105.1523,-5.3267],[105.1651,-5.3267],[105.1681,-5.3478],[105.2016,-5.3471],[105.2114,-5.3698],[105.2319,-5.3592],[105.254,-5.3266],[105.2622,-5.3297],[105.2606,-5.3507],[105.2712,-5.3532],[105.277,-5.3416],[105.295,-5.3475],[105.2908,-5.3689],[105.306,-5.3583],[105.3157,-5.3879],[105.3238,-5.3888],[105.3251,-5.4058],[105.3419,-5.42],[105.3261,-5.4655],[105.3507,-5.515],[105.3451,-5.5183]]],[[[105.4508,-6.1368],[105.4442,-6.1335],[105.4304,-6.1459],[105.42,-6.1421],[105.4194,-6.1556],[105.4334,-6.1661],[105.4524,-6.1676],[105.4646,-6.1491],[105.4575,-6.1354],[105.4508,-6.1368]]],[[[105.4233,-6.0906],[105.4159,-6.0963],[105.4249,-6.1096],[105.4354,-6.1029],[105.4233,-6.0906]]],[[[105.4537,-6.0805],[105.4534,-6.1086],[105.4651,-6.0882],[105.4537,-6.0805]]],[[[105.3951,-6.0913],[105.4034,-6.074],[105.3839,-6.0788],[105.3581,-6.1092],[105.3663,-6.1115],[105.3951,-6.0913]]],[[[105.3777,-5.9734],[105.3777,-5.9734]]],[[[105.4968,-5.922],[105.4775,-5.926],[105.4638,-5.9463],[105.4691,-5.9638],[105.4856,-5.9716],[105.5026,-5.9674],[105.5167,-5.9457],[105.5104,-5.9268],[105.4968,-5.922]]],[[[105.5413,-5.8849],[105.539,-5.8791],[105.5413,-5.8849]]],[[[105.5311,-5.8476],[105.5244,-5.8461],[105.5186,-5.862],[105.5056,-5.8562],[105.5051,-5.8736],[105.4929,-5.8763],[105.5041,-5.9021],[105.5298,-5.8926],[105.532,-5.8731],[105.5445,-5.8652],[105.5293,-5.8613],[105.5311,-5.8476]]],[[[105.5497,-5.8194],[105.5497,-5.8194]]],[[[105.5436,-5.8142],[105.5436,-5.8142]]],[[[105.6819,-5.8525],[105.6819,-5.8525]]],[[[105.7647,-5.8794],[105.7488,-5.9006],[105.7669,-5.8879],[105.7647,-5.8794]]],[[[105.7388,-5.8861],[105.7388,-5.8861]]],[[[105.7866,-5.8825],[105.7754,-5.8853],[105.7879,-5.8905],[105.7866,-5.8825]]],[[[105.7705,-5.8833],[105.7705,-5.8778],[105.7705,-5.8833]]],[[[105.7726,-5.8719],[105.7726,-5.8719]]],[[[105.77,-5.8708],[105.77,-5.8708]]],[[[105.7872,-5.8458],[105.7743,-5.8585],[105.78,-5.8673],[105.787,-5.8674],[105.7926,-5.8498],[105.7872,-5.8458]]],[[[105.7946,-5.8446],[105.7946,-5.8446]]],[[[105.805,-5.7511],[105.805,-5.7511]]],[[[105.8051,-5.7423],[105.8044,-5.7435],[105.8055,-5.7437],[105.8051,-5.7423]]],[[[105.8107,-5.7393],[105.8107,-5.7393]]],[[[105.8374,-5.6779],[105.8386,-5.6828],[105.8374,-5.6779]]]]},"properties":{"kab":"Kabupaten Lampung Selatan","prov":"Lampung","n":6,"kj":1,"dd":0,"top":[{"loc":"SMPN 2 Kalianda","n":6,"d":"2025-12-03"}]}},{"type":"Feature","geometry":{"type":"Polygon","coordinates":[[[106.688,-6.0971],[106.6719,-6.1038],[106.6726,-6.1195],[106.6414,-6.1226],[106.6428,-6.1086],[106.6358,-6.1061],[106.6323,-6.1201],[106.6139,-6.1267],[106.6134,-6.1478],[106.5904,-6.1482],[106.5918,-6.1586],[106.5787,-6.1723],[106.5533,-6.1841],[106.553,-6.1993],[106.5881,-6.2225],[106.6011,-6.2055],[106.6125,-6.2159],[106.6116,-6.2272],[106.6879,-6.2302],[106.6871,-6.2386],[106.7035,-6.2553],[106.7472,-6.2515],[106.7433,-6.2276],[106.7181,-6.223],[106.7247,-6.194],[106.7134,-6.1918],[106.7244,-6.185],[106.6868,-6.1724],[106.6858,-6.1284],[106.6964,-6.1108],[106.688,-6.0971]]]},"properties":{"kab":"Kota Tangerang","prov":"Banten","n":133,"kj":2,"dd":0,"top":[{"loc":"TK (Spesifik tidak disebutkan)","n":100,"d":"2026-04-08"},{"loc":"TBA (Tidak disebutkan)","n":33,"d":"2026-04-29"}]}},{"type":"Feature","geometry":{"type":"MultiPolygon","coordinates":[[[[121.5082,-4.8382],[121.5082,-4.8382]]],[[[121.6539,-4.8119],[121.6539,-4.8119]]],[[[121.4705,-4.5915],[121.4666,-4.6834],[121.488,-4.6889],[121.5004,-4.7131],[121.5057,-4.7097],[121.5062,-4.7352],[121.5211,-4.7395],[121.5504,-4.7726],[121.5909,-4.7884],[121.6176,-4.7954],[121.6282,-4.7772],[121.6322,-4.805],[121.6402,-4.8123],[121.6466,-4.8068],[121.6636,-4.8106],[121.6597,-4.8177],[121.6843,-4.851],[121.7097,-4.8552],[121.7348,-4.8363],[121.7557,-4.8441],[121.7799,-4.8369],[121.7838,-4.8449],[121.7921,-4.8346],[121.8163,-4.8344],[121.8346,-4.8524],[121.8771,-4.8741],[121.9731,-4.8909],[121.9839,-4.9011],[122.0057,-4.8848],[122.0019,-4.8989],[122.0229,-4.8928],[122.0257,-4.8711],[122.0343,-4.8791],[122.0671,-4.8499],[122.077,-4.857],[122.0751,-4.8429],[122.0915,-4.8257],[122.12,-4.818],[122.0985,-4.8119],[122.0953,-4.795],[122.0752,-4.7913],[122.065,-4.7768],[122.0464,-4.7685],[122.0318,-4.7179],[122.0304,-4.6564],[122.0629,-4.6096],[122.0697,-4.5775],[122.0893,-4.5429],[122.1079,-4.5378],[122.1053,-4.5011],[122.1002,-4.5059],[122.093,-4.495],[122.08,-4.4978],[122.0528,-4.4879],[122.0471,-4.4688],[122.0017,-4.431],[121.8856,-4.3779],[121.8031,-4.4207],[121.7823,-4.4555],[121.7541,-4.4666],[121.7524,-4.4807],[121.737,-4.4917],[121.7243,-4.4916],[121.7189,-4.5136],[121.7255,-4.5143],[121.7238,-4.5236],[121.7104,-4.5272],[121.6696,-4.6152],[121.6548,-4.5984],[121.6501,-4.5684],[121.6224,-4.5598],[121.6129,-4.5726],[121.5969,-4.5703],[121.5928,-4.5773],[121.5774,-4.5706],[121.5665,-4.5789],[121.5581,-4.5685],[121.5099,-4.5875],[121.5042,-4.5821],[121.492,-4.5918],[121.4705,-4.5915]]],[[[121.5067,-4.7248],[121.5033,-4.7146],[121.5067,-4.7248]]],[[[121.7681,-5.3428],[121.754,-5.3461],[121.7681,-5.3428]]],[[[122.0489,-5.4136],[122.043,-5.3835],[122.0478,-5.3658],[122.0379,-5.3697],[122.0335,-5.3442],[122.0411,-5.3409],[122.0351,-5.3335],[122.0391,-5.3254],[122.0504,-5.3176],[122.0513,-5.2672],[122.0341,-5.2418],[122.0492,-5.2443],[122.0748,-5.2329],[122.0627,-5.214],[122.0706,-5.2023],[122.0559,-5.2005],[122.0589,-5.1818],[122.0504,-5.1818],[122.0359,-5.1624],[122.035,-5.1482],[122.0107,-5.1528],[122.0177,-5.1632],[122.013,-5.1685],[121.9914,-5.1579],[121.9841,-5.126],[121.9754,-5.122],[121.9849,-5.0908],[121.9702,-5.065],[121.9457,-5.0651],[121.9332,-5.0842],[121.9352,-5.1107],[121.8957,-5.0892],[121.8997,-5.0608],[121.8868,-5.0575],[121.8501,-5.0949],[121.857,-5.1066],[121.8768,-5.1094],[121.8657,-5.1199],[121.8502,-5.0981],[121.84,-5.1151],[121.866,-5.1286],[121.8637,-5.1374],[121.882,-5.1397],[121.8833,-5.153],[121.8746,-5.1498],[121.8599,-5.1605],[121.8417,-5.1465],[121.823,-5.169],[121.826,-5.188],[121.8391,-5.1906],[121.8318,-5.2028],[121.808,-5.2072],[121.8126,-5.2267],[121.8044,-5.2544],[121.7932,-5.2641],[121.7954,-5.2776],[121.8229,-5.2936],[121.8239,-5.3126],[121.8735,-5.385],[121.9057,-5.4058],[121.9226,-5.4024],[121.9216,-5.4202],[121.9323,-5.4287],[121.9425,-5.4121],[122.0489,-5.4136]]],[[[121.7676,-5.2568],[121.7675,-5.2775],[121.7736,-5.2579],[121.7676,-5.2568]]],[[[121.8177,-5.1867],[121.8177,-5.1867]]],[[[121.8115,-5.1634],[121.8099,-5.1698],[121.8115,-5.1634]]],[[[121.8202,-5.1413],[121.8214,-5.1477],[121.8202,-5.1413]]],[[[121.8394,-5.1198],[121.8245,-5.1526],[121.8355,-5.1525],[121.8439,-5.1359],[121.8394,-5.1198]]],[[[121.8669,-5.1428],[121.8669,-5.1428]]],[[[121.8602,-5.1362],[121.8602,-5.1362]]],[[[121.9137,-5.0906],[121.9137,-5.0906]]],[[[121.9474,-4.9117],[121.9474,-4.9117]]],[[[122.0567,-5.3185],[122.0539,-5.3252],[122.0567,-5.3185]]],[[[122.0764,-5.2864],[122.0567,-5.2962],[122.0575,-5.3039],[122.0664,-5.3062],[122.0764,-5.2864]]],[[[122.0519,-4.8811],[122.0383,-4.8947],[122.0574,-4.8838],[122.0519,-4.8811]]],[[[122.0618,-4.8842],[122.0618,-4.8842]]],[[[122.1188,-4.8398],[122.1138,-4.8459],[122.1188,-4.8398]]],[[[122.1432,-4.8425],[122.1432,-4.8425]]],[[[122.1283,-4.8276],[122.136,-4.8276],[122.1406,-4.8162],[122.1212,-4.82],[122.1211,-4.8327],[122.1283,-4.8276]]],[[[122.1525,-4.8084],[122.1441,-4.8167],[122.1525,-4.8084]]],[[[122.1087,-4.5403],[122.1101,-4.5413],[122.1099,-4.5393],[122.1087,-4.5403]]],[[[122.1118,-4.5414],[122.1118,-4.5414]]]]},"properties":{"kab":"Kabupaten Bombana","prov":"Sulawesi Tenggara","n":13,"kj":1,"dd":0,"top":[{"loc":"SDN 33 Kasipute","n":13,"d":"2025-04-23"}]}},{"type":"Feature","geometry":{"type":"MultiPolygon","coordinates":[[[[127.3233,0.7546],[127.3708,0.759],[127.3915,0.7906],[127.3864,0.8333],[127.3273,0.8677],[127.3022,0.8412],[127.2926,0.7976],[127.3061,0.7649],[127.3233,0.7546]]],[[[127.3239,0.8841],[127.3299,0.901],[127.3136,0.9137],[127.3026,0.8982],[127.3138,0.8831],[127.3239,0.8841]]],[[[126.162,0.9587],[126.1463,0.9646],[126.1446,0.9732],[126.1537,0.9693],[126.1543,0.9772],[126.1282,0.9811],[126.1427,0.9623],[126.162,0.9587]]],[[[126.1502,0.9847],[126.1439,0.9852],[126.1502,0.9847]]],[[[126.3929,1.281],[126.3993,1.3164],[126.4164,1.3328],[126.3812,1.3517],[126.3648,1.342],[126.3568,1.3227],[126.3764,1.3122],[126.3929,1.281]]],[[[127.4232,0.4344],[127.4399,0.4487],[127.4187,0.4791],[127.4049,0.481],[127.3857,0.4707],[127.3817,0.4543],[127.3879,0.4403],[127.4001,0.4328],[127.4232,0.4344]]]]},"properties":{"kab":"Kota Ternate","prov":"Maluku Utara","n":68,"kj":3,"dd":0,"top":[{"loc":"SD Negeri 56 Jambula","n":26,"d":"2025-11-06"},{"loc":"SDN 65 Kota Ternate","n":25,"d":"2025-11-06"},{"loc":"SMKN 5 Kota Ternate","n":17,"d":"2025-07-22"}]}},{"type":"Feature","geometry":{"type":"Polygon","coordinates":[[[104.9263,-4.5154],[104.9512,-4.5169],[104.9812,-4.5359],[104.9883,-4.5825],[104.9944,-4.5847],[104.988,-4.5885],[105.0003,-4.6075],[104.9974,-4.6148],[104.9858,-4.6153],[104.9806,-4.6296],[104.9955,-4.6365],[105.0054,-4.6293],[105.011,-4.6387],[105.0023,-4.652],[105.0164,-4.6515],[105.0382,-4.6718],[105.0447,-4.6694],[105.072,-4.7059],[105.0859,-4.7022],[105.1254,-4.7262],[105.1422,-4.7061],[105.1431,-4.6756],[105.155,-4.677],[105.1663,-4.6678],[105.1801,-4.6402],[105.172,-4.6103],[105.1847,-4.598],[105.1989,-4.6028],[105.1802,-4.5649],[105.1711,-4.5632],[105.1755,-4.5465],[105.1589,-4.5429],[105.1779,-4.5231],[105.1844,-4.4735],[105.2045,-4.4636],[105.2019,-4.4346],[105.2129,-4.4284],[105.213,-4.4158],[105.2254,-4.4167],[105.2442,-4.3973],[105.2553,-4.4016],[105.2453,-4.3855],[105.2162,-4.3917],[105.1954,-4.3563],[105.2072,-4.3524],[105.2362,-4.3684],[105.2329,-4.3513],[105.2254,-4.348],[105.2255,-4.3371],[105.2356,-4.3291],[105.2206,-4.3301],[105.2229,-4.3436],[105.1946,-4.3546],[105.201,-4.3238],[105.1782,-4.2968],[105.156,-4.2968],[105.1563,-4.2676],[105.189,-4.2686],[105.1903,-4.2385],[105.2196,-4.2248],[105.2155,-4.2146],[105.2266,-4.2097],[105.2216,-4.1957],[105.2322,-4.1907],[105.2127,-4.1757],[105.196,-4.1788],[105.1012,-4.2269],[105.098,-4.2176],[105.0667,-4.2139],[105.0535,-4.1431],[105.0427,-4.1385],[105.0283,-4.1457],[105.014,-4.1737],[104.9676,-4.1711],[104.9495,-4.182],[104.9441,-4.2078],[104.9526,-4.2237],[104.9419,-4.232],[104.9544,-4.2488],[104.9856,-4.257],[104.9964,-4.288],[104.9974,-4.316],[104.989,-4.3344],[104.9962,-4.3322],[105.0032,-4.3527],[104.9817,-4.3512],[104.9805,-4.3851],[105.0104,-4.3879],[105.0264,-4.4095],[105.0259,-4.4011],[105.0338,-4.4109],[105.0389,-4.3996],[105.045,-4.4065],[105.0489,-4.4009],[105.0701,-4.4364],[105.0169,-4.4656],[105.0084,-4.4644],[105.0095,-4.4494],[104.9856,-4.4461],[104.9656,-4.4597],[104.9674,-4.4753],[104.9575,-4.4837],[104.9504,-4.4882],[104.9446,-4.4803],[104.9334,-4.4884],[104.9263,-4.5154]]]},"properties":{"kab":"Kabupaten Tulang Bawang Barat","prov":"Lampung","n":8,"kj":1,"dd":0,"top":[{"loc":"SDN 06 Penumangan Lama","n":8,"d":"2025-09-29"}]}},{"type":"Feature","geometry":{"type":"Polygon","coordinates":[[[112.9026,-7.6252],[112.8859,-7.6234],[112.8843,-7.6319],[112.8747,-7.6268],[112.8714,-7.6509],[112.8725,-7.6614],[112.8787,-7.6552],[112.887,-7.6601],[112.8814,-7.6723],[112.8992,-7.6861],[112.943,-7.6556],[112.9531,-7.6218],[112.9455,-7.6172],[112.9351,-7.6318],[112.9026,-7.6252]]]},"properties":{"kab":"Kabupaten Pasuruan","prov":"Jawa Timur","n":14,"kj":1,"dd":0,"top":[{"loc":"SMAN 1 Pandaan","n":14,"d":"2026-07-22"}]}},{"type":"Feature","geometry":{"type":"MultiPolygon","coordinates":[[[[119.474,-3.5018],[119.5098,-3.5461],[119.5114,-3.5906],[119.4949,-3.6023],[119.4799,-3.6325],[119.4588,-3.6438],[119.4531,-3.6862],[119.4468,-3.6786],[119.4564,-3.694],[119.4499,-3.6965],[119.4526,-3.7134],[119.4814,-3.751],[119.5383,-3.902],[119.5713,-3.9497],[119.5837,-4.032],[119.5962,-4.0438],[119.5933,-4.0224],[119.6137,-4.0049],[119.5919,-4.0039],[119.5865,-3.9738],[119.6048,-3.9745],[119.6112,-3.9841],[119.6329,-3.967],[119.633,-3.9808],[119.6401,-3.9805],[119.6735,-3.9507],[119.7044,-3.906],[119.7178,-3.9073],[119.7284,-3.8605],[119.7515,-3.8138],[119.7487,-3.7783],[119.778,-3.7378],[119.8027,-3.7333],[119.7588,-3.7125],[119.765,-3.6864],[119.7437,-3.6487],[119.7402,-3.6148],[119.7239,-3.5889],[119.7221,-3.5643],[119.6998,-3.5449],[119.7018,-3.5236],[119.6922,-3.5019],[119.705,-3.4871],[119.7062,-3.4728],[119.6855,-3.451],[119.6951,-3.4466],[119.6926,-3.4266],[119.702,-3.4248],[119.6969,-3.3867],[119.6842,-3.3896],[119.6672,-3.3681],[119.6511,-3.3626],[119.6543,-3.3434],[119.6426,-3.3354],[119.6474,-3.3237],[119.6205,-3.3021],[119.6156,-3.2868],[119.6023,-3.2823],[119.5797,-3.2883],[119.558,-3.2696],[119.5287,-3.2745],[119.519,-3.2795],[119.5207,-3.3094],[119.5012,-3.3156],[119.4761,-3.2883],[119.4661,-3.2931],[119.4577,-3.2838],[119.4383,-3.2842],[119.4359,-3.3141],[119.4446,-3.3147],[119.4382,-3.3204],[119.4456,-3.3327],[119.4314,-3.3391],[119.4656,-3.3773],[119.4594,-3.3851],[119.4737,-3.4132],[119.4691,-3.4333],[119.4784,-3.4495],[119.4751,-3.4578],[119.4923,-3.4749],[119.474,-3.5018]]],[[[119.603,-3.9941],[119.6059,-3.9991],[119.603,-3.9941]]]]},"properties":{"kab":"Kabupaten Pinrang","prov":"Sulawesi Selatan","n":8,"kj":1,"dd":0,"top":[{"loc":"Pondok Pesantren Al-Mustafa Kanipang","n":8,"d":"2026-01-29"}]}},{"type":"Feature","geometry":{"type":"Polygon","coordinates":[[[110.804,-6.9797],[110.812,-6.9762],[110.8149,-6.9389],[110.8442,-6.9358],[110.857,-6.9014],[110.8828,-6.9052],[110.8826,-6.8673],[110.9466,-6.8592],[110.977,-6.8333],[110.963,-6.7561],[110.9448,-6.7557],[110.9412,-6.7355],[110.9251,-6.737],[110.9256,-6.7146],[110.9321,-6.7207],[110.9379,-6.7104],[110.9353,-6.6979],[110.9252,-6.6917],[110.909,-6.6486],[110.8981,-6.6398],[110.9024,-6.6265],[110.8899,-6.6176],[110.8623,-6.6238],[110.8525,-6.6631],[110.8344,-6.6876],[110.8387,-6.7031],[110.8205,-6.7077],[110.8271,-6.722],[110.8225,-6.7328],[110.8369,-6.7379],[110.8292,-6.7564],[110.8173,-6.7481],[110.7981,-6.7585],[110.7933,-6.7541],[110.7674,-6.7705],[110.7583,-6.7942],[110.7793,-6.8059],[110.7974,-6.8383],[110.8336,-6.8504],[110.7865,-6.9108],[110.789,-6.9316],[110.7781,-6.9324],[110.7847,-6.9365],[110.7727,-6.9452],[110.7926,-6.9568],[110.804,-6.9797]]]},"properties":{"kab":"Kabupaten Kudus","prov":"Jawa Tengah","n":600,"kj":1,"dd":0,"top":[{"loc":"SMAN 2 Kudus","n":600,"d":"2026-01-29"}]}},{"type":"Feature","geometry":{"type":"Polygon","coordinates":[[[113.6436,-7.9731],[113.6701,-7.968],[113.6716,-7.9858],[113.6872,-8.0115],[113.7101,-8.0112],[113.7262,-8.0236],[113.7487,-8.0652],[113.7492,-8.0494],[113.7602,-8.0508],[113.7725,-8.0369],[113.7818,-8.0498],[113.8022,-8.0577],[113.8124,-8.0462],[113.8539,-8.0441],[113.8583,-8.0389],[113.8438,-8.0206],[113.858,-8.0187],[113.872,-8.0325],[113.8849,-8.0299],[113.8895,-8.0154],[113.9028,-8.0183],[114.0028,-8.0743],[114.0276,-8.1127],[114.0399,-8.1135],[114.0533,-8.1282],[114.0629,-8.1219],[114.0794,-8.1266],[114.0917,-8.1162],[114.1465,-8.101],[114.1729,-8.1076],[114.1765,-8.1203],[114.1848,-8.1207],[114.1952,-8.1036],[114.2141,-8.0995],[114.2197,-8.0737],[114.2368,-8.0649],[114.2488,-8.0448],[114.2358,-8.031],[114.2383,-8.0061],[114.2117,-7.9778],[114.1664,-7.9704],[114.1276,-7.993],[114.1109,-7.9089],[114.0926,-7.8756],[114.0893,-7.8059],[114.075,-7.7832],[114.0794,-7.7707],[114.062,-7.7588],[114.0149,-7.761],[114.0078,-7.755],[113.9928,-7.7776],[113.9508,-7.7652],[113.936,-7.7768],[113.9368,-7.7917],[113.9181,-7.7889],[113.904,-7.8036],[113.8763,-7.7911],[113.8722,-7.7975],[113.8495,-7.7956],[113.8369,-7.8123],[113.8041,-7.8166],[113.7934,-7.8028],[113.7604,-7.7921],[113.7474,-7.7963],[113.7394,-7.7891],[113.7225,-7.879],[113.6629,-7.9216],[113.6604,-7.9385],[113.6238,-7.9615],[113.6298,-7.9725],[113.6361,-7.9656],[113.6436,-7.9731]]]},"properties":{"kab":"Kabupaten Bondowoso","prov":"Jawa Timur","n":77,"kj":1,"dd":0,"top":[{"loc":"SDN 1 Sukorejo","n":77,"d":"2025-12-03"}]}},{"type":"Feature","geometry":{"type":"Polygon","coordinates":[[[106.7374,-6.2239],[106.7784,-6.2269],[106.7832,-6.2067],[106.7961,-6.2076],[106.8106,-6.1889],[106.7982,-6.1614],[106.8283,-6.1623],[106.8267,-6.1482],[106.8132,-6.1301],[106.8007,-6.1343],[106.8006,-6.1419],[106.7753,-6.1452],[106.734,-6.1233],[106.7115,-6.0965],[106.688,-6.0971],[106.6964,-6.1108],[106.6858,-6.1284],[106.6868,-6.1724],[106.7244,-6.185],[106.7134,-6.1918],[106.7247,-6.194],[106.7181,-6.223],[106.7374,-6.2239]]]},"properties":{"kab":"Jakarta Barat","prov":"DKI Jakarta","n":136,"kj":2,"dd":0,"top":[{"loc":"SMPN 82 Jakarta","n":116,"d":"2026-05-22"},{"loc":"SDN Meruya Selatan 01","n":20,"d":"2025-10-29"}]}},{"type":"Feature","geometry":{"type":"MultiPolygon","coordinates":[[[[97.3589,4.2143],[97.4246,4.1743],[97.4988,4.1557],[97.5188,4.1844],[97.5625,4.1981],[97.6031,4.2508],[97.6235,4.2416],[97.6307,4.2252],[97.6475,4.22],[97.6879,4.2471],[97.7329,4.2492],[97.7497,4.2949],[97.7724,4.3205],[97.7617,4.336],[97.7849,4.3565],[97.8384,4.3698],[97.8565,4.3868],[97.9074,4.3903],[97.9335,4.3601],[97.9636,4.3699],[97.9805,4.3937],[98.0027,4.4016],[97.9826,4.4108],[97.9825,4.4193],[97.9723,4.4181],[97.9659,4.4434],[97.9172,4.4195],[97.9274,4.4354],[97.9188,4.4501],[97.9055,4.4516],[97.9019,4.4435],[97.8683,4.4546],[97.8682,4.4725],[97.8908,4.4783],[97.8948,4.5047],[97.9168,4.5314],[97.9332,4.5354],[97.9433,4.5286],[97.9554,4.5368],[97.9652,4.5303],[97.9792,4.5422],[97.9722,4.5612],[97.9979,4.588],[97.9916,4.6008],[98.0021,4.6065],[97.9936,4.6174],[97.9958,4.6393],[97.963,4.6654],[97.9667,4.6851],[97.9528,4.7443],[97.9606,4.7413],[97.9429,4.7736],[97.9072,4.8914],[97.8933,4.8857],[97.8396,4.9086],[97.6758,5.0477],[97.6447,5.0756],[97.6441,5.0845],[97.6578,5.0813],[97.6516,5.1235],[97.5914,5.1434],[97.5675,5.1843],[97.544,5.2045],[97.5535,5.2121],[97.4971,5.2495],[97.4834,5.2398],[97.4994,5.2126],[97.49,5.2143],[97.4943,5.2065],[97.4889,5.2095],[97.4874,5.1998],[97.4966,5.2025],[97.5008,5.188],[97.4854,5.1826],[97.4874,5.1687],[97.4992,5.1718],[97.4982,5.159],[97.4873,5.1613],[97.4816,5.1491],[97.4658,5.1535],[97.4683,5.1325],[97.4782,5.1273],[97.4596,5.1123],[97.4728,5.1035],[97.4676,5.0938],[97.481,5.0985],[97.4778,5.086],[97.4843,5.0784],[97.4956,5.0853],[97.4919,5.0718],[97.4994,5.0783],[97.4984,5.0688],[97.515,5.0725],[97.5152,5.057],[97.5131,5.0659],[97.5063,5.0611],[97.5132,5.0507],[97.4976,5.0502],[97.5056,5.0465],[97.5,5.0383],[97.5082,5.0442],[97.5145,5.0305],[97.4934,5.0152],[97.5047,5.011],[97.5079,4.9958],[97.491,4.9798],[97.4995,4.9765],[97.5,4.9644],[97.4846,4.9608],[97.5045,4.9583],[97.4877,4.9419],[97.4719,4.948],[97.4673,4.9305],[97.4736,4.9241],[97.4655,4.917],[97.4794,4.9203],[97.4735,4.9144],[97.4878,4.9102],[97.4833,4.9028],[97.4907,4.907],[97.4985,4.8992],[97.4925,4.887],[97.5066,4.8907],[97.4968,4.8753],[97.5117,4.8831],[97.4887,4.8676],[97.4878,4.8521],[97.477,4.8393],[97.4583,4.8463],[97.4428,4.8329],[97.4571,4.8222],[97.4352,4.8205],[97.4376,4.812],[97.4286,4.8061],[97.4352,4.7875],[97.4114,4.7807],[97.4075,4.7856],[97.4187,4.79],[97.4057,4.795],[97.3999,4.7675],[97.42,4.7678],[97.4237,4.7553],[97.3884,4.7609],[97.3865,4.7696],[97.3621,4.7678],[97.3639,4.7841],[97.3541,4.7719],[97.3501,4.7794],[97.3375,4.7784],[97.3186,4.739],[97.3276,4.704],[97.3058,4.6658],[97.2573,4.6575],[97.2619,4.6166],[97.2757,4.6285],[97.2964,4.6249],[97.3057,4.6202],[97.3143,4.5976],[97.3169,4.5481],[97.297,4.5269],[97.2794,4.5239],[97.2795,4.5125],[97.29,4.5006],[97.3132,4.5085],[97.3429,4.4999],[97.3466,4.4379],[97.3682,4.3822],[97.3494,4.25],[97.3589,4.2143]]],[[[98.0177,4.5885],[98.0172,4.6002],[98.0177,4.5885]]],[[[98.0152,4.6034],[98.0152,4.6034]]],[[[98.0171,4.6034],[98.0171,4.6034]]],[[[98.002,4.6247],[98.005,4.6053],[97.998,4.5912],[98.0181,4.608],[98.002,4.6247]]],[[[97.9685,4.6794],[97.9685,4.6794]]],[[[97.967,4.6869],[97.967,4.6869]]],[[[97.9641,4.7022],[97.9757,4.67],[97.9641,4.7022]]]]},"properties":{"kab":"Kabupaten Aceh Timur","prov":"Nanggroe Aceh Darussalam","n":19,"kj":1,"dd":0,"top":[{"loc":"TBA (Tidak disebutkan)","n":19,"d":"2026-01-24"}]}},{"type":"Feature","geometry":{"type":"MultiPolygon","coordinates":[[[[110.8611,-7.5672],[110.9125,-7.5843],[110.9064,-7.6138],[110.9469,-7.6184],[110.9478,-7.67],[110.9598,-7.6841],[110.9495,-7.6954],[110.9414,-7.7397],[110.9594,-7.7339],[110.9691,-7.7413],[110.9666,-7.7508],[110.9747,-7.7531],[110.9673,-7.7706],[110.9801,-7.7619],[110.9996,-7.7671],[111.0206,-7.76],[111.0471,-7.7825],[111.0507,-7.7594],[111.0703,-7.7574],[111.0789,-7.7484],[111.0935,-7.7517],[111.1091,-7.7376],[111.1118,-7.7486],[111.1294,-7.7292],[111.129,-7.7217],[111.1219,-7.7221],[111.1424,-7.7092],[111.166,-7.7163],[111.1845,-7.7123],[111.1828,-7.689],[111.1956,-7.6728],[111.1858,-7.6577],[111.1964,-7.6093],[111.1683,-7.5902],[111.1525,-7.5618],[111.148,-7.5254],[111.1326,-7.5118],[111.1104,-7.5236],[111.1116,-7.5315],[111.0925,-7.5309],[111.0791,-7.5251],[111.0784,-7.4972],[111.0638,-7.4969],[111.0571,-7.5095],[111.0407,-7.5114],[111.0495,-7.5374],[111.0243,-7.5278],[111.0224,-7.5339],[110.9453,-7.4967],[110.8722,-7.489],[110.864,-7.4732],[110.8468,-7.4711],[110.8379,-7.4592],[110.8067,-7.4584],[110.8063,-7.4915],[110.8172,-7.5288],[110.8583,-7.5339],[110.8575,-7.5493],[110.869,-7.5475],[110.8611,-7.5672]]],[[[110.7709,-7.5453],[110.7961,-7.5488],[110.8008,-7.5335],[110.7805,-7.5237],[110.7089,-7.5336],[110.7168,-7.5429],[110.7352,-7.5381],[110.7589,-7.5498],[110.7709,-7.5453]]]]},"properties":{"kab":"Kabupaten Karanganyar","prov":"Jawa Tengah","n":293,"kj":5,"dd":0,"top":[{"loc":"TBA ( Tidak disebutkan)","n":168,"d":"2025-10-03"},{"loc":"TK Nglebak 1","n":105,"d":"2025-10-09"},{"loc":"SMPN 1 Colomadu","n":17,"d":"2025-10-13"}]}},{"type":"Feature","geometry":{"type":"Polygon","coordinates":[[[106.7952,-6.6438],[106.8058,-6.6522],[106.8105,-6.6464],[106.8089,-6.6564],[106.8309,-6.6809],[106.8481,-6.6762],[106.8482,-6.6461],[106.8317,-6.6121],[106.8379,-6.5799],[106.824,-6.5425],[106.8114,-6.5388],[106.8075,-6.5463],[106.803,-6.5382],[106.7963,-6.5509],[106.7882,-6.5146],[106.7651,-6.5155],[106.7628,-6.5495],[106.7399,-6.5423],[106.7356,-6.5655],[106.7413,-6.5755],[106.7492,-6.5723],[106.7618,-6.5824],[106.7905,-6.6276],[106.7721,-6.6539],[106.7848,-6.6604],[106.7952,-6.6438]]]},"properties":{"kab":"Kota Bogor","prov":"Jawa Barat","n":427,"kj":15,"dd":0,"top":[{"loc":"Warga Tanjung Sari","n":107,"d":"2026-04-06"},{"loc":"SMP Bosowa Bina Insani","n":96,"d":"2025-05-09"},{"loc":"SDN 2 Batu Tulis","n":50,"d":"2025-11-14"}]}},{"type":"Feature","geometry":{"type":"Polygon","coordinates":[[[111.2887,-7.7935],[111.3077,-7.7977],[111.3147,-7.7922],[111.3275,-7.8004],[111.3437,-7.7833],[111.4499,-7.7785],[111.4587,-7.725],[111.481,-7.7004],[111.4982,-7.6987],[111.4989,-7.6734],[111.5112,-7.6602],[111.509,-7.6487],[111.5012,-7.6589],[111.4841,-7.6628],[111.4869,-7.6323],[111.4696,-7.6415],[111.4601,-7.6263],[111.4507,-7.6279],[111.4517,-7.6202],[111.4745,-7.6086],[111.4754,-7.5862],[111.4863,-7.5661],[111.5,-7.5675],[111.5038,-7.5529],[111.5135,-7.5536],[111.5079,-7.5474],[111.5118,-7.5236],[111.5032,-7.516],[111.4618,-7.5093],[111.4603,-7.5175],[111.4399,-7.5177],[111.4203,-7.5365],[111.3836,-7.5371],[111.3682,-7.5549],[111.3743,-7.5607],[111.3695,-7.5738],[111.3544,-7.5704],[111.316,-7.5891],[111.3149,-7.583],[111.3015,-7.5868],[111.2912,-7.6037],[111.2585,-7.5985],[111.1929,-7.6195],[111.1858,-7.6577],[111.1956,-7.6728],[111.1828,-7.689],[111.1815,-7.7108],[111.2124,-7.7225],[111.2365,-7.7503],[111.2445,-7.7405],[111.2565,-7.7461],[111.2724,-7.7374],[111.2889,-7.7415],[111.2819,-7.7846],[111.2887,-7.7935]],[[111.4135,-7.5456],[111.4172,-7.5412],[111.4135,-7.5456]]]},"properties":{"kab":"Kabupaten Magetan","prov":"Jawa Timur","n":12,"kj":1,"dd":0,"top":[{"loc":"SDN 2 Kediren","n":12,"d":"2025-10-17"}]}},{"type":"Feature","geometry":{"type":"MultiPolygon","coordinates":[[[[110.0919,-2.8937],[110.0919,-2.8937]]],[[[110.0923,-2.8795],[110.0923,-2.8795]]],[[[110.0845,-2.8304],[110.0839,-2.8363],[110.0845,-2.8304]]],[[[110.0893,-2.7715],[110.0893,-2.7715]]],[[[110.0913,-2.7679],[110.0913,-2.7679]]],[[[110.1148,-2.6779],[110.0985,-2.6744],[110.0916,-2.6908],[110.0756,-2.7013],[110.0669,-2.7309],[110.0441,-2.7479],[110.0825,-2.7613],[110.1283,-2.7424],[110.1154,-2.7188],[110.1226,-2.7116],[110.1176,-2.7026],[110.1274,-2.703],[110.1278,-2.694],[110.1148,-2.6779]]],[[[110.0823,-2.6716],[110.0851,-2.6762],[110.0909,-2.6685],[110.0823,-2.6716]]],[[[110.0613,-2.3878],[110.0613,-2.3878]]],[[[110.0718,-2.3808],[110.0686,-2.3854],[110.0718,-2.3808]]],[[[110.072,-2.3752],[110.0672,-2.3642],[110.0546,-2.3818],[110.0663,-2.384],[110.072,-2.3752]]],[[[109.9787,-2.3222],[109.9787,-2.3222]]],[[[109.9881,-2.255],[109.9936,-2.2587],[109.9881,-2.255]]],[[[110.0834,-2.171],[110.0834,-2.171]]],[[[110.0795,-2.169],[110.0795,-2.169]]],[[[110.0688,-1.3629],[110.0744,-1.405],[110.0712,-1.4211],[110.0571,-1.4346],[110.0641,-1.4601],[110.0354,-1.5253],[110.042,-1.5823],[110.0266,-1.6827],[109.9762,-1.748],[109.9579,-1.7623],[109.9402,-1.7628],[109.9457,-1.7748],[109.9133,-1.774],[109.9085,-1.8052],[109.9281,-1.8302],[109.9012,-1.8284],[109.9236,-1.8571],[110.0102,-1.9076],[110.0672,-1.9313],[110.0998,-1.9807],[110.1095,-2.0273],[110.1203,-2.0299],[110.1124,-2.044],[110.1196,-2.0778],[110.1159,-2.1264],[110.1089,-2.1558],[110.0856,-2.1788],[110.0845,-2.191],[110.0939,-2.1999],[110.0914,-2.2249],[110.082,-2.2404],[110.0712,-2.2371],[110.0621,-2.2449],[110.0875,-2.2415],[110.1012,-2.2493],[110.1389,-2.3055],[110.1531,-2.4082],[110.1473,-2.4273],[110.1808,-2.4556],[110.1844,-2.4986],[110.1971,-2.5209],[110.1836,-2.5903],[110.1743,-2.6027],[110.1626,-2.6019],[110.1489,-2.6222],[110.1596,-2.635],[110.1898,-2.6345],[110.2139,-2.6479],[110.2183,-2.6738],[110.2335,-2.6972],[110.2315,-2.7228],[110.2181,-2.7398],[110.2561,-2.7588],[110.2638,-2.7791],[110.2526,-2.8484],[110.2241,-2.8872],[110.2477,-2.9182],[110.2602,-2.9613],[110.2938,-2.9789],[110.3063,-2.9962],[110.3517,-2.9466],[110.4204,-2.8959],[110.4963,-2.8576],[110.5695,-2.84],[110.5965,-2.853],[110.6235,-2.8897],[110.644,-2.9897],[110.6125,-2.9846],[110.6109,-2.9905],[110.628,-3.0128],[110.6267,-3.0292],[110.6576,-3.0394],[110.7332,-2.9964],[110.7532,-2.945],[110.7762,-2.924],[110.7983,-2.9105],[110.8274,-2.9054],[110.8483,-2.8852],[110.8617,-2.8888],[110.894,-2.8698],[110.9696,-2.856],[110.9755,-2.8426],[110.9999,-2.8246],[111.0118,-2.7952],[111.1008,-2.7689],[111.1476,-2.7414],[111.1759,-2.6884],[111.1597,-2.6612],[111.1565,-2.6367],[111.1316,-2.5988],[111.1273,-2.5621],[111.1426,-2.5607],[111.147,-2.5418],[111.1183,-2.5307],[111.1018,-2.4831],[111.0998,-2.4507],[111.1136,-2.4456],[111.1172,-2.432],[111.1066,-2.4118],[111.1164,-2.3726],[111.1063,-2.3727],[111.1067,-2.3523],[111.1156,-2.3275],[111.1025,-2.3034],[111.0841,-2.2954],[111.0565,-2.2528],[111.042,-2.2508],[111.039,-2.2374],[111.0236,-2.2255],[111.0294,-2.2061],[111.0401,-2.2058],[111.0365,-2.1684],[111.0503,-2.1614],[111.0695,-2.1145],[111.0584,-2.0593],[111.0882,-2.0449],[111.0789,-2.0094],[111.1014,-1.9886],[111.0982,-1.9806],[111.0892,-1.9821],[111.0935,-1.9739],[111.0864,-1.9654],[111.055,-1.9572],[111.0095,-1.9692],[111.0,-1.9474],[110.9871,-1.9531],[110.9877,-1.9404],[110.9647,-1.9098],[110.9641,-1.8948],[110.9503,-1.8876],[110.9523,-1.8462],[110.9778,-1.8285],[110.971,-1.811],[110.992,-1.7985],[110.9951,-1.7879],[111.0141,-1.7818],[111.0263,-1.7522],[111.0206,-1.73],[111.0258,-1.7199],[111.0148,-1.7098],[111.0101,-1.7157],[110.9944,-1.7069],[110.9845,-1.6891],[110.9976,-1.6837],[110.9943,-1.6501],[110.94,-1.6573],[110.917,-1.693],[110.9031,-1.6874],[110.8929,-1.6568],[110.8733,-1.6655],[110.8708,-1.6361],[110.8631,-1.6287],[110.887,-1.5986],[110.9038,-1.6016],[110.935,-1.5573],[110.9526,-1.5492],[110.9697,-1.552],[110.9662,-1.5442],[111.0063,-1.5036],[111.0249,-1.5048],[111.0228,-1.5137],[111.0349,-1.5288],[111.0498,-1.5165],[111.0748,-1.5274],[111.0838,-1.5019],[111.096,-1.4984],[111.0987,-1.487],[111.1196,-1.4868],[111.1192,-1.4718],[111.1111,-1.4658],[111.1228,-1.4516],[111.156,-1.4318],[111.1761,-1.4447],[111.1807,-1.4768],[111.2,-1.4749],[111.2038,-1.4428],[111.2276,-1.4353],[111.2542,-1.4381],[111.2618,-1.4139],[111.2821,-1.4001],[111.2841,-1.3835],[111.3057,-1.3895],[111.311,-1.3735],[111.3267,-1.3671],[111.3414,-1.3134],[111.3159,-1.3012],[111.3187,-1.286],[111.3088,-1.276],[111.3168,-1.2582],[111.2707,-1.258],[111.2554,-1.2497],[111.2624,-1.215],[111.2542,-1.2002],[111.2344,-1.1898],[111.2479,-1.1678],[111.2621,-1.0981],[111.2488,-1.086],[111.2398,-1.0569],[111.2157,-1.0566],[111.2012,-1.0213],[111.1447,-1.0072],[111.1507,-0.9652],[111.1222,-0.9634],[111.1141,-0.9519],[111.1219,-0.931],[111.167,-0.9113],[111.1667,-0.8871],[111.1518,-0.8656],[111.1613,-0.8459],[111.1718,-0.8485],[111.1746,-0.8338],[111.1869,-0.8225],[111.207,-0.8528],[111.2149,-0.8564],[111.2181,-0.8492],[111.2104,-0.8315],[111.2148,-0.8226],[111.2055,-0.8147],[111.2073,-0.7823],[111.2438,-0.7353],[111.2362,-0.7329],[111.2414,-0.6927],[111.2159,-0.6585],[111.2148,-0.6379],[111.2406,-0.6234],[111.2346,-0.6138],[111.239,-0.5893],[111.2224,-0.5619],[111.2203,-0.5424],[111.1922,-0.5096],[111.1712,-0.5182],[111.1558,-0.5113],[111.1303,-0.5151],[111.113,-0.5009],[111.1006,-0.5066],[111.0719,-0.5013],[111.0584,-0.5124],[111.0077,-0.506],[111.001,-0.4951],[110.9661,-0.4815],[110.9587,-0.5095],[110.9659,-0.5207],[110.9279,-0.5573],[110.9486,-0.5982],[110.9596,-0.603],[110.9551,-0.6138],[110.9626,-0.6119],[110.97,-0.626],[110.9602,-0.643],[110.9354,-0.6493],[110.9348,-0.676],[110.9119,-0.6648],[110.9087,-0.6753],[110.8954,-0.6807],[110.8827,-0.6706],[110.8713,-0.6732],[110.8633,-0.6351],[110.8415,-0.6082],[110.8239,-0.5999],[110.7823,-0.6063],[110.7638,-0.6213],[110.7189,-0.6226],[110.6747,-0.6168],[110.6477,-0.5896],[110.6348,-0.5873],[110.6278,-0.5656],[110.6168,-0.5646],[110.6335,-0.5503],[110.6155,-0.5123],[110.618,-0.4435],[110.6001,-0.4005],[110.575,-0.39],[110.5623,-0.3712],[110.5614,-0.3565],[110.5704,-0.3465],[110.538,-0.3509],[110.5097,-0.3244],[110.4899,-0.3318],[110.4702,-0.3242],[110.4413,-0.3356],[110.4226,-0.3647],[110.429,-0.3843],[110.4074,-0.3902],[110.3831,-0.3815],[110.3762,-0.3886],[110.3784,-0.4016],[110.3502,-0.3965],[110.3211,-0.4105],[110.3036,-0.4518],[110.2777,-0.4378],[110.2587,-0.4455],[110.2142,-0.4196],[110.1981,-0.4248],[110.1973,-0.4168],[110.1551,-0.4381],[110.1342,-0.425],[110.1138,-0.4227],[110.1101,-0.429],[110.0987,-0.3975],[110.0505,-0.3876],[110.0404,-0.399],[110.0379,-0.4347],[110.0144,-0.4493],[110.0044,-0.4729],[109.9939,-0.4733],[109.996,-0.4859],[109.9748,-0.4995],[109.9472,-0.5004],[109.9199,-0.5316],[109.885,-0.5539],[109.8798,-0.5886],[109.8138,-0.6446],[109.8113,-0.6821],[109.8202,-0.6831],[109.8223,-0.6743],[109.8365,-0.6769],[109.8426,-0.6621],[109.857,-0.6579],[109.8822,-0.6884],[109.8791,-0.7156],[109.896,-0.7312],[109.9324,-0.7195],[109.9399,-0.7405],[109.9625,-0.7404],[109.9791,-0.725],[110.0095,-0.7238],[110.0391,-0.7594],[110.0718,-0.7733],[110.0771,-0.7958],[110.1437,-0.8569],[110.1667,-0.857],[110.1677,-0.8913],[110.1528,-0.913],[110.1649,-0.9232],[110.165,-0.9347],[110.2415,-0.9333],[110.243,-0.9658],[110.272,-0.9659],[110.2814,-0.9754],[110.2807,-0.9868],[110.2691,-0.9869],[110.2692,-1.0005],[110.3428,-1.0535],[110.3388,-1.0729],[110.3583,-1.0744],[110.3606,-1.1091],[110.3402,-1.1121],[110.3356,-1.1053],[110.3246,-1.1144],[110.3252,-1.1317],[110.3939,-1.2028],[110.3935,-1.2331],[110.4203,-1.2591],[110.411,-1.264],[110.3721,-1.2545],[110.3223,-1.256],[110.2841,-1.2835],[110.2176,-1.2853],[110.2114,-1.303],[110.2232,-1.3343],[110.2178,-1.3433],[110.1752,-1.3428],[110.1654,-1.3541],[110.1416,-1.3447],[110.1276,-1.3558],[110.0957,-1.3528],[110.0688,-1.3629]]],[[[109.9223,-1.8297],[109.9223,-1.8297]]],[[[109.9226,-1.823],[109.9186,-1.8198],[109.9226,-1.823]]],[[[109.9326,-1.7703],[109.9299,-1.7626],[109.9326,-1.7703]]],[[[110.0234,-1.4375],[110.0234,-1.4375]]],[[[110.0488,-1.4319],[110.0498,-1.4386],[110.0488,-1.4319]]],[[[110.016,-1.428],[110.0192,-1.4366],[110.016,-1.428]]],[[[110.0047,-1.4292],[110.0073,-1.4249],[110.0047,-1.4292]]],[[[110.2041,-3.0678],[110.2041,-3.0678]]],[[[110.1766,-2.8581],[110.1607,-2.8552],[110.155,-2.8799],[110.1313,-2.8902],[110.136,-2.9009],[110.155,-2.9009],[110.1613,-2.9141],[110.1929,-2.9119],[110.2017,-2.8837],[110.1766,-2.8581]]],[[[110.162,-2.8502],[110.162,-2.8502]]],[[[110.1691,-2.8403],[110.1691,-2.8403]]],[[[110.1044,-2.7619],[110.1044,-2.7619]]],[[[110.1124,-2.6699],[110.1124,-2.6699]]],[[[110.1202,-2.6729],[110.1184,-2.6653],[110.1202,-2.6729]]],[[[110.1261,-2.6317],[110.1142,-2.6342],[110.1219,-2.6385],[110.1261,-2.6317]]],[[[110.1527,-2.6334],[110.1488,-2.6273],[110.1527,-2.6334]]],[[[110.145,-2.6255],[110.145,-2.6255]]],[[[110.0967,-2.1083],[110.0918,-2.1096],[110.0967,-2.1083]]]]},"properties":{"kab":"Kabupaten Ketapang","prov":"Kalimantan Barat","n":442,"kj":2,"dd":0,"top":[{"loc":"SMP Negeri 1 Marau","n":417,"d":"2026-02-05"},{"loc":"SDN 12 Benua Kayong","n":25,"d":"2025-09-23"}]}},{"type":"Feature","geometry":{"type":"Polygon","coordinates":[[[110.4772,-7.0875],[110.4998,-7.0969],[110.4958,-7.1099],[110.5134,-7.1282],[110.5424,-7.1283],[110.5705,-7.1482],[110.5817,-7.1193],[110.561,-7.0845],[110.5753,-7.0701],[110.588,-7.0731],[110.5966,-7.0527],[110.6056,-7.0506],[110.6258,-7.0105],[110.6244,-6.9756],[110.6585,-6.9725],[110.6718,-6.9762],[110.6682,-6.983],[110.6785,-6.9876],[110.6732,-7.0081],[110.6909,-7.0211],[110.6708,-7.0424],[110.6693,-7.0542],[110.6937,-7.0183],[110.7287,-7.0329],[110.7626,-7.0219],[110.7531,-7.0181],[110.7639,-7.0189],[110.7641,-7.0042],[110.7753,-7.0029],[110.7634,-6.9994],[110.7727,-6.9898],[110.7612,-6.9839],[110.7742,-6.9756],[110.7645,-6.9689],[110.7766,-6.9636],[110.7789,-6.9476],[110.7727,-6.9452],[110.7847,-6.9365],[110.7769,-6.9339],[110.789,-6.9316],[110.7865,-6.9108],[110.8336,-6.8504],[110.7974,-6.8383],[110.7793,-6.8059],[110.7609,-6.7952],[110.7194,-6.7887],[110.705,-6.7948],[110.6943,-6.7681],[110.6674,-6.7651],[110.6715,-6.7259],[110.6644,-6.7168],[110.622,-6.7082],[110.5766,-6.7365],[110.5654,-6.721],[110.5523,-6.7268],[110.5607,-6.7516],[110.5399,-6.7463],[110.5397,-6.7561],[110.5508,-6.7629],[110.5499,-6.7726],[110.5593,-6.7727],[110.5648,-6.7629],[110.5761,-6.7725],[110.5657,-6.7783],[110.5601,-6.805],[110.5461,-6.8213],[110.5221,-6.835],[110.5289,-6.8479],[110.5156,-6.8594],[110.5057,-6.8986],[110.4951,-6.9035],[110.5292,-6.9337],[110.4969,-6.9093],[110.4881,-6.9155],[110.4969,-6.9135],[110.527,-6.9346],[110.5111,-6.9301],[110.5177,-6.9376],[110.5044,-6.9407],[110.4852,-6.9279],[110.4925,-6.9268],[110.4878,-6.9219],[110.4811,-6.9249],[110.5009,-6.9382],[110.4779,-6.94],[110.4921,-6.9472],[110.4902,-6.9551],[110.5008,-6.9524],[110.5052,-6.9797],[110.4902,-7.0037],[110.5019,-7.0095],[110.4992,-7.0256],[110.4842,-7.0284],[110.4817,-7.0446],[110.4819,-7.056],[110.4884,-7.0526],[110.5,-7.0669],[110.4772,-7.0875]]]},"properties":{"kab":"Kabupaten Demak","prov":"Jawa Tengah","n":189,"kj":1,"dd":0,"top":[{"loc":"Ponpes Bustanul Qur'an","n":189,"d":"2026-04-18"}]}},{"type":"Feature","geometry":{"type":"Polygon","coordinates":[[[112.0733,-7.8732],[112.0661,-7.8536],[112.0693,-7.844],[112.0776,-7.8496],[112.0819,-7.8448],[112.0767,-7.8322],[112.0559,-7.8344],[112.0333,-7.8188],[112.0375,-7.8108],[112.0293,-7.8096],[112.0304,-7.7996],[112.0031,-7.7899],[112.0102,-7.7722],[111.9986,-7.7714],[111.9927,-7.7841],[111.9832,-7.7821],[111.9813,-7.7938],[111.9549,-7.8073],[111.9581,-7.8229],[111.9839,-7.8262],[111.987,-7.8396],[112.008,-7.8404],[111.9994,-7.8526],[112.0386,-7.8705],[112.0485,-7.8727],[112.0531,-7.8638],[112.0733,-7.8732]]]},"properties":{"kab":"Kota Kediri","prov":"Jawa Timur","n":290,"kj":3,"dd":0,"top":[{"loc":"TK Kusuma Mulya Krandang","n":211,"d":"2026-07-23"},{"loc":"SDN Ketami 1","n":73,"d":"2026-04-22"},{"loc":"TK (Spesifik tidak disebutkan)","n":6,"d":"2026-04-27"}]}},{"type":"Feature","geometry":{"type":"Polygon","coordinates":[[[108.3408,-7.8168],[108.441,-7.8207],[108.4819,-7.8024],[108.5026,-7.7839],[108.5076,-7.7639],[108.4968,-7.7409],[108.5027,-7.7113],[108.5403,-7.691],[108.5905,-7.683],[108.6405,-7.6876],[108.6554,-7.6996],[108.6506,-7.718],[108.6702,-7.7308],[108.6779,-7.7213],[108.6586,-7.7009],[108.6741,-7.6819],[108.7017,-7.6744],[108.7625,-7.6964],[108.7946,-7.6906],[108.8004,-7.6677],[108.7878,-7.6693],[108.7856,-7.6594],[108.7694,-7.6541],[108.7488,-7.633],[108.7411,-7.6134],[108.7318,-7.6134],[108.7405,-7.5926],[108.7507,-7.592],[108.7485,-7.5671],[108.7547,-7.5591],[108.7352,-7.5045],[108.7186,-7.484],[108.7193,-7.4705],[108.7077,-7.4693],[108.7061,-7.4772],[108.6989,-7.4619],[108.6844,-7.4607],[108.6487,-7.4679],[108.6462,-7.479],[108.6596,-7.513],[108.6466,-7.5403],[108.5534,-7.5742],[108.5266,-7.5727],[108.5218,-7.5438],[108.5345,-7.5355],[108.5209,-7.5238],[108.4854,-7.5285],[108.4581,-7.5162],[108.4531,-7.5036],[108.4329,-7.5048],[108.4194,-7.4896],[108.4104,-7.4978],[108.3999,-7.4794],[108.3721,-7.4795],[108.352,-7.498],[108.3397,-7.4948],[108.3332,-7.5486],[108.3538,-7.5622],[108.3588,-7.6078],[108.3673,-7.6086],[108.3598,-7.6129],[108.3647,-7.6228],[108.3578,-7.622],[108.3547,-7.6381],[108.3664,-7.6593],[108.3544,-7.6727],[108.3556,-7.6834],[108.3404,-7.6817],[108.3299,-7.6909],[108.3237,-7.6829],[108.3236,-7.6936],[108.3147,-7.69],[108.3247,-7.7151],[108.332,-7.7134],[108.3245,-7.72],[108.3197,-7.7146],[108.3205,-7.726],[108.313,-7.7243],[108.324,-7.757],[108.3251,-7.779],[108.3181,-7.7866],[108.3435,-7.8031],[108.3408,-7.8168]]]},"properties":{"kab":"Kabupaten Pangandaran","prov":"Jawa Barat","n":8,"kj":1,"dd":0,"top":[{"loc":"MI Attarbiyah Leuwiliang","n":8,"d":"2025-10-01"}]}},{"type":"Feature","geometry":{"type":"MultiPolygon","coordinates":[[[[106.8213,-6.1369],[106.8307,-6.1351],[106.8451,-6.1534],[106.8813,-6.1625],[106.8964,-6.178],[106.9225,-6.1831],[106.9222,-6.1612],[106.9402,-6.1513],[106.9444,-6.1629],[106.9715,-6.1543],[106.97,-6.0907],[106.9575,-6.0975],[106.9481,-6.0906],[106.9455,-6.0977],[106.919,-6.104],[106.9093,-6.0989],[106.907,-6.1085],[106.9051,-6.0979],[106.8927,-6.0974],[106.8924,-6.1069],[106.8883,-6.0972],[106.8867,-6.1065],[106.8842,-6.096],[106.8823,-6.1064],[106.8791,-6.095],[106.8728,-6.1145],[106.8649,-6.1123],[106.8729,-6.1044],[106.8405,-6.1239],[106.8172,-6.1149],[106.8118,-6.1227],[106.8037,-6.0946],[106.7992,-6.1078],[106.7966,-6.097],[106.7845,-6.1096],[106.766,-6.0999],[106.7374,-6.1003],[106.7257,-6.0891],[106.7105,-6.0964],[106.7509,-6.1344],[106.7753,-6.1452],[106.8006,-6.1419],[106.8007,-6.1343],[106.8132,-6.1301],[106.8213,-6.1369]]],[[[106.7933,-6.1039],[106.7933,-6.1039]]],[[[106.7944,-6.095],[106.7904,-6.1066],[106.7944,-6.095]]],[[[106.7923,-6.0968],[106.7923,-6.0968]]],[[[106.8773,-6.0947],[106.8777,-6.0999],[106.8773,-6.0947]]],[[[106.735,-6.0826],[106.7287,-6.0873],[106.7366,-6.0953],[106.735,-6.0826]]],[[[106.7564,-6.0819],[106.7514,-6.0743],[106.738,-6.097],[106.7505,-6.098],[106.7564,-6.0819]]],[[[106.9231,-6.0893],[106.9234,-6.0822],[106.899,-6.0823],[106.8991,-6.0899],[106.9231,-6.0893]]]]},"properties":{"kab":"Jakarta Utara","prov":"DKI Jakarta","n":21,"kj":2,"dd":0,"top":[{"loc":"TBA (Tidak diumumkan)","n":14,"d":"2025-09-08"},{"loc":"SMAN 15 Jakarta","n":7,"d":"2025-09-23"}]}},{"type":"Feature","geometry":{"type":"Polygon","coordinates":[[[109.391,-7.7261],[109.3877,-7.7558],[109.4098,-7.7664],[109.4123,-7.7763],[109.4217,-7.77],[109.4343,-7.7756],[109.4382,-7.7666],[109.4679,-7.7584],[109.5041,-7.7627],[109.6073,-7.7796],[109.8236,-7.8312],[109.8393,-7.7736],[109.832,-7.7232],[109.8276,-7.7146],[109.8026,-7.7089],[109.7978,-7.6953],[109.8079,-7.6709],[109.7984,-7.6472],[109.8148,-7.6306],[109.8145,-7.6014],[109.802,-7.6117],[109.7654,-7.6044],[109.7384,-7.5607],[109.7306,-7.559],[109.7381,-7.5535],[109.7411,-7.5309],[109.7734,-7.5191],[109.755,-7.4962],[109.7613,-7.4795],[109.7559,-7.4491],[109.7464,-7.4497],[109.6844,-7.5035],[109.646,-7.4948],[109.638,-7.4789],[109.6132,-7.5042],[109.5871,-7.5156],[109.5631,-7.5093],[109.552,-7.5113],[109.5455,-7.5226],[109.4975,-7.5034],[109.4818,-7.5179],[109.4366,-7.5276],[109.433,-7.5493],[109.4154,-7.5697],[109.4463,-7.621],[109.4348,-7.6357],[109.4248,-7.6325],[109.415,-7.6485],[109.3908,-7.6437],[109.3849,-7.6502],[109.3882,-7.6585],[109.3797,-7.6666],[109.3907,-7.6712],[109.3788,-7.6868],[109.3939,-7.6964],[109.3859,-7.7149],[109.391,-7.7261]]]},"properties":{"kab":"Kabupaten Kebumen","prov":"Jawa Tengah","n":176,"kj":1,"dd":0,"top":[{"loc":"SDN Tegalretno","n":176,"d":"2025-09-25"}]}},{"type":"Feature","geometry":{"type":"MultiPolygon","coordinates":[[[[129.723,-1.8657],[129.723,-1.8657]]],[[[129.6562,-1.804],[129.6448,-1.806],[129.641,-1.82],[129.6575,-1.8389],[129.6587,-1.8166],[129.6465,-1.8153],[129.6589,-1.8138],[129.6562,-1.804]]],[[[129.6378,-1.7955],[129.6297,-1.7994],[129.638,-1.8122],[129.6436,-1.7997],[129.6378,-1.7955]]],[[[129.6581,-1.8005],[129.6542,-1.7933],[129.6581,-1.8005]]],[[[129.6528,-1.7964],[129.6511,-1.7846],[129.6408,-1.7787],[129.6432,-1.8041],[129.6528,-1.7964]]],[[[129.6274,-1.7772],[129.6138,-1.7779],[129.6256,-1.7948],[129.634,-1.7899],[129.6274,-1.7772]]],[[[129.7215,-1.7827],[129.7215,-1.7827]]],[[[129.6598,-1.7749],[129.6539,-1.7801],[129.6634,-1.7866],[129.6598,-1.7749]]],[[[129.6956,-1.7577],[129.6923,-1.7726],[129.7011,-1.7874],[129.6956,-1.7577]]],[[[129.715,-1.7676],[129.7089,-1.763],[129.7095,-1.7727],[129.715,-1.7676]]],[[[129.7199,-1.2707],[129.7121,-1.2715],[129.7139,-1.2798],[129.7303,-1.2791],[129.7255,-1.2713],[129.7232,-1.2822],[129.714,-1.2792],[129.7199,-1.2707]]],[[[129.7174,-1.2749],[129.7174,-1.2749]]],[[[129.7207,-1.2735],[129.7207,-1.2735]]],[[[129.667,-1.2645],[129.661,-1.2597],[129.652,-1.272],[129.6592,-1.2741],[129.6524,-1.2689],[129.6623,-1.2617],[129.664,-1.2753],[129.667,-1.2645]]],[[[129.6865,-1.2616],[129.6811,-1.2661],[129.6865,-1.2616]]],[[[129.6692,-1.2533],[129.6692,-1.2533]]],[[[129.6904,-1.254],[129.6831,-1.2487],[129.6834,-1.2559],[129.6904,-1.254]]],[[[129.6773,-1.2463],[129.6802,-1.2507],[129.6773,-1.2463]]],[[[129.7088,-1.2328],[129.7005,-1.2336],[129.7088,-1.2328]]],[[[129.649,-1.2368],[129.6537,-1.2327],[129.6474,-1.2278],[129.649,-1.2368]]],[[[129.6506,-1.2163],[129.656,-1.2087],[129.6498,-1.2008],[129.6506,-1.2163]]],[[[129.711,-1.2125],[129.715,-1.2025],[129.7043,-1.2077],[129.711,-1.2125]]],[[[129.6813,-1.1935],[129.6886,-1.197],[129.6813,-1.1935]]],[[[129.3725,-1.1931],[129.3725,-1.1931]]],[[[129.3835,-1.1892],[129.3891,-1.1955],[129.3804,-1.196],[129.3966,-1.196],[129.3835,-1.1892]]],[[[129.4133,-1.1845],[129.4133,-1.1845]]],[[[129.466,-1.1698],[129.4432,-1.1721],[129.447,-1.1789],[129.4545,-1.1692],[129.4659,-1.1813],[129.4489,-1.1905],[129.4435,-1.1783],[129.4466,-1.1937],[129.4584,-1.1968],[129.4752,-1.1866],[129.466,-1.1698]]],[[[129.746,-1.1632],[129.7452,-1.154],[129.6731,-1.1788],[129.6804,-1.184],[129.6843,-1.178],[129.6927,-1.198],[129.7034,-1.2036],[129.692,-1.2052],[129.6719,-1.1911],[129.6737,-1.1837],[129.6701,-1.1899],[129.6818,-1.2046],[129.6992,-1.2067],[129.7177,-1.1975],[129.746,-1.1632]]],[[[129.3778,-1.175],[129.3812,-1.1875],[129.3781,-1.1796],[129.3857,-1.1743],[129.3778,-1.175]]],[[[129.363,-1.162],[129.3525,-1.1624],[129.3496,-1.1856],[129.3734,-1.1864],[129.3731,-1.1693],[129.363,-1.162]]],[[[129.4224,-1.1653],[129.4224,-1.1653]]],[[[129.3403,-1.155],[129.3134,-1.1581],[129.3003,-1.177],[129.3116,-1.1784],[129.3079,-1.1743],[129.316,-1.1725],[129.3098,-1.1671],[129.3228,-1.1737],[129.3509,-1.1642],[129.3403,-1.155]]],[[[129.3937,-1.1633],[129.3833,-1.1666],[129.397,-1.1703],[129.3937,-1.1633]]],[[[129.4062,-1.1594],[129.4011,-1.162],[129.4076,-1.1663],[129.4062,-1.1594]]],[[[129.4205,-1.1587],[129.4205,-1.1587]]],[[[129.427,-1.1542],[129.4233,-1.1649],[129.427,-1.1542]]],[[[129.4448,-1.1535],[129.4418,-1.1617],[129.4448,-1.1535]]],[[[130.0247,-2.0307],[130.0247,-2.0307]]],[[[130.0185,-2.0324],[130.0185,-2.0324]]],[[[130.0115,-2.0282],[130.0111,-2.03],[130.0123,-2.0293],[130.0115,-2.0282]]],[[[130.0033,-2.0276],[130.0033,-2.0276]]],[[[130.0259,-2.0082],[130.0109,-2.0209],[130.0322,-2.0184],[130.0318,-2.024],[130.0428,-2.0117],[130.0467,-2.0271],[130.0571,-2.0144],[130.056,-2.026],[130.0636,-2.0155],[130.0641,-2.0257],[130.078,-2.0271],[130.0829,-2.0196],[130.1032,-2.0177],[130.085,-2.0282],[130.1009,-2.0279],[130.1184,-2.0388],[130.0918,-2.0432],[130.1063,-2.0502],[130.1175,-2.0465],[130.1249,-2.06],[130.1717,-2.053],[130.1895,-2.0591],[130.1827,-2.0616],[130.1872,-2.0644],[130.2666,-2.0534],[130.2743,-2.0338],[130.283,-2.031],[130.273,-2.0247],[130.2736,-2.0154],[130.3031,-2.0105],[130.3241,-1.9699],[130.3352,-1.9695],[130.3435,-1.9565],[130.3485,-1.9595],[130.3386,-1.9696],[130.3527,-1.9808],[130.3882,-1.9808],[130.4072,-1.9701],[130.4126,-1.9894],[130.4251,-1.9739],[130.4188,-1.9874],[130.4397,-1.9826],[130.438,-1.9605],[130.444,-1.9556],[130.4278,-1.9724],[130.4334,-1.9535],[130.4258,-1.9522],[130.4197,-1.966],[130.4245,-1.953],[130.4188,-1.9488],[130.4066,-1.9623],[130.409,-1.9527],[130.4007,-1.9589],[130.3946,-1.9513],[130.3855,-1.9611],[130.3856,-1.9449],[130.3745,-1.9547],[130.38,-1.9441],[130.3679,-1.9535],[130.3628,-1.9473],[130.354,-1.9582],[130.3717,-1.9367],[130.3393,-1.9228],[130.3791,-1.9054],[130.3927,-1.8902],[130.4087,-1.8971],[130.417,-1.8762],[130.4095,-1.8587],[130.4307,-1.8645],[130.4347,-1.8375],[130.4442,-1.8307],[130.4221,-1.7992],[130.4224,-1.7787],[130.3872,-1.7569],[130.3735,-1.7588],[130.3491,-1.7311],[130.3497,-1.724],[130.3683,-1.7182],[130.3664,-1.7096],[130.3804,-1.6939],[130.376,-1.6814],[130.3483,-1.6698],[130.334,-1.6843],[130.2759,-1.697],[130.2567,-1.7296],[130.2451,-1.7232],[130.2358,-1.7294],[130.214,-1.727],[130.1946,-1.7174],[130.1329,-1.723],[130.1247,-1.7123],[130.098,-1.7305],[130.0575,-1.7251],[130.0281,-1.7426],[130.0098,-1.7423],[129.9781,-1.7702],[129.9702,-1.7618],[129.9527,-1.7769],[129.8995,-1.7848],[129.8896,-1.8046],[129.8732,-1.8097],[129.8651,-1.8244],[129.8206,-1.8279],[129.8178,-1.8434],[129.8091,-1.8325],[129.7774,-1.8477],[129.7553,-1.8454],[129.7377,-1.8574],[129.7255,-1.8802],[129.7195,-1.8795],[129.7281,-1.8935],[129.7338,-1.8892],[129.7427,-1.8978],[129.7304,-1.9004],[129.7896,-1.9262],[129.7851,-1.9318],[129.7946,-1.9388],[129.8013,-1.9319],[129.8205,-1.9399],[129.8604,-1.9754],[129.906,-1.9848],[129.9223,-1.9993],[129.9457,-1.9991],[129.9677,-2.0132],[129.9862,-2.0006],[129.9885,-2.0085],[129.997,-2.0084],[129.9907,-2.0173],[130.0259,-2.0082]]],[[[129.7635,-1.8449],[129.7635,-1.8449]]],[[[129.8321,-1.7458],[129.8356,-1.7414],[129.8321,-1.7458]]],[[[129.9518,-1.7164],[129.9518,-1.7164]]],[[[129.9282,-1.7158],[129.9282,-1.7158]]],[[[129.946,-1.7142],[129.9368,-1.7191],[129.946,-1.7142]]],[[[129.9472,-1.7147],[129.9472,-1.7147]]],[[[129.7799,-1.7056],[129.7821,-1.7252],[129.7799,-1.7056]]],[[[130.0059,-1.7135],[130.0059,-1.7135]]],[[[129.8346,-1.7119],[129.8346,-1.7119]]],[[[129.7926,-1.7082],[129.7923,-1.7136],[129.7926,-1.7082]]],[[[129.7729,-1.7029],[129.7656,-1.6997],[129.7741,-1.7178],[129.7729,-1.7029]]],[[[129.9546,-1.7022],[129.9546,-1.7022]]],[[[130.0034,-1.7003],[130.0071,-1.6966],[130.0034,-1.7003]]],[[[129.7879,-1.694],[129.7889,-1.7021],[129.7879,-1.694]]],[[[129.9921,-1.6744],[129.9881,-1.6811],[129.9921,-1.6744]]],[[[129.8734,-1.6735],[129.8686,-1.677],[129.8734,-1.6735]]],[[[129.8632,-1.6653],[129.8583,-1.6739],[129.8709,-1.6704],[129.8632,-1.6653]]],[[[129.9985,-1.6579],[129.997,-1.6577],[129.9977,-1.6589],[129.9985,-1.6579]]],[[[129.9709,-1.651],[129.9709,-1.651]]],[[[129.9195,-1.6364],[129.9099,-1.6284],[129.9123,-1.6507],[129.9233,-1.6442],[129.9195,-1.6364]]],[[[129.9984,-1.5919],[129.9977,-1.5972],[129.9984,-1.5919]]],[[[129.7662,-1.2668],[129.7506,-1.2661],[129.7491,-1.2743],[129.7668,-1.2734],[129.7662,-1.2668]]],[[[129.7362,-1.2673],[129.7362,-1.2673]]],[[[129.7304,-1.2605],[129.7304,-1.2605]]],[[[129.7428,-1.2575],[129.7428,-1.2575]]],[[[129.7587,-1.2517],[129.7587,-1.2517]]],[[[129.7728,-1.2485],[129.7764,-1.2443],[129.7728,-1.2485]]],[[[129.7942,-1.2444],[129.7942,-1.2444]]],[[[129.7851,-1.2449],[129.7851,-1.2449]]],[[[129.8285,-1.2213],[129.7887,-1.2294],[129.8122,-1.2305],[129.8285,-1.2213]]],[[[129.7339,-1.2293],[129.7394,-1.2274],[129.7307,-1.2201],[129.7272,-1.2271],[129.7339,-1.2293]]],[[[129.7846,-1.2236],[129.784,-1.216],[129.7663,-1.2291],[129.7764,-1.2317],[129.7846,-1.2236]]],[[[129.7987,-1.2205],[129.7987,-1.2205]]],[[[129.8401,-1.1569],[129.7574,-1.1723],[129.7308,-1.198],[129.7452,-1.2203],[129.7952,-1.2047],[129.8184,-1.2164],[129.8361,-1.2135],[129.8876,-1.1965],[129.8658,-1.2257],[129.862,-1.2116],[129.8493,-1.2163],[129.8532,-1.2225],[129.8385,-1.224],[129.8184,-1.2471],[129.8303,-1.2504],[129.8669,-1.2379],[129.9279,-1.1859],[129.9228,-1.2119],[129.9334,-1.2155],[129.9418,-1.1978],[129.9629,-1.1885],[129.9654,-1.178],[129.9704,-1.1835],[129.9779,-1.1714],[129.8943,-1.1604],[129.8845,-1.1472],[129.8665,-1.1443],[129.8539,-1.156],[129.8401,-1.1569]]],[[[129.7873,-1.1621],[129.7873,-1.1621]]],[[[129.7815,-1.1577],[129.7717,-1.161],[129.7815,-1.1577]]],[[[129.7938,-1.1596],[129.802,-1.1565],[129.7938,-1.1596]]],[[[129.7818,-1.1523],[129.7696,-1.1477],[129.7612,-1.1565],[129.7818,-1.1523]]],[[[129.8475,-1.1534],[129.8513,-1.1438],[129.8379,-1.1519],[129.8475,-1.1534]]],[[[129.7412,-0.8766],[129.7412,-0.8766]]],[[[129.7655,-0.8428],[129.7742,-0.8429],[129.7655,-0.8428]]],[[[129.8997,-0.842],[129.9051,-0.8379],[129.8973,-0.83],[129.8997,-0.842]]],[[[129.789,-0.7685],[129.7806,-0.7674],[129.7832,-0.7724],[129.7988,-0.7753],[129.789,-0.7685]]],[[[129.8912,-0.3979],[129.8671,-0.4156],[129.86,-0.4121],[129.8458,-0.4394],[129.8529,-0.4685],[129.8732,-0.4978],[129.9007,-0.4797],[129.898,-0.4725],[129.9068,-0.4641],[129.9027,-0.4395],[129.9191,-0.4426],[129.9149,-0.4308],[129.9242,-0.4142],[129.9127,-0.4002],[129.8912,-0.3979]]],[[[130.0357,0.1589],[130.0262,0.159],[130.0357,0.1589]]],[[[130.0173,0.1627],[130.024,0.1593],[130.0173,0.1627]]],[[[130.0309,0.1611],[130.0309,0.1611]]],[[[130.0267,0.1661],[130.0267,0.1661]]],[[[130.0181,0.1661],[130.0181,0.1661]]],[[[130.0357,0.1674],[130.0409,0.1631],[130.0357,0.1674]]],[[[130.0304,0.1667],[130.0304,0.1667]]],[[[130.0367,0.1686],[130.0367,0.1686]]],[[[130.0394,0.1855],[130.0276,0.1804],[130.0021,0.1869],[129.9986,0.1801],[130.0286,0.1699],[130.0222,0.1787],[130.0357,0.179],[130.0488,0.1677],[130.0394,0.1855]]],[[[130.1228,-2.1317],[130.1228,-2.1317]]],[[[130.1255,-2.0849],[130.1255,-2.0849]]],[[[130.0659,-2.0322],[130.0659,-2.0322]]],[[[130.0763,-1.7199],[130.0763,-1.7199]]],[[[130.099,-1.7194],[130.099,-1.7194]]],[[[130.0859,-1.7207],[130.0859,-1.7207]]],[[[130.1433,-1.7118],[130.1354,-1.7153],[130.1433,-1.7118]]],[[[130.0572,-1.6975],[130.0572,-1.6975]]],[[[130.055,-1.6901],[130.0501,-1.6884],[130.055,-1.6901]]],[[[130.1226,-1.4906],[130.1226,-1.4906]]],[[[130.1359,-1.4924],[130.1359,-1.4924]]],[[[130.0742,-1.483],[130.0742,-1.483]]],[[[130.1046,-1.4507],[130.0989,-1.4572],[130.1046,-1.4507]]],[[[130.1222,-1.4365],[130.1152,-1.4387],[130.1177,-1.4452],[130.1222,-1.4365]]],[[[130.1085,-0.7576],[130.114,-0.7533],[130.1085,-0.7576]]],[[[130.1274,-0.7442],[130.157,-0.7372],[130.1461,-0.7276],[130.1274,-0.7442]]],[[[130.1484,-0.3297],[130.1506,-0.3118],[130.1351,-0.3125],[130.1484,-0.3297]]],[[[130.067,-0.0658],[130.0136,-0.0702],[130.0639,-0.0766],[130.067,-0.0658]]],[[[130.1387,0.0158],[130.0959,0.0111],[130.0884,-0.0],[130.1122,-0.0285],[130.1115,-0.035],[130.0976,-0.0345],[130.1043,-0.0465],[130.0941,-0.0498],[130.1008,-0.0571],[130.0962,-0.0645],[130.1109,-0.0663],[130.1148,-0.0886],[130.1253,-0.0865],[130.131,-0.0967],[130.1448,-0.0914],[130.1528,-0.0724],[130.1658,-0.0656],[130.1537,-0.0564],[130.1563,-0.0377],[130.1461,-0.0467],[130.1329,-0.0338],[130.1297,-0.0417],[130.1161,-0.0356],[130.1283,-0.0235],[130.1404,-0.0272],[130.1418,-0.017],[130.1179,-0.0148],[130.1214,-0.0111],[130.111,-0.0056],[130.1177,-0.0005],[130.11,0.0047],[130.1263,0.0019],[130.12,0.0098],[130.1291,0.0115],[130.1352,0.0044],[130.1387,0.0158]]],[[[130.13,-0.003],[130.1234,-0.0003],[130.13,-0.003]]],[[[130.1349,0.1213],[130.1328,0.1219],[130.1329,0.1209],[130.1349,0.1213]]],[[[130.1391,0.1211],[130.1391,0.1211]]],[[[130.0969,0.1237],[130.0969,0.1237]]],[[[130.1242,0.1298],[130.1306,0.1261],[130.1242,0.1298]]],[[[130.1027,0.128],[130.1027,0.128]]],[[[130.085,0.1305],[130.0845,0.1322],[130.0839,0.1319],[130.085,0.1305]]],[[[130.0811,0.1301],[130.0811,0.1301]]],[[[130.0764,0.1324],[130.0764,0.1324]]],[[[130.0867,0.1336],[130.0867,0.1336]]],[[[130.0779,0.145],[130.0632,0.1378],[130.0772,0.1328],[130.0779,0.145]]],[[[130.1206,0.1469],[130.115,0.1431],[130.1252,0.136],[130.1507,0.1316],[130.1206,0.1469]]],[[[130.0745,0.1487],[130.0745,0.1487]]],[[[130.0754,0.156],[130.0754,0.156]]],[[[130.0391,0.1557],[130.0391,0.1557]]],[[[130.039,0.1602],[130.039,0.1602]]],[[[130.0709,0.1662],[130.0703,0.1577],[130.0709,0.1662]]],[[[130.0598,0.174],[130.0521,0.1739],[130.0603,0.1684],[130.0515,0.1718],[130.0544,0.1652],[130.0413,0.1522],[130.0658,0.1537],[130.0589,0.1652],[130.0684,0.17],[130.0598,0.174]]],[[[130.0445,0.1694],[130.0421,0.1642],[130.0445,0.1694]]],[[[130.0399,0.168],[130.0399,0.168]]],[[[130.0569,0.1765],[130.0569,0.1765]]],[[[130.2015,-2.1951],[130.1949,-2.1968],[130.2015,-2.1951]]],[[[130.2305,-2.1952],[130.2305,-2.1952]]],[[[130.2278,-2.1924],[130.2159,-2.1953],[130.2278,-2.1924]]],[[[130.2147,-2.1931],[130.2147,-2.1931]]],[[[130.2231,-2.1862],[130.2231,-2.1862]]],[[[130.2201,-2.1843],[130.2201,-2.1843]]],[[[130.2008,-2.1469],[130.1934,-2.1477],[130.2008,-2.1469]]],[[[130.2286,-2.1437],[130.2137,-2.1494],[130.2286,-2.1437]]],[[[130.1863,-2.1443],[130.1711,-2.1441],[130.1863,-2.1443]]],[[[130.2026,-2.1416],[130.1874,-2.1452],[130.2026,-2.1416]]],[[[130.2069,-2.1376],[130.2069,-2.1376]]],[[[130.2114,-2.1358],[130.2088,-2.1355],[130.2092,-2.1366],[130.2114,-2.1358]]],[[[130.1964,-2.1346],[130.1964,-2.1346]]],[[[130.1926,-2.1285],[130.1926,-2.1285]]],[[[130.1942,-2.091],[130.1942,-2.091]]],[[[130.1682,-2.087],[130.1682,-2.087]]],[[[130.1663,-2.086],[130.1663,-2.086]]],[[[130.1548,-2.0833],[130.1601,-2.0858],[130.1548,-2.0833]]],[[[130.1604,-2.0693],[130.1515,-2.0688],[130.159,-2.0759],[130.1696,-2.0679],[130.1604,-2.0693]]],[[[130.1776,-2.0632],[130.1776,-2.0632]]],[[[130.1512,-1.7108],[130.1503,-1.7167],[130.1512,-1.7108]]],[[[130.2423,-1.7029],[130.2292,-1.7061],[130.2377,-1.7099],[130.2423,-1.7029]]],[[[130.1904,-1.6466],[130.1904,-1.6466]]],[[[130.2088,-1.6456],[130.1997,-1.6476],[130.2088,-1.6456]]],[[[130.1735,-1.6366],[130.1735,-1.6366]]],[[[130.2192,-1.6362],[130.2192,-1.6362]]],[[[130.2624,-1.4642],[130.2288,-1.4681],[130.2076,-1.4839],[130.2354,-1.4856],[130.2624,-1.4642]]],[[[130.1526,-1.4356],[130.1456,-1.4449],[130.1533,-1.4436],[130.1526,-1.4356]]],[[[130.1788,-1.4084],[130.1749,-1.414],[130.1788,-1.4084]]],[[[130.2371,-1.3589],[130.2205,-1.3702],[130.2371,-1.3589]]],[[[130.2357,-0.7331],[130.2365,-0.7226],[130.2153,-0.7294],[130.2181,-0.7402],[130.2357,-0.7331]]],[[[130.2243,-0.4019],[130.2302,-0.4027],[130.2243,-0.4019]]],[[[130.1985,-0.3524],[130.1985,-0.3524]]],[[[130.2198,-0.329],[130.1806,-0.3205],[130.1977,-0.3359],[130.2092,-0.3323],[130.2052,-0.3388],[130.2131,-0.3464],[130.2299,-0.3455],[130.2257,-0.3266],[130.2198,-0.329]]],[[[130.2086,-0.3255],[130.2086,-0.3255]]],[[[130.2142,-0.3243],[130.2142,-0.3243]]],[[[130.2306,-0.296],[130.2286,-0.278],[130.2036,-0.2839],[130.2078,-0.2927],[130.2007,-0.3065],[130.2306,-0.3208],[130.2429,-0.3026],[130.2306,-0.296]]],[[[130.1974,-0.2946],[130.1858,-0.2824],[130.1974,-0.2946]]],[[[130.2121,-0.1812],[130.2045,-0.182],[130.2121,-0.1812]]],[[[130.2366,-0.1651],[130.2098,-0.1766],[130.2374,-0.1844],[130.2495,-0.1801],[130.2366,-0.1651]]],[[[130.2259,-0.1507],[130.2259,-0.1507]]],[[[130.1938,-0.1064],[130.1938,-0.1064]]],[[[130.1845,-0.0913],[130.1851,-0.1029],[130.1911,-0.097],[130.1845,-0.0913]]],[[[130.1774,-0.0858],[130.1774,-0.0858]]],[[[130.1903,-0.0677],[130.1903,-0.0677]]],[[[130.1802,0.0052],[130.1692,0.0022],[130.1802,0.0052]]],[[[130.2149,0.1119],[130.2125,0.106],[130.2303,0.0942],[130.2149,0.1119]]],[[[130.2927,-2.2302],[130.2927,-2.2302]]],[[[130.2621,-2.2246],[130.2578,-2.2306],[130.2838,-2.2309],[130.2621,-2.2246]]],[[[130.2947,-2.204],[130.289,-2.203],[130.2947,-2.204]]],[[[130.2455,-2.1811],[130.2243,-2.1823],[130.2373,-2.1897],[130.2532,-2.1873],[130.2462,-2.1967],[130.231,-2.1977],[130.2553,-2.2111],[130.2788,-2.2116],[130.2698,-2.1948],[130.3036,-2.1934],[130.2455,-2.1811]]],[[[130.2645,-2.1547],[130.2645,-2.1547]]],[[[130.2833,-2.1226],[130.2721,-2.1283],[130.2813,-2.1304],[130.2833,-2.1226]]],[[[130.2875,-2.0148],[130.2875,-2.0148]]],[[[130.2916,-2.0142],[130.2916,-2.0142]]],[[[130.27,-1.7048],[130.2522,-1.7073],[130.2644,-1.7123],[130.27,-1.7048]]],[[[130.2399,-1.6318],[130.2399,-1.6318]]],[[[130.2534,-1.4793],[130.2479,-1.4816],[130.2534,-1.4793]]],[[[130.2692,-1.4659],[130.2541,-1.4751],[130.2692,-1.4659]]],[[[130.289,-1.4366],[130.2877,-1.4282],[130.2827,-1.4357],[130.289,-1.4366]]],[[[130.2563,-0.6971],[130.2698,-0.6943],[130.2563,-0.6971]]],[[[130.2316,-0.6991],[130.251,-0.6908],[130.2353,-0.6873],[130.2316,-0.6991]]],[[[130.2814,-0.6819],[130.2811,-0.6911],[130.2814,-0.6819]]],[[[130.2763,-0.6814],[130.2692,-0.6829],[130.2763,-0.6814]]],[[[130.2565,-0.6722],[130.25,-0.6686],[130.2468,-0.6746],[130.2549,-0.6802],[130.2565,-0.6722]]],[[[130.2981,-0.6712],[130.2903,-0.6767],[130.2981,-0.6712]]],[[[130.2955,-0.6596],[130.3169,-0.6508],[130.3024,-0.6406],[130.2685,-0.6651],[130.283,-0.6675],[130.2955,-0.6596]]],[[[130.2787,-0.6542],[130.2726,-0.6539],[130.2787,-0.6542]]],[[[130.2961,-0.5923],[130.2961,-0.5923]]],[[[130.2536,-0.5474],[130.2708,-0.5742],[130.2641,-0.5812],[130.2776,-0.5853],[130.2843,-0.6051],[130.2875,-0.5892],[130.2789,-0.5925],[130.2728,-0.5619],[130.2536,-0.5474]]],[[[130.2844,-0.5655],[130.2844,-0.5655]]],[[[130.2564,-0.3966],[130.2529,-0.3928],[130.2564,-0.3966]]],[[[130.2798,-0.3924],[130.2798,-0.3924]]],[[[130.2645,-0.3878],[130.2733,-0.385],[130.2645,-0.3878]]],[[[130.2775,-0.3685],[130.2764,-0.3749],[130.2821,-0.3714],[130.2775,-0.3685]]],[[[130.2907,-0.3721],[130.3066,-0.3697],[130.2899,-0.3653],[130.2907,-0.3721]]],[[[130.2501,-0.3184],[130.2432,-0.3189],[130.2505,-0.3245],[130.2501,-0.3184]]],[[[130.2735,-0.3058],[130.2735,-0.3058]]],[[[130.291,-0.2542],[130.291,-0.2542]]],[[[130.2882,-0.2489],[130.2882,-0.2489]]],[[[130.2318,-0.2016],[130.2188,-0.2076],[130.2244,-0.2162],[130.2597,-0.2271],[130.2865,-0.226],[130.3158,-0.2479],[130.3186,-0.273],[130.3275,-0.26],[130.3288,-0.2731],[130.3431,-0.2556],[130.3553,-0.2534],[130.3859,-0.2785],[130.3919,-0.2743],[130.3763,-0.2607],[130.3925,-0.2614],[130.3987,-0.2714],[130.4319,-0.2612],[130.4434,-0.2825],[130.4308,-0.2858],[130.4499,-0.2894],[130.4633,-0.2616],[130.485,-0.2627],[130.5173,-0.2415],[130.5277,-0.2466],[130.5348,-0.2575],[130.5174,-0.2942],[130.5239,-0.309],[130.5464,-0.3064],[130.5439,-0.3832],[130.5576,-0.3756],[130.5584,-0.3923],[130.5412,-0.4243],[130.556,-0.4305],[130.5914,-0.3794],[130.5862,-0.3585],[130.5595,-0.3678],[130.5669,-0.3507],[130.576,-0.3485],[130.5701,-0.34],[130.5831,-0.3338],[130.575,-0.3196],[130.604,-0.3133],[130.618,-0.3006],[130.6142,-0.3078],[130.6366,-0.3035],[130.6365,-0.313],[130.6785,-0.2925],[130.6953,-0.3009],[130.6971,-0.3194],[130.7051,-0.3262],[130.6733,-0.3389],[130.687,-0.3406],[130.6942,-0.3507],[130.7058,-0.3781],[130.6998,-0.3889],[130.7069,-0.3969],[130.7029,-0.411],[130.7271,-0.4394],[130.7671,-0.4417],[130.7714,-0.4327],[130.7907,-0.4426],[130.8015,-0.4284],[130.8131,-0.4374],[130.8567,-0.4162],[130.8805,-0.4203],[130.8834,-0.4036],[130.9105,-0.3905],[130.9125,-0.397],[130.928,-0.3787],[130.9366,-0.3799],[130.9191,-0.3597],[130.9395,-0.3634],[130.9441,-0.355],[130.9321,-0.3486],[130.919,-0.3058],[130.8982,-0.3154],[130.853,-0.31],[130.8471,-0.2932],[130.8269,-0.2881],[130.8111,-0.2954],[130.8214,-0.3045],[130.8143,-0.3122],[130.7937,-0.305],[130.7879,-0.2939],[130.7838,-0.3009],[130.7833,-0.2916],[130.7303,-0.2945],[130.7407,-0.275],[130.7267,-0.2638],[130.7219,-0.2394],[130.6941,-0.1979],[130.6563,-0.1521],[130.6202,-0.1447],[130.6234,-0.1323],[130.6263,-0.1432],[130.6356,-0.1436],[130.6225,-0.1204],[130.6661,-0.1171],[130.6457,-0.1136],[130.654,-0.1018],[130.6198,-0.1041],[130.624,-0.0966],[130.6159,-0.0993],[130.6107,-0.0907],[130.622,-0.0798],[130.6457,-0.0958],[130.6516,-0.0833],[130.6647,-0.0874],[130.6637,-0.0788],[130.6987,-0.0778],[130.6953,-0.0929],[130.6802,-0.0986],[130.7088,-0.0958],[130.7218,-0.1367],[130.7562,-0.1591],[130.7665,-0.154],[130.7687,-0.1625],[130.777,-0.154],[130.7823,-0.1695],[130.7907,-0.1695],[130.7857,-0.1781],[130.7968,-0.1924],[130.7904,-0.2231],[130.7999,-0.2417],[130.8385,-0.2454],[130.8609,-0.2321],[130.8686,-0.235],[130.8989,-0.2703],[130.8977,-0.292],[130.9044,-0.2942],[130.8957,-0.2998],[130.9199,-0.3005],[130.9418,-0.3422],[130.9597,-0.3508],[130.9929,-0.3566],[130.988,-0.3377],[131.0053,-0.3355],[131.0245,-0.3571],[131.0358,-0.3372],[131.0444,-0.3465],[131.0553,-0.3427],[131.067,-0.3279],[131.0638,-0.3223],[131.0808,-0.3214],[131.1,-0.3073],[131.1024,-0.3223],[131.1934,-0.3421],[131.1917,-0.354],[131.2007,-0.358],[131.1956,-0.3697],[131.2131,-0.3649],[131.2471,-0.3799],[131.2556,-0.3722],[131.2452,-0.3402],[131.2775,-0.345],[131.2866,-0.335],[131.2804,-0.3281],[131.3017,-0.3202],[131.3108,-0.2983],[131.3232,-0.3011],[131.341,-0.2909],[131.2968,-0.2436],[131.2945,-0.2224],[131.315,-0.2096],[131.3181,-0.1979],[131.3084,-0.1922],[131.3119,-0.1837],[131.2994,-0.1599],[131.2625,-0.1488],[131.2583,-0.1359],[131.2369,-0.1448],[131.2277,-0.1328],[131.213,-0.1388],[131.2008,-0.127],[131.1948,-0.13],[131.1811,-0.1007],[131.1667,-0.1003],[131.1573,-0.0809],[131.1328,-0.0706],[131.105,-0.0742],[131.0885,-0.0619],[131.0733,-0.07],[131.0336,-0.0605],[131.0541,-0.0494],[131.0517,-0.0221],[131.0458,-0.0203],[131.0378,-0.0331],[131.0169,-0.0321],[131.0173,-0.0404],[131.0079,-0.0439],[130.9922,-0.0446],[130.977,-0.0349],[130.9855,-0.0546],[130.966,-0.0623],[130.9702,-0.0496],[130.9544,-0.0336],[130.9494,-0.0416],[130.9387,-0.0409],[130.8798,-0.0151],[130.8334,-0.0093],[130.8276,-0.0157],[130.8215,-0.0076],[130.7982,-0.0053],[130.7401,-0.0253],[130.7396,-0.0359],[130.7844,-0.0428],[130.7825,-0.0507],[130.7703,-0.0483],[130.7699,-0.0544],[130.7562,-0.0493],[130.7482,-0.0564],[130.7388,-0.0471],[130.7378,-0.0537],[130.7272,-0.0568],[130.7247,-0.0506],[130.7075,-0.062],[130.7074,-0.0536],[130.7319,-0.0369],[130.7267,-0.0281],[130.7104,-0.0302],[130.692,-0.0458],[130.6833,-0.0411],[130.6678,-0.0532],[130.6564,-0.0501],[130.6554,-0.0596],[130.6376,-0.0548],[130.634,-0.0632],[130.6195,-0.0514],[130.6075,-0.0569],[130.593,-0.0433],[130.5863,-0.0612],[130.5772,-0.0542],[130.5803,-0.0429],[130.5698,-0.039],[130.571,-0.0509],[130.5646,-0.0497],[130.5767,-0.0561],[130.5791,-0.0749],[130.5486,-0.0578],[130.5602,-0.0722],[130.5448,-0.0764],[130.5408,-0.058],[130.5327,-0.0596],[130.5225,-0.0481],[130.5086,-0.0508],[130.5262,-0.0681],[130.5046,-0.0692],[130.4972,-0.0822],[130.4903,-0.0737],[130.4737,-0.0767],[130.4747,-0.088],[130.4594,-0.0814],[130.4468,-0.1004],[130.4388,-0.0741],[130.4264,-0.0884],[130.4379,-0.0905],[130.4358,-0.1034],[130.4229,-0.1074],[130.4182,-0.1005],[130.4127,-0.1146],[130.3976,-0.1101],[130.408,-0.0949],[130.4001,-0.0845],[130.4055,-0.0777],[130.368,-0.0752],[130.3802,-0.0826],[130.363,-0.0825],[130.3702,-0.0982],[130.3809,-0.1009],[130.3753,-0.1044],[130.3821,-0.119],[130.3632,-0.136],[130.3496,-0.113],[130.3594,-0.1032],[130.3481,-0.0783],[130.3456,-0.1099],[130.3355,-0.1021],[130.3255,-0.1088],[130.3216,-0.1014],[130.3099,-0.1032],[130.2998,-0.0929],[130.2989,-0.1043],[130.282,-0.1098],[130.2935,-0.1281],[130.2811,-0.1305],[130.2835,-0.1436],[130.3073,-0.1492],[130.3096,-0.1615],[130.2991,-0.165],[130.3014,-0.1729],[130.3562,-0.1908],[130.3486,-0.1616],[130.3333,-0.1519],[130.336,-0.1409],[130.3661,-0.16],[130.3626,-0.1406],[130.3726,-0.1379],[130.376,-0.1631],[130.3894,-0.1718],[130.3847,-0.1588],[130.3991,-0.1689],[130.4111,-0.1586],[130.4191,-0.1619],[130.4016,-0.1285],[130.418,-0.1377],[130.4246,-0.1289],[130.4282,-0.1353],[130.4187,-0.149],[130.4249,-0.1656],[130.3763,-0.1823],[130.3923,-0.1867],[130.4286,-0.1761],[130.4511,-0.1984],[130.4414,-0.1952],[130.415,-0.2062],[130.4019,-0.2274],[130.3737,-0.2383],[130.3681,-0.2244],[130.3791,-0.2343],[130.387,-0.2288],[130.3747,-0.2242],[130.3701,-0.2111],[130.3756,-0.211],[130.3675,-0.2034],[130.3472,-0.2054],[130.3383,-0.2186],[130.2854,-0.2142],[130.268,-0.2211],[130.2729,-0.2119],[130.2318,-0.2016]]],[[[130.2492,-0.1901],[130.2581,-0.1947],[130.2492,-0.1901]]],[[[130.2654,-0.181],[130.2544,-0.1792],[130.255,-0.1857],[130.2721,-0.1946],[130.298,-0.1909],[130.2805,-0.1782],[130.2654,-0.181]]],[[[130.2947,-0.1662],[130.2947,-0.1662]]],[[[130.2714,-0.1683],[130.2731,-0.1584],[130.2492,-0.15],[130.2615,-0.1567],[130.2481,-0.1606],[130.2485,-0.1753],[130.2675,-0.1782],[130.2714,-0.1683]]],[[[130.2733,-0.1474],[130.2757,-0.1535],[130.2733,-0.1474]]],[[[130.2658,-0.1451],[130.2658,-0.1451]]],[[[130.2691,-0.1075],[130.2517,-0.1099],[130.2622,-0.1222],[130.2735,-0.1131],[130.2691,-0.1075]]],[[[130.2714,-0.1016],[130.2703,-0.1032],[130.2718,-0.1028],[130.2714,-0.1016]]],[[[130.2461,0.1105],[130.2559,0.1033],[130.2502,0.0983],[130.2765,0.101],[130.2461,0.1105]]],[[[130.3113,-2.1951],[130.3113,-2.1951]]],[[[130.3057,-2.1944],[130.3057,-2.1944]]],[[[130.3885,-2.1245],[130.375,-2.1254],[130.3885,-2.1245]]],[[[130.3367,-2.1245],[130.3245,-2.1248],[130.3367,-2.1245]]],[[[130.3135,-2.1231],[130.3085,-2.1256],[130.3135,-2.1231]]],[[[130.3136,-2.1205],[130.3178,-2.1172],[130.3136,-2.1205]]],[[[130.3718,-2.0508],[130.3642,-2.0552],[130.3763,-2.055],[130.3718,-2.0508]]],[[[130.379,-2.0511],[130.379,-2.0511]]],[[[130.364,-2.0465],[130.364,-2.0465]]],[[[130.3726,-2.0459],[130.3726,-2.0459]]],[[[130.3587,-2.0467],[130.3587,-2.0467]]],[[[130.3761,-2.045],[130.3761,-2.045]]],[[[130.3873,-2.0345],[130.3843,-2.0418],[130.3873,-2.0345]]],[[[130.3288,-2.0289],[130.3288,-2.0289]]],[[[130.3325,-2.0221],[130.3325,-2.0221]]],[[[130.3846,-2.0098],[130.3846,-2.0098]]],[[[130.336,-1.9746],[130.3277,-1.974],[130.3256,-1.9863],[130.3393,-1.9835],[130.3399,-1.9909],[130.3582,-1.9916],[130.3859,-2.0116],[130.4008,-2.0101],[130.4047,-1.9938],[130.3965,-1.9839],[130.336,-1.9746]]],[[[130.3872,-1.9534],[130.3872,-1.9534]]],[[[130.3679,-1.95],[130.3679,-1.95]]],[[[130.3813,-1.9487],[130.3813,-1.9487]]],[[[130.381,-1.9398],[130.381,-1.9398]]],[[[130.3786,-1.9366],[130.3712,-1.9438],[130.3786,-1.9366]]],[[[130.3168,-1.6456],[130.3168,-1.6456]]],[[[130.3154,-1.6441],[130.3154,-1.6441]]],[[[130.3399,-1.6337],[130.3399,-1.6337]]],[[[130.3133,-1.6172],[130.3034,-1.6183],[130.3083,-1.6232],[130.3133,-1.6172]]],[[[130.3246,-1.6138],[130.3307,-1.6133],[130.3239,-1.6082],[130.3246,-1.6138]]],[[[130.3409,-1.592],[130.3478,-1.5947],[130.3409,-1.592]]],[[[130.3254,-1.4466],[130.3254,-1.4466]]],[[[130.3195,-1.4302],[130.3131,-1.4333],[130.3268,-1.4381],[130.3195,-1.4302]]],[[[130.367,-0.9197],[130.367,-0.9197]]],[[[130.3152,-0.6874],[130.3152,-0.6874]]],[[[130.3051,-0.592],[130.2994,-0.5887],[130.3051,-0.592]]],[[[130.3837,-0.4928],[130.3837,-0.4928]]],[[[130.338,-0.4874],[130.338,-0.4874]]],[[[130.3604,-0.4859],[130.3409,-0.4843],[130.3604,-0.4859]]],[[[130.311,-0.4186],[130.311,-0.4186]]],[[[130.3204,-0.3614],[130.3204,-0.3614]]],[[[130.3457,-0.3444],[130.3409,-0.3475],[130.3457,-0.3444]]],[[[130.39,-0.3154],[130.381,-0.3144],[130.3816,-0.3257],[130.3825,-0.3148],[130.39,-0.3154]]],[[[130.3623,-0.3116],[130.3513,-0.3123],[130.3583,-0.3187],[130.3623,-0.3116]]],[[[130.3823,-0.3009],[130.3823,-0.3009]]],[[[130.3758,-0.2956],[130.3692,-0.3006],[130.3748,-0.3049],[130.3758,-0.2956]]],[[[130.3479,-0.2968],[130.3382,-0.2985],[130.3479,-0.2968]]],[[[130.3867,-0.2632],[130.3867,-0.2632]]],[[[130.3541,-0.2586],[130.3541,-0.2586]]],[[[130.39,-0.227],[130.384,-0.2274],[130.39,-0.227]]],[[[130.3467,-0.1987],[130.3174,-0.211],[130.3315,-0.2162],[130.3467,-0.1987]]],[[[130.3149,-0.205],[130.3149,-0.205]]],[[[130.3202,-0.2035],[130.3202,-0.2035]]],[[[130.3576,-0.2023],[130.3576,-0.2023]]],[[[130.3221,-0.2014],[130.3221,-0.2014]]],[[[130.3258,-0.2013],[130.3258,-0.2013]]],[[[130.3496,-0.1978],[130.3496,-0.1978]]],[[[130.3463,-0.1977],[130.3463,-0.1977]]],[[[130.3727,-0.1844],[130.3557,-0.1853],[130.3727,-0.1844]]],[[[130.3636,-0.1731],[130.3636,-0.1731]]],[[[130.3623,-0.167],[130.3623,-0.167]]],[[[130.3521,-0.1665],[130.3521,-0.1665]]],[[[130.3033,-0.1592],[130.3033,-0.1592]]],[[[130.3617,-0.1233],[130.3617,-0.1233]]],[[[130.358,-0.0962],[130.358,-0.0962]]],[[[130.3338,-0.0954],[130.3338,-0.0954]]],[[[130.3329,-0.0806],[130.3278,-0.081],[130.3329,-0.0806]]],[[[130.367,-0.0753],[130.3612,-0.0705],[130.367,-0.0753]]],[[[130.3939,-2.2514],[130.3939,-2.2514]]],[[[130.4157,-2.2341],[130.4157,-2.2341]]],[[[130.4178,-2.2084],[130.4178,-2.2084]]],[[[130.4209,-2.2041],[130.4225,-2.2037],[130.4225,-2.2012],[130.4209,-2.2041]]],[[[130.4256,-2.1971],[130.4201,-2.2009],[130.4256,-2.1971]]],[[[130.3957,-2.125],[130.3957,-2.125]]],[[[130.4131,-2.1224],[130.4131,-2.1224]]],[[[130.3956,-2.1163],[130.3993,-2.121],[130.3956,-2.1163]]],[[[130.4213,-2.1137],[130.4213,-2.1137]]],[[[130.4064,-2.1121],[130.4064,-2.1121]]],[[[130.4151,-2.1075],[130.409,-2.1134],[130.4175,-2.1124],[130.4151,-2.1075]]],[[[130.4179,-2.0891],[130.4083,-2.1038],[130.4179,-2.0891]]],[[[130.3999,-2.0761],[130.3999,-2.0761]]],[[[130.4103,-2.0682],[130.4103,-2.0682]]],[[[130.4117,-2.0591],[130.4117,-2.0591]]],[[[130.4175,-2.0499],[130.4175,-2.0499]]],[[[130.414,-2.0468],[130.414,-2.0468]]],[[[130.4101,-2.0398],[130.3979,-2.0456],[130.4101,-2.0398]]],[[[130.4075,-2.0119],[130.3738,-2.0262],[130.3721,-2.0369],[130.3846,-2.0295],[130.3991,-2.0354],[130.4113,-2.0212],[130.4534,-2.0185],[130.4609,-2.0056],[130.4785,-2.0076],[130.4668,-1.9987],[130.4458,-2.0069],[130.4446,-2.0001],[130.4371,-2.0094],[130.4347,-1.9975],[130.4061,-1.9949],[130.4041,-2.01],[130.4159,-2.0108],[130.4119,-2.0188],[130.4075,-2.0119]]],[[[130.3965,-2.0111],[130.3965,-2.0111]]],[[[130.4065,-1.9603],[130.4065,-1.9603]]],[[[130.41,-1.9546],[130.41,-1.9546]]],[[[130.3985,-1.9489],[130.3985,-1.9489]]],[[[130.4234,-1.8741],[130.4234,-1.8741]]],[[[130.3982,-1.7524],[130.3982,-1.7524]]],[[[130.4208,-1.4197],[130.4247,-1.4151],[130.4208,-1.4197]]],[[[130.4102,-1.3875],[130.4102,-1.3875]]],[[[130.4226,-0.3684],[130.4226,-0.3684]]],[[[130.3933,-0.3404],[130.3887,-0.3528],[130.3933,-0.3404]]],[[[130.3967,-0.3145],[130.3967,-0.3145]]],[[[130.4219,-0.2696],[130.4219,-0.2696]]],[[[130.3941,-0.2106],[130.3954,-0.2109],[130.395,-0.2092],[130.3941,-0.2106]]],[[[130.3936,-0.208],[130.3936,-0.208]]],[[[130.3937,-0.2061],[130.3907,-0.2019],[130.3937,-0.2061]]],[[[130.3953,-0.2008],[130.3943,-0.2069],[130.3953,-0.2008]]],[[[130.4182,-0.1451],[130.417,-0.1381],[130.4182,-0.1451]]],[[[130.4241,-0.089],[130.4241,-0.089]]],[[[130.42,-0.0821],[130.42,-0.0821]]],[[[130.4383,-2.2077],[130.4166,-2.2071],[130.4098,-2.2144],[130.4494,-2.2193],[130.4547,-2.2129],[130.4383,-2.2077]]],[[[130.4404,-2.1743],[130.4404,-2.1743]]],[[[130.444,-2.1245],[130.439,-2.1275],[130.4476,-2.1298],[130.444,-2.1245]]],[[[130.4461,-2.1221],[130.4446,-2.1221],[130.4457,-2.1235],[130.4461,-2.1221]]],[[[130.439,-2.121],[130.4309,-2.1218],[130.4371,-2.1263],[130.439,-2.121]]],[[[130.4703,-2.0621],[130.4509,-2.0673],[130.4471,-2.061],[130.4445,-2.0716],[130.4318,-2.0666],[130.4144,-2.0721],[130.4154,-2.0825],[130.4021,-2.082],[130.41,-2.089],[130.4349,-2.0721],[130.4681,-2.072],[130.4761,-2.0671],[130.4703,-2.0621]]],[[[130.438,-2.0574],[130.4244,-2.063],[130.4409,-2.0657],[130.438,-2.0574]]],[[[130.4277,-2.0542],[130.4277,-2.0542]]],[[[130.4465,-1.9764],[130.4465,-1.9764]]],[[[130.4481,-1.9671],[130.4451,-1.9746],[130.4481,-1.9671]]],[[[130.4419,-1.857],[130.4419,-1.857]]],[[[130.444,-1.8481],[130.444,-1.8481]]],[[[130.4557,-0.433],[130.4409,-0.4364],[130.4373,-0.4452],[130.454,-0.4442],[130.4487,-0.4405],[130.4557,-0.433]]],[[[130.4299,-0.3681],[130.4253,-0.3702],[130.4299,-0.3681]]],[[[130.4605,-2.2141],[130.455,-2.2179],[130.4624,-2.2223],[130.4605,-2.2141]]],[[[130.455,-2.174],[130.455,-2.174]]],[[[130.45,-2.1717],[130.4449,-2.1734],[130.45,-2.1717]]],[[[130.4717,-2.1628],[130.4517,-2.1722],[130.4629,-2.1729],[130.4717,-2.1628]]],[[[130.4674,-2.1616],[130.4674,-2.1616]]],[[[130.4718,-2.1448],[130.4569,-2.1444],[130.4718,-2.1448]]],[[[130.4484,-2.0601],[130.4484,-2.0601]]],[[[130.4507,-2.0001],[130.4507,-2.0001]]],[[[130.4575,-1.9794],[130.4544,-1.9866],[130.4661,-1.9837],[130.4575,-1.9794]]],[[[130.4519,-1.979],[130.4492,-1.9743],[130.4519,-1.979]]],[[[130.4523,-1.9756],[130.4523,-1.9756]]],[[[130.4545,-1.9755],[130.4545,-1.9755]]],[[[130.4615,-1.9719],[130.4568,-1.9741],[130.4615,-1.9719]]],[[[130.4672,-1.9697],[130.4647,-1.9743],[130.4672,-1.9697]]],[[[130.4526,-1.9709],[130.4526,-1.9709]]],[[[130.4496,-1.969],[130.4496,-1.969]]],[[[130.4616,-1.968],[130.4624,-1.962],[130.4616,-1.968]]],[[[130.4504,-1.9636],[130.4504,-1.9636]]],[[[130.455,-1.9611],[130.4563,-1.966],[130.455,-1.9611]]],[[[130.4609,-1.9606],[130.4609,-1.9606]]],[[[130.4535,-1.959],[130.4535,-1.959]]],[[[130.4522,-1.9571],[130.4522,-1.9571]]],[[[130.4508,-1.9602],[130.4508,-1.9602]]],[[[130.4632,-1.9527],[130.4632,-1.9527]]],[[[130.4691,-1.8994],[130.4525,-1.9017],[130.4627,-1.9074],[130.4691,-1.8994]]],[[[130.4654,-1.8381],[130.4654,-1.8381]]],[[[130.46,-1.8342],[130.46,-1.8342]]],[[[130.4465,-1.8291],[130.4445,-1.8346],[130.4557,-1.834],[130.4465,-1.8291]]],[[[130.4595,-1.4289],[130.4571,-1.4228],[130.4595,-1.4289]]],[[[130.4671,-1.425],[130.4677,-1.4238],[130.4664,-1.4237],[130.4671,-1.425]]],[[[130.4571,-0.5133],[130.448,-0.5128],[130.4578,-0.52],[130.4571,-0.5133]]],[[[130.4607,-0.4547],[130.4607,-0.4547]]],[[[130.454,-0.4517],[130.454,-0.4517]]],[[[130.4575,-0.4394],[130.4575,-0.4394]]],[[[130.4639,-0.4384],[130.4571,-0.441],[130.4639,-0.4384]]],[[[130.4715,-2.2181],[130.4655,-2.2232],[130.4842,-2.2265],[130.4851,-2.2205],[130.4715,-2.2181]]],[[[130.4866,-2.1618],[130.4866,-2.1618]]],[[[130.4849,-2.1458],[130.4849,-2.1458]]],[[[130.4581,-2.1267],[130.4515,-2.1278],[130.4637,-2.1356],[130.4994,-2.1411],[130.4836,-2.136],[130.4953,-2.1329],[130.4581,-2.1267]]],[[[130.4781,-1.9793],[130.4707,-1.9848],[130.4776,-1.9865],[130.4781,-1.9793]]],[[[130.4859,-1.9777],[130.4798,-1.9885],[130.4872,-1.9871],[130.4859,-1.9777]]],[[[130.4678,-1.9814],[130.4678,-1.9814]]],[[[130.4695,-1.9771],[130.4695,-1.9771]]],[[[130.4812,-1.9769],[130.4812,-1.9769]]],[[[130.4722,-1.9743],[130.4722,-1.9743]]],[[[130.473,-1.9726],[130.473,-1.9726]]],[[[130.4814,-1.9714],[130.4814,-1.9714]]],[[[130.4739,-1.9716],[130.4765,-1.9656],[130.4739,-1.9716]]],[[[130.4829,-1.9667],[130.4829,-1.9667]]],[[[130.4729,-1.9672],[130.4729,-1.9672]]],[[[130.4706,-1.9656],[130.4706,-1.9656]]],[[[130.4812,-1.9651],[130.4812,-1.9651]]],[[[130.4753,-1.9645],[130.4753,-1.9645]]],[[[130.4682,-1.967],[130.4682,-1.967]]],[[[130.4852,-1.9652],[130.4852,-1.9652]]],[[[130.4742,-1.9635],[130.4742,-1.9635]]],[[[130.4876,-1.9655],[130.4869,-1.9596],[130.4876,-1.9655]]],[[[130.4842,-1.9625],[130.4842,-1.9625]]],[[[130.4788,-1.9608],[130.4788,-1.9608]]],[[[130.4761,-1.9518],[130.4761,-1.9518]]],[[[130.4799,-1.7695],[130.4799,-1.7695]]],[[[130.4733,-1.4411],[130.4733,-1.4411]]],[[[130.4721,-1.4144],[130.4721,-1.4144]]],[[[130.481,-0.4561],[130.481,-0.4561]]],[[[130.4747,-0.4497],[130.4747,-0.4497]]],[[[130.4859,-0.0577],[130.4777,-0.0571],[130.4859,-0.0577]]],[[[130.4716,-0.0543],[130.4652,-0.0526],[130.4716,-0.0543]]],[[[130.4895,-2.2237],[130.4895,-2.2237]]],[[[130.49,-2.1566],[130.49,-2.1566]]],[[[130.4937,-1.9821],[130.4937,-1.9821]]],[[[130.5041,-1.9813],[130.5041,-1.9813]]],[[[130.4889,-1.9815],[130.4882,-1.9803],[130.4875,-1.9816],[130.4889,-1.9815]]],[[[130.4922,-1.9785],[130.4922,-1.9785]]],[[[130.5155,-1.9795],[130.5081,-1.9792],[130.5155,-1.9795]]],[[[130.4916,-1.9777],[130.4916,-1.9777]]],[[[130.4899,-1.964],[130.4911,-1.9579],[130.4899,-1.964]]],[[[130.4884,-1.9613],[130.4884,-1.9613]]],[[[130.4885,-1.4244],[130.4885,-1.4244]]],[[[130.5064,-0.7956],[130.5064,-0.7956]]],[[[130.5081,-0.7907],[130.5019,-0.7874],[130.5081,-0.7907]]],[[[130.4974,-0.2996],[130.4887,-0.3023],[130.4933,-0.31],[130.4859,-0.3203],[130.4969,-0.3319],[130.525,-0.3218],[130.5134,-0.3154],[130.5203,-0.3036],[130.4974,-0.2996]]],[[[130.5039,-0.2964],[130.5039,-0.2964]]],[[[130.5018,-0.0574],[130.495,-0.0595],[130.504,-0.0628],[130.5018,-0.0574]]],[[[130.5621,-2.2471],[130.5621,-2.2471]]],[[[130.5596,-2.2452],[130.5584,-2.2445],[130.5586,-2.2473],[130.5596,-2.2452]]],[[[130.5534,-2.2427],[130.5446,-2.2489],[130.5534,-2.2427]]],[[[130.5326,-2.2324],[130.5326,-2.2324]]],[[[130.5456,-2.219],[130.5025,-2.2269],[130.5208,-2.2316],[130.5456,-2.219]]],[[[130.5485,-1.9918],[130.5439,-1.995],[130.5485,-1.9918]]],[[[130.537,-1.9914],[130.537,-1.9914]]],[[[130.5365,-1.9897],[130.5365,-1.9897]]],[[[130.5509,-1.9882],[130.5509,-1.9882]]],[[[130.5388,-1.9873],[130.5388,-1.9873]]],[[[130.5497,-1.9869],[130.5497,-1.9869]]],[[[130.5229,-1.9853],[130.5229,-1.9853]]],[[[130.5305,-1.9819],[130.5285,-1.9887],[130.5305,-1.9819]]],[[[130.5277,-1.9834],[130.5277,-1.9834]]],[[[130.5181,-1.9804],[130.5157,-1.9873],[130.5181,-1.9804]]],[[[130.5281,-1.9812],[130.5281,-1.9812]]],[[[130.5247,-1.9786],[130.5247,-1.9786]]],[[[130.5248,-1.9806],[130.5248,-1.9806]]],[[[130.5252,-1.5256],[130.5252,-1.5256]]],[[[130.5197,-1.5209],[130.5149,-1.5143],[130.5197,-1.5209]]],[[[130.6944,-0.8878],[130.7171,-0.8871],[130.7363,-0.8756],[130.7482,-0.8821],[130.7635,-0.8715],[130.7771,-0.8763],[130.7992,-0.8702],[130.8012,-0.8603],[130.8212,-0.8682],[130.8167,-0.8611],[130.8504,-0.86],[130.8454,-0.8425],[130.8578,-0.8555],[130.8659,-0.8345],[130.874,-0.8347],[130.8741,-0.8484],[130.8991,-0.8346],[130.8896,-0.827],[130.8742,-0.8334],[130.8663,-0.8232],[130.8703,-0.8159],[130.8578,-0.812],[130.8749,-0.7981],[130.8793,-0.8034],[130.8825,-0.7935],[130.9205,-0.7976],[130.9267,-0.7845],[130.9222,-0.7749],[130.9159,-0.7837],[130.9107,-0.7831],[130.915,-0.7772],[130.8986,-0.7778],[130.9061,-0.768],[130.896,-0.7632],[130.8881,-0.782],[130.8891,-0.7651],[130.8741,-0.7795],[130.8702,-0.7647],[130.8555,-0.7723],[130.8541,-0.7643],[130.8492,-0.7814],[130.8704,-0.7951],[130.8608,-0.8013],[130.8448,-0.7899],[130.8449,-0.767],[130.8353,-0.7702],[130.8393,-0.7853],[130.8299,-0.7889],[130.8328,-0.777],[130.8265,-0.7827],[130.824,-0.7707],[130.8187,-0.7807],[130.8125,-0.7706],[130.8167,-0.7593],[130.8037,-0.7516],[130.8036,-0.7668],[130.7958,-0.7706],[130.8153,-0.7773],[130.8096,-0.7976],[130.8221,-0.817],[130.8148,-0.8263],[130.8099,-0.8022],[130.796,-0.8098],[130.7959,-0.8209],[130.7858,-0.8142],[130.7932,-0.8122],[130.7987,-0.794],[130.774,-0.8065],[130.7697,-0.8192],[130.7563,-0.8093],[130.7371,-0.8206],[130.7215,-0.815],[130.718,-0.8301],[130.7045,-0.8276],[130.7137,-0.8102],[130.6701,-0.7984],[130.6731,-0.8108],[130.6892,-0.8198],[130.6654,-0.8189],[130.6643,-0.8265],[130.643,-0.8182],[130.6496,-0.802],[130.6357,-0.8051],[130.6371,-0.7909],[130.6152,-0.8166],[130.586,-0.8333],[130.5788,-0.8266],[130.5876,-0.8221],[130.5889,-0.8086],[130.575,-0.8106],[130.5752,-0.7966],[130.5665,-0.7938],[130.5605,-0.8114],[130.5672,-0.8216],[130.5563,-0.8211],[130.5509,-0.8366],[130.5401,-0.8403],[130.5374,-0.8335],[130.5342,-0.8399],[130.5009,-0.8268],[130.4856,-0.8298],[130.483,-0.8168],[130.5055,-0.7975],[130.484,-0.7894],[130.4727,-0.7974],[130.4805,-0.8171],[130.4623,-0.8153],[130.4641,-0.8004],[130.4529,-0.8098],[130.4486,-0.8307],[130.4575,-0.8525],[130.4517,-0.8638],[130.4332,-0.8617],[130.439,-0.8733],[130.4571,-0.8817],[130.4507,-0.894],[130.4245,-0.8895],[130.4242,-0.8998],[130.4159,-0.9038],[130.4106,-0.8958],[130.4073,-0.9094],[130.3883,-0.922],[130.4067,-0.9151],[130.4161,-0.9206],[130.4231,-0.9081],[130.43,-0.9111],[130.4544,-0.8978],[130.4628,-0.8988],[130.4612,-0.9131],[130.4726,-0.9174],[130.471,-0.8955],[130.489,-0.9066],[130.5198,-0.8952],[130.5253,-0.9022],[130.5107,-0.9202],[130.5246,-0.9095],[130.5428,-0.9162],[130.5477,-0.9049],[130.5611,-0.9151],[130.5692,-0.9093],[130.6291,-0.9094],[130.6765,-0.8991],[130.6944,-0.8878]]],[[[130.5238,-0.7966],[130.5109,-0.8018],[130.5112,-0.8174],[130.5227,-0.8237],[130.5193,-0.8279],[130.5394,-0.8276],[130.5524,-0.7963],[130.5325,-0.8029],[130.5238,-0.7966]]],[[[130.5178,-0.5657],[130.5178,-0.5657]]],[[[130.549,-0.5119],[130.549,-0.5119]]],[[[130.559,-0.5133],[130.559,-0.5133]]],[[[130.6377,-0.52],[130.6624,-0.5081],[130.6757,-0.4894],[130.6622,-0.4894],[130.6492,-0.5027],[130.6517,-0.5086],[130.6485,-0.5029],[130.6968,-0.4481],[130.6795,-0.4314],[130.6668,-0.4347],[130.6663,-0.4218],[130.6493,-0.4107],[130.628,-0.4047],[130.6225,-0.4104],[130.6196,-0.3963],[130.6061,-0.4009],[130.615,-0.414],[130.6112,-0.4192],[130.6182,-0.418],[130.6055,-0.4208],[130.5955,-0.4127],[130.5532,-0.4317],[130.5624,-0.4474],[130.5287,-0.4662],[130.51,-0.4513],[130.5105,-0.4386],[130.4929,-0.4301],[130.4719,-0.4457],[130.4913,-0.4542],[130.4745,-0.4636],[130.4618,-0.456],[130.4689,-0.4841],[130.5135,-0.4861],[130.4994,-0.4973],[130.4577,-0.5081],[130.464,-0.5188],[130.512,-0.5062],[130.5271,-0.5099],[130.5313,-0.5021],[130.5457,-0.5118],[130.5498,-0.4981],[130.5663,-0.4908],[130.5654,-0.4662],[130.5746,-0.4626],[130.602,-0.4685],[130.6008,-0.4768],[130.615,-0.4819],[130.605,-0.4918],[130.5926,-0.4901],[130.6016,-0.501],[130.594,-0.5055],[130.5947,-0.5228],[130.5698,-0.5187],[130.5778,-0.5355],[130.6377,-0.52]]],[[[130.522,-0.3096],[130.522,-0.3096]]],[[[130.5297,-0.3087],[130.5297,-0.3087]]],[[[130.5525,-0.0428],[130.5525,-0.0428]]],[[[130.5293,-0.0386],[130.5022,-0.0367],[130.5217,-0.044],[130.5293,-0.0386]]],[[[130.5832,-2.2202],[130.5832,-2.2202]]],[[[130.5631,-1.9893],[130.5495,-1.9975],[130.6,-2.0032],[130.5825,-1.9956],[130.5677,-1.9986],[130.5631,-1.9893]]],[[[130.5707,-1.1462],[130.5776,-1.1378],[130.5651,-1.1424],[130.5707,-1.1462]]],[[[130.5782,-0.646],[130.5732,-0.6499],[130.5782,-0.646]]],[[[130.5741,-0.4797],[130.5741,-0.4797]]],[[[130.5665,-0.4178],[130.5665,-0.4178]]],[[[130.5708,-0.3631],[130.5708,-0.3631]]],[[[130.5828,-0.342],[130.5825,-0.3406],[130.5815,-0.3411],[130.5828,-0.342]]],[[[130.6,-2.2446],[130.5725,-2.2453],[130.5726,-2.2529],[130.6222,-2.2525],[130.6,-2.2446]]],[[[130.5918,-2.2214],[130.6035,-2.2227],[130.5918,-2.2214]]],[[[130.5925,-2.189],[130.6044,-2.1949],[130.5925,-2.189]]],[[[130.6067,-2.1767],[130.5996,-2.1776],[130.6067,-2.1767]]],[[[130.6097,-1.9994],[130.6038,-2.006],[130.6372,-2.0054],[130.6097,-1.9994]]],[[[130.5972,-1.1455],[130.5946,-1.1507],[130.5972,-1.1455]]],[[[130.5889,-1.1364],[130.58,-1.1464],[130.5951,-1.1398],[130.5889,-1.1364]]],[[[130.5885,-0.6565],[130.6002,-0.6539],[130.5885,-0.6565]]],[[[130.6598,-0.5719],[130.6457,-0.5678],[130.6064,-0.578],[130.5822,-0.5952],[130.5654,-0.5958],[130.5565,-0.6084],[130.5792,-0.6089],[130.6038,-0.5881],[130.637,-0.5839],[130.6598,-0.5719]]],[[[130.5891,-0.3313],[130.5891,-0.3313]]],[[[130.6113,-0.3111],[130.6113,-0.3111]]],[[[130.6158,-0.309],[130.6158,-0.309]]],[[[130.6111,-0.3073],[130.6131,-0.3062],[130.6122,-0.3055],[130.6111,-0.3073]]],[[[130.6322,-2.1883],[130.6261,-2.191],[130.6322,-2.1883]]],[[[130.6631,-2.0472],[130.6631,-2.0472]]],[[[130.653,-2.0381],[130.6539,-2.0446],[130.653,-2.0381]]],[[[130.6405,-2.0415],[130.6405,-2.0415]]],[[[130.6733,-2.0189],[130.6691,-2.0255],[130.6733,-2.0189]]],[[[130.6701,-2.0147],[130.6701,-2.0147]]],[[[130.6646,-2.0126],[130.6646,-2.0126]]],[[[130.6563,-2.0099],[130.6563,-2.0099]]],[[[130.6494,-2.0062],[130.6494,-2.0062]]],[[[130.6459,-2.0037],[130.6446,-2.0029],[130.6443,-2.0054],[130.6459,-2.0037]]],[[[130.6483,-0.9383],[130.6386,-0.9383],[130.6374,-0.9453],[130.662,-0.9494],[130.6483,-0.9383]]],[[[130.662,-0.5143],[130.667,-0.5095],[130.662,-0.5143]]],[[[130.6706,-0.306],[130.6577,-0.3166],[130.6672,-0.3301],[130.6792,-0.3188],[130.6706,-0.306]]],[[[130.6525,-0.3142],[130.6453,-0.3131],[130.6525,-0.3142]]],[[[130.6456,-0.312],[130.6399,-0.3143],[130.6456,-0.312]]],[[[130.625,-0.3102],[130.6235,-0.3104],[130.6242,-0.3113],[130.625,-0.3102]]],[[[130.6268,-0.3069],[130.6256,-0.3063],[130.6252,-0.3078],[130.6268,-0.3069]]],[[[130.6243,-0.3077],[130.6243,-0.3077]]],[[[130.6692,-0.1188],[130.6744,-0.1231],[130.6692,-0.1188]]],[[[130.6691,-0.0922],[130.6633,-0.092],[130.6691,-0.0922]]],[[[130.6304,-0.0886],[130.6304,-0.0886]]],[[[130.7655,-2.0371],[130.7655,-2.0371]]],[[[130.6873,-2.029],[130.6873,-2.029]]],[[[130.6841,-2.0244],[130.6767,-2.0303],[130.6853,-2.0307],[130.6796,-2.0284],[130.6841,-2.0244]]],[[[130.7179,-2.0266],[130.7184,-2.025],[130.7169,-2.0258],[130.7179,-2.0266]]],[[[130.7045,-1.052],[130.7085,-1.0416],[130.7321,-1.0371],[130.7328,-1.07],[130.7905,-1.0855],[130.7886,-1.0976],[130.8067,-1.1184],[130.8404,-1.1093],[130.8637,-1.1327],[130.8816,-1.127],[130.9145,-1.1363],[130.9193,-1.1294],[130.9492,-1.128],[130.9551,-1.1432],[131.0056,-1.1646],[131.0345,-1.1953],[131.048,-1.1839],[131.0576,-1.1168],[131.0685,-1.1039],[131.0756,-1.0707],[131.0742,-1.0424],[131.0848,-1.0188],[131.0786,-1.0154],[131.0878,-1.0124],[131.0844,-1.0059],[131.0649,-1.0092],[131.0651,-0.9846],[131.0804,-0.9689],[131.058,-0.9607],[131.0514,-0.9332],[131.0314,-0.9117],[130.9969,-0.9252],[130.9846,-0.9182],[130.9673,-0.9354],[130.9563,-0.9318],[130.94,-0.9411],[130.9233,-0.9277],[130.9273,-0.8931],[130.921,-0.8889],[130.9042,-0.8984],[130.9014,-0.8886],[130.8856,-0.8974],[130.8646,-0.8948],[130.8591,-0.9047],[130.8481,-0.8959],[130.8393,-0.902],[130.8326,-0.8962],[130.8281,-0.9079],[130.7989,-0.915],[130.7917,-0.9275],[130.7442,-0.9285],[130.6839,-0.9542],[130.635,-0.9582],[130.6424,-0.9925],[130.6749,-1.0112],[130.6908,-1.0475],[130.7045,-1.052]]],[[[130.713,-0.7926],[130.7107,-0.7786],[130.7018,-0.7915],[130.713,-0.7926]]],[[[130.7564,-0.7882],[130.7564,-0.7882]]],[[[130.7469,-0.7798],[130.7489,-0.7664],[130.7362,-0.7849],[130.7274,-0.7721],[130.7168,-0.7747],[130.7333,-0.7991],[130.7469,-0.7798]]],[[[130.7536,-0.7596],[130.7536,-0.7596]]],[[[130.7071,-0.6996],[130.7127,-0.6974],[130.7071,-0.6996]]],[[[130.6883,-0.5567],[130.6614,-0.5652],[130.6883,-0.5567]]],[[[130.7241,-0.4979],[130.7241,-0.4979]]],[[[130.6988,-0.4811],[130.6979,-0.4758],[130.6988,-0.4811]]],[[[130.6961,-0.4717],[130.6887,-0.4744],[130.6961,-0.4717]]],[[[130.6939,-0.4099],[130.6811,-0.4156],[130.6897,-0.4173],[130.6939,-0.4099]]],[[[130.6977,-0.412],[130.6977,-0.412]]],[[[130.7005,-0.4114],[130.7005,-0.4114]]],[[[130.6921,-0.3218],[130.6921,-0.3218]]],[[[130.6929,-0.1335],[130.6724,-0.1365],[130.6674,-0.1458],[130.6946,-0.1402],[130.6929,-0.1335]]],[[[130.6825,-0.1163],[130.6825,-0.1163]]],[[[130.6754,-0.1135],[130.6754,-0.1135]]],[[[130.7346,-0.0466],[130.7346,-0.0466]]],[[[130.7326,0.5277],[130.7319,0.533],[130.7326,0.5277]]],[[[130.9266,-2.1702],[130.9266,-2.1702]]],[[[130.9082,-2.1642],[130.9082,-2.1642]]],[[[130.9033,-2.1451],[130.8943,-2.146],[130.9024,-2.1518],[130.936,-2.1636],[130.9033,-2.1451]]],[[[130.9242,-2.1395],[130.9242,-2.1395]]],[[[130.8923,-2.1273],[130.8923,-2.1273]]],[[[130.7984,-0.9146],[130.7984,-0.9146]]],[[[130.8813,-0.8231],[130.8813,-0.8231]]],[[[130.9095,-0.8137],[130.8918,-0.8196],[130.9095,-0.8137]]],[[[130.8155,-0.8019],[130.8155,-0.8019]]],[[[130.8092,-0.7853],[130.8092,-0.7853]]],[[[130.7855,-0.7553],[130.777,-0.7522],[130.7739,-0.763],[130.768,-0.7612],[130.7724,-0.7696],[130.7666,-0.7789],[130.7609,-0.7707],[130.7711,-0.8008],[130.7926,-0.7818],[130.7883,-0.7761],[130.7802,-0.7864],[130.7819,-0.778],[130.7747,-0.7783],[130.777,-0.7704],[130.7868,-0.7701],[130.793,-0.7564],[130.7855,-0.7553]]],[[[130.7831,-0.4707],[130.7848,-0.4657],[130.7831,-0.4707]]],[[[130.8003,-0.4522],[130.8003,-0.4522]]],[[[130.9027,-0.3063],[130.9027,-0.3063]]],[[[130.8718,-0.2938],[130.8503,-0.2938],[130.8529,-0.3077],[130.8944,-0.3145],[130.9007,-0.3088],[130.8718,-0.2938]]],[[[130.8095,-0.2991],[130.7953,-0.3007],[130.8095,-0.2991]]],[[[130.8956,-0.2951],[130.8956,-0.2951]]],[[[130.896,-0.2737],[130.8974,-0.2731],[130.8967,-0.2724],[130.896,-0.2737]]],[[[130.8908,-0.27],[130.8916,-0.2718],[130.8924,-0.2708],[130.8908,-0.27]]],[[[130.8848,-0.2635],[130.8848,-0.2635]]],[[[130.883,-0.2545],[130.883,-0.2545]]],[[[130.7744,-0.1655],[130.7757,-0.1596],[130.7744,-0.1655]]],[[[130.9461,-0.0329],[130.9557,-0.0233],[130.9423,-0.0164],[130.9461,-0.0329]]],[[[130.8883,0.0402],[130.8732,0.0384],[130.8745,0.0264],[130.8816,0.0148],[130.8943,0.0127],[130.9047,0.0192],[130.8883,0.0402]]],[[[130.873,0.0392],[130.873,0.0392]]],[[[130.96,0.4056],[130.96,0.4056]]],[[[131.0618,-1.2289],[131.0649,-1.2088],[131.0526,-1.2216],[131.0556,-1.2318],[131.0618,-1.2289]]],[[[131.0761,-1.2074],[131.0786,-1.1976],[131.0761,-1.2074]]],[[[131.0816,-1.2084],[131.0848,-1.1973],[131.0816,-1.2084]]],[[[131.0541,-1.1936],[131.0375,-1.1974],[131.0469,-1.2135],[131.0579,-1.206],[131.0541,-1.1936]]],[[[131.0822,-1.1961],[131.0822,-1.1961]]],[[[131.0791,-1.1949],[131.0791,-1.1949]]],[[[131.0834,-1.1927],[131.0834,-1.1927]]],[[[131.0561,-1.1947],[131.0539,-1.1895],[131.0561,-1.1947]]],[[[131.08,-1.186],[131.08,-1.186]]],[[[131.0775,-1.1824],[131.0801,-1.1778],[131.0775,-1.1824]]],[[[131.058,-1.192],[131.0585,-1.1542],[131.0504,-1.1727],[131.058,-1.192]]],[[[131.0659,-1.1684],[131.0672,-1.1608],[131.0659,-1.1684]]],[[[131.0558,-1.1483],[131.0558,-1.1483]]],[[[131.0766,-1.1358],[131.0751,-1.1283],[131.0698,-1.1361],[131.0721,-1.1488],[131.0766,-1.1358]]],[[[131.099,-1.1251],[131.099,-1.1251]]],[[[131.066,-1.1241],[131.066,-1.1241]]],[[[131.0886,-1.1189],[131.0886,-1.1189]]],[[[131.1093,-1.1135],[131.1093,-1.1135]]],[[[131.0899,-1.1105],[131.0899,-1.1105]]],[[[131.0975,-1.1088],[131.0975,-1.1088]]],[[[131.0851,-1.1063],[131.0851,-1.1063]]],[[[131.0826,-1.1044],[131.0826,-1.1044]]],[[[131.0749,-1.0962],[131.0749,-1.0962]]],[[[131.1026,-1.0955],[131.1026,-1.0955]]],[[[131.1692,-1.0925],[131.1692,-1.0925]]],[[[131.181,-1.0909],[131.17,-1.0955],[131.181,-1.0909]]],[[[131.116,-1.0883],[131.116,-1.0883]]],[[[131.1251,-1.0882],[131.1251,-1.0882]]],[[[131.1562,-1.0873],[131.1562,-1.0873]]],[[[131.161,-1.0872],[131.161,-1.0872]]],[[[131.1066,-1.0858],[131.0971,-1.085],[131.1066,-1.0858]]],[[[131.1748,-1.0863],[131.1748,-1.0863]]],[[[131.0841,-1.0861],[131.0766,-1.0828],[131.0841,-1.0861]]],[[[131.0965,-1.0792],[131.087,-1.079],[131.0869,-1.086],[131.0961,-1.0859],[131.0965,-1.0792]]],[[[131.1607,-1.0777],[131.1607,-1.0777]]],[[[131.1244,-1.078],[131.1244,-1.078]]],[[[131.1582,-1.0761],[131.1582,-1.0761]]],[[[131.1162,-1.0735],[131.1162,-1.0735]]],[[[131.1742,-1.069],[131.1736,-1.0606],[131.1612,-1.082],[131.1744,-1.0764],[131.1742,-1.069]]],[[[131.1348,-1.0648],[131.1348,-1.0648]]],[[[131.1282,-1.0528],[131.1106,-1.0559],[131.1222,-1.0763],[131.1371,-1.0618],[131.1282,-1.0528]]],[[[131.1639,-1.0392],[131.1584,-1.0378],[131.1535,-1.0625],[131.1605,-1.0739],[131.1703,-1.0614],[131.1638,-1.0608],[131.1701,-1.0532],[131.1639,-1.0392]]],[[[131.1398,-1.0542],[131.1376,-1.0463],[131.1323,-1.0563],[131.1411,-1.0597],[131.1398,-1.0542]]],[[[131.1415,-1.0072],[131.1483,-1.001],[131.1389,-0.9948],[131.0975,-1.0031],[131.08,-1.0518],[131.0788,-1.081],[131.1131,-1.079],[131.1017,-1.0649],[131.116,-1.071],[131.1091,-1.0543],[131.123,-1.0445],[131.1324,-1.0486],[131.1309,-1.0291],[131.1505,-1.0192],[131.1415,-1.0072]]],[[[131.0769,-1.0453],[131.0769,-1.0453]]],[[[131.0787,-1.0412],[131.0787,-1.0412]]],[[[131.0847,-1.0362],[131.0847,-1.0362]]],[[[131.1339,-1.0295],[131.1339,-1.0295]]],[[[131.0894,-1.0272],[131.0894,-1.0272]]],[[[131.0665,-1.0095],[131.0665,-1.0095]]],[[[131.1521,-0.9967],[131.1521,-0.9967]]],[[[131.149,-0.956],[131.149,-0.956]]],[[[131.1054,-0.9432],[131.0958,-0.9502],[131.1054,-0.9432]]],[[[131.0668,-0.9379],[131.0668,-0.9379]]],[[[131.1156,-0.9281],[131.1327,-0.9148],[131.1156,-0.9281]]],[[[131.0342,-0.8882],[131.0296,-0.8854],[131.0294,-0.896],[131.0342,-0.8882]]],[[[131.2635,-0.3959],[131.2504,-0.396],[131.2635,-0.3959]]],[[[131.1864,-0.3669],[131.1864,-0.3669]]],[[[131.0393,-0.3502],[131.0408,-0.3409],[131.0337,-0.348],[131.0393,-0.3502]]],[[[131.0789,-0.3226],[131.0689,-0.3299],[131.0789,-0.3226]]],[[[131.0712,-0.3242],[131.0712,-0.3242]]],[[[131.0668,-0.3252],[131.0668,-0.3252]]],[[[131.0975,-0.3198],[131.0975,-0.3198]]],[[[131.0914,-0.314],[131.0914,-0.314]]],[[[131.1827,-0.1011],[131.1827,-0.1011]]],[[[131.1007,-0.0634],[131.1007,-0.0634]]],[[[131.0814,-0.0406],[131.0764,-0.0327],[131.0644,-0.0399],[131.0803,-0.0487],[131.0814,-0.0406]]],[[[131.0477,0.3621],[131.0652,0.3681],[131.0418,0.392],[131.032,0.3866],[131.0477,0.3621]]],[[[131.1366,0.3948],[131.1406,0.4071],[131.1366,0.3948]]],[[[131.12,0.5046],[131.1327,0.4951],[131.12,0.5046]]],[[[131.1901,0.5632],[131.1878,0.5563],[131.1901,0.5632]]],[[[131.1894,0.5763],[131.1954,0.5854],[131.1895,0.5922],[131.1894,0.5763]]],[[[131.1223,0.595],[131.1223,0.595]]],[[[131.135,0.6004],[131.1233,0.5921],[131.137,0.5948],[131.135,0.6004]]],[[[131.1252,0.6213],[131.1252,0.6213]]],[[[131.12,0.6234],[131.1189,0.6254],[131.1179,0.6234],[131.12,0.6234]]],[[[131.2271,1.0077],[131.2209,0.9979],[131.2271,1.0077]]],[[[131.232,1.0139],[131.2484,1.038],[131.2368,1.0301],[131.232,1.0139]]],[[[131.254,1.0444],[131.2756,1.0667],[131.2713,1.0805],[131.2581,1.0725],[131.254,1.0444]]]]},"properties":{"kab":"Kabupaten Raja Ampat","prov":"Papua Barat Daya","n":86,"kj":1,"dd":0,"top":[{"loc":"SD YPK Alfa Omega","n":86,"d":"2025-12-01"}]}},{"type":"Feature","geometry":{"type":"Polygon","coordinates":[[[107.9101,-7.7311],[107.9944,-7.7428],[108.1451,-7.7859],[108.3408,-7.8168],[108.3435,-7.8031],[108.3181,-7.7866],[108.3251,-7.779],[108.324,-7.757],[108.313,-7.7243],[108.3205,-7.726],[108.3197,-7.7146],[108.3245,-7.72],[108.332,-7.7122],[108.3247,-7.7151],[108.3145,-7.6906],[108.3236,-7.6936],[108.3237,-7.6829],[108.3299,-7.6909],[108.3404,-7.6817],[108.3556,-7.6834],[108.3544,-7.6727],[108.3664,-7.6593],[108.3548,-7.6372],[108.3578,-7.622],[108.3647,-7.6228],[108.3598,-7.6129],[108.3673,-7.6086],[108.3588,-7.6078],[108.3538,-7.5622],[108.3332,-7.5486],[108.3343,-7.5075],[108.3397,-7.4948],[108.352,-7.498],[108.3751,-7.4788],[108.3999,-7.4794],[108.4104,-7.4978],[108.4166,-7.4891],[108.4271,-7.5006],[108.4424,-7.4886],[108.4247,-7.4841],[108.4206,-7.4231],[108.4049,-7.4219],[108.3959,-7.4082],[108.4002,-7.3893],[108.4149,-7.377],[108.4059,-7.3606],[108.3737,-7.3598],[108.363,-7.3523],[108.3422,-7.3558],[108.3371,-7.3451],[108.3299,-7.3484],[108.3094,-7.3371],[108.2869,-7.3472],[108.2846,-7.3634],[108.2652,-7.3748],[108.2825,-7.3852],[108.2729,-7.3911],[108.2779,-7.4052],[108.2686,-7.4254],[108.2137,-7.4345],[108.1997,-7.4505],[108.1875,-7.4465],[108.1938,-7.4416],[108.1841,-7.4415],[108.1863,-7.4143],[108.179,-7.4071],[108.1847,-7.3955],[108.174,-7.3928],[108.1636,-7.3631],[108.1679,-7.3468],[108.1525,-7.3348],[108.1612,-7.3211],[108.1535,-7.2951],[108.1764,-7.2884],[108.1792,-7.2716],[108.1933,-7.2693],[108.1885,-7.2549],[108.1993,-7.2254],[108.1925,-7.1702],[108.2033,-7.1522],[108.2014,-7.1375],[108.2199,-7.1233],[108.2196,-7.0879],[108.2088,-7.088],[108.1927,-7.0706],[108.1557,-7.0666],[108.1392,-7.0392],[108.1255,-7.0385],[108.1364,-7.0604],[108.118,-7.0781],[108.126,-7.1021],[108.1222,-7.1148],[108.1135,-7.1029],[108.0994,-7.1029],[108.068,-7.1302],[108.0877,-7.1627],[108.0784,-7.1714],[108.0649,-7.2186],[107.9895,-7.2452],[107.9736,-7.2703],[107.9225,-7.2905],[107.9297,-7.3142],[107.9403,-7.3163],[107.9464,-7.3313],[107.9381,-7.3309],[107.9291,-7.3498],[107.9047,-7.3633],[107.9436,-7.3982],[107.9404,-7.4076],[107.9517,-7.4242],[107.9456,-7.451],[107.9534,-7.4603],[107.9433,-7.5039],[107.9462,-7.545],[107.9352,-7.5573],[107.9425,-7.5735],[107.917,-7.5971],[107.9256,-7.6222],[107.9233,-7.6521],[107.9303,-7.6574],[107.9237,-7.6759],[107.9312,-7.6861],[107.9101,-7.7311]]]},"properties":{"kab":"Kabupaten Tasikmalaya","prov":"Jawa Barat","n":710,"kj":6,"dd":0,"top":[{"loc":"Beberapa Sekolah TK","n":400,"d":"2025-05-01"},{"loc":"SMAN 1 Cisayong","n":119,"d":"2026-04-08"},{"loc":"SMK Negeri Cipatujah","n":115,"d":"2025-10-02"}]}},{"type":"Feature","geometry":{"type":"Polygon","coordinates":[[[109.9355,-7.2018],[109.9944,-7.2603],[109.9901,-7.281],[109.9963,-7.301],[110.0183,-7.3212],[110.0316,-7.348],[110.0723,-7.3855],[110.1328,-7.3884],[110.1728,-7.3819],[110.1888,-7.3881],[110.1946,-7.3808],[110.2138,-7.3911],[110.2145,-7.404],[110.2225,-7.3822],[110.2325,-7.3835],[110.2355,-7.3724],[110.252,-7.3704],[110.2549,-7.3822],[110.2666,-7.3819],[110.3234,-7.3418],[110.318,-7.3368],[110.3273,-7.3137],[110.3141,-7.3099],[110.3327,-7.2961],[110.2948,-7.2718],[110.2809,-7.2538],[110.2696,-7.2534],[110.2729,-7.237],[110.2483,-7.2075],[110.2568,-7.1942],[110.2522,-7.1883],[110.2141,-7.1857],[110.1925,-7.1725],[110.1849,-7.1516],[110.1404,-7.1381],[110.1448,-7.1256],[110.1592,-7.1261],[110.1641,-7.114],[110.1935,-7.1056],[110.188,-7.1017],[110.1923,-7.0799],[110.1771,-7.0824],[110.1755,-7.1009],[110.1199,-7.0932],[110.0764,-7.1209],[110.0598,-7.1189],[109.9701,-7.1881],[109.9355,-7.2018]]]},"properties":{"kab":"Kabupaten Temanggung","prov":"Jawa Tengah","n":737,"kj":2,"dd":0,"top":[{"loc":"SMAN 2 Temanggung","n":414,"d":"2025-09-30"},{"loc":"SMP Negeri 4 Temanggung dan 7 Sekolah Lainnya","n":323,"d":"2026-05-18"}]}},{"type":"Feature","geometry":{"type":"MultiPolygon","coordinates":[[[[121.8549,-0.9755],[121.8538,-1.0135],[121.8754,-1.0724],[121.8834,-1.0722],[121.8955,-1.0891],[121.9204,-1.0959],[121.9367,-1.1298],[121.948,-1.1271],[121.9555,-1.1113],[121.9704,-1.1239],[122.0034,-1.1313],[122.0095,-1.1508],[122.033,-1.171],[122.0441,-1.1704],[122.0528,-1.2121],[122.0661,-1.2256],[122.0572,-1.2471],[122.1105,-1.2589],[122.1268,-1.2752],[122.1211,-1.2814],[122.1314,-1.3235],[122.1194,-1.3315],[122.1304,-1.344],[122.1106,-1.3761],[122.0383,-1.3406],[122.0256,-1.3526],[122.0169,-1.351],[122.0135,-1.3789],[122.0032,-1.3837],[121.9932,-1.3759],[121.9862,-1.3842],[121.9848,-1.3919],[122.0311,-1.4054],[122.0424,-1.4246],[122.0584,-1.431],[122.0533,-1.4691],[122.0433,-1.4798],[122.0534,-1.4877],[122.0431,-1.5108],[122.0526,-1.5244],[122.0337,-1.5519],[122.0391,-1.5587],[122.0339,-1.5798],[122.0581,-1.6173],[122.0763,-1.6134],[122.0911,-1.6216],[122.1017,-1.6118],[122.1581,-1.5985],[122.1846,-1.6115],[122.2199,-1.6014],[122.2439,-1.5747],[122.3098,-1.5307],[122.3585,-1.5178],[122.3914,-1.4941],[122.4229,-1.4363],[122.4728,-1.4038],[122.4891,-1.3848],[122.4971,-1.3558],[122.5622,-1.3087],[122.5699,-1.2868],[122.5594,-1.2677],[122.6328,-1.2341],[122.628,-1.2043],[122.6378,-1.1912],[122.6366,-1.1738],[122.6621,-1.165],[122.6677,-1.1388],[122.714,-1.1353],[122.7285,-1.0866],[122.7968,-1.0071],[122.7866,-0.9768],[122.7996,-0.9522],[122.791,-0.9555],[122.7927,-0.9492],[122.8017,-0.9425],[122.8657,-0.9228],[122.8914,-0.9297],[123.0061,-0.8942],[123.0157,-0.9052],[123.0407,-0.9098],[123.0264,-0.8965],[123.0319,-0.8943],[123.0279,-0.8824],[123.0355,-0.8885],[123.0323,-0.8784],[123.0422,-0.8713],[123.0366,-0.8955],[123.0578,-0.8985],[123.0639,-0.8826],[123.0745,-0.8831],[123.0607,-0.8775],[123.0614,-0.869],[123.1003,-0.8356],[123.1278,-0.8549],[123.1508,-0.8849],[123.1515,-0.9023],[123.1345,-0.9011],[123.1486,-0.9378],[123.1413,-0.9513],[123.1755,-0.9578],[123.2091,-0.9913],[123.2518,-1.0083],[123.2503,-1.0245],[123.2653,-1.0429],[123.322,-1.05],[123.3517,-1.0343],[123.3746,-1.0084],[123.3771,-0.9767],[123.3971,-0.9544],[123.3841,-0.9346],[123.3915,-0.892],[123.4108,-0.8563],[123.4441,-0.8392],[123.4444,-0.8287],[123.4315,-0.8172],[123.4339,-0.8005],[123.4472,-0.7721],[123.4584,-0.7688],[123.4448,-0.745],[123.4264,-0.7441],[123.4432,-0.7102],[123.4354,-0.7079],[123.4216,-0.719],[123.3952,-0.6903],[123.3926,-0.6692],[123.3813,-0.6713],[123.3846,-0.6621],[123.4119,-0.6558],[123.3948,-0.642],[123.3827,-0.6462],[123.3797,-0.6379],[123.3076,-0.6103],[123.2609,-0.5791],[123.2356,-0.5827],[123.1968,-0.5694],[123.1672,-0.5844],[123.113,-0.5703],[123.087,-0.5765],[123.0578,-0.5639],[123.0415,-0.5948],[123.0119,-0.6006],[122.9885,-0.6229],[122.9866,-0.6164],[122.9682,-0.6191],[122.9551,-0.644],[122.9483,-0.6261],[122.9387,-0.6307],[122.9531,-0.6179],[122.9064,-0.6259],[122.8966,-0.6234],[122.8967,-0.6154],[122.8952,-0.6355],[122.8794,-0.6395],[122.8639,-0.6214],[122.8397,-0.6423],[122.8267,-0.6344],[122.8169,-0.6402],[122.8232,-0.6299],[122.8074,-0.6344],[122.7941,-0.6599],[122.7759,-0.6714],[122.7611,-0.6636],[122.7235,-0.6635],[122.7813,-0.705],[122.8058,-0.7085],[122.8235,-0.7013],[122.8343,-0.7106],[122.8692,-0.7115],[122.8867,-0.7228],[122.8928,-0.7387],[122.9044,-0.7343],[122.942,-0.7422],[122.9498,-0.736],[122.9633,-0.7451],[122.9606,-0.7544],[122.9361,-0.7518],[122.9194,-0.7645],[122.8716,-0.7742],[122.8517,-0.7656],[122.8377,-0.7762],[122.7906,-0.7757],[122.7256,-0.8132],[122.6859,-0.8119],[122.6482,-0.7914],[122.6556,-0.7888],[122.6383,-0.7805],[122.6374,-0.7661],[122.6172,-0.762],[122.5781,-0.7844],[122.5414,-0.7809],[122.5262,-0.787],[122.5126,-0.7681],[122.4919,-0.7698],[122.46,-0.7589],[122.4151,-0.7843],[122.3725,-0.7767],[122.3468,-0.7848],[122.3364,-0.7776],[122.3068,-0.7951],[122.2851,-0.7878],[122.2302,-0.786],[122.2136,-0.7943],[122.2022,-0.7883],[122.1891,-0.8146],[122.1786,-0.8105],[122.1615,-0.8173],[122.158,-0.8329],[122.1685,-0.8415],[122.1486,-0.8601],[122.1487,-0.9103],[122.1013,-0.9622],[122.0785,-0.9494],[122.042,-0.9474],[122.0218,-0.9363],[121.9902,-0.9488],[121.9807,-0.9736],[121.9469,-0.9967],[121.9147,-0.997],[121.8973,-0.9826],[121.8549,-0.9755]]],[[[122.1467,-0.8519],[122.1467,-0.8519]]],[[[122.59,-0.5693],[122.59,-0.5693]]],[[[122.5812,-0.5643],[122.5812,-0.5643]]],[[[122.5162,-0.517],[122.5162,-0.517]]],[[[122.593,-0.5043],[122.6171,-0.4996],[122.5989,-0.4774],[122.5246,-0.4952],[122.5306,-0.5085],[122.5394,-0.5018],[122.5584,-0.5201],[122.5842,-0.5027],[122.593,-0.5043]]],[[[122.5153,-0.4869],[122.5153,-0.4869]]],[[[122.5973,-0.4392],[122.5973,-0.4392]]],[[[122.6452,-0.7757],[122.6452,-0.7757]]],[[[122.6923,-0.6702],[122.6982,-0.6666],[122.6923,-0.6702]]],[[[122.7541,-0.6423],[122.7449,-0.6438],[122.7541,-0.6423]]],[[[122.6564,-0.6087],[122.6422,-0.6122],[122.6564,-0.6087]]],[[[122.6469,-0.5036],[122.6521,-0.5062],[122.6469,-0.5036]]],[[[122.616,-0.4308],[122.6237,-0.4266],[122.616,-0.4308]]],[[[122.6365,-0.4231],[122.6312,-0.4221],[122.6365,-0.4231]]],[[[122.9544,-0.6375],[122.9544,-0.6375]]],[[[122.8901,-0.6314],[122.8901,-0.6314]]],[[[122.8351,-0.6285],[122.8351,-0.6285]]],[[[122.9428,-0.626],[122.9428,-0.626]]],[[[122.9719,-0.6136],[122.966,-0.6132],[122.9719,-0.6136]]],[[[122.9084,-0.5979],[122.9084,-0.5979]]],[[[123.0334,-0.5912],[123.0334,-0.5912]]],[[[122.9727,-0.5788],[122.9727,-0.5788]]],[[[122.8577,-0.5372],[122.8577,-0.5372]]],[[[122.831,-0.5288],[122.831,-0.5288]]],[[[122.9338,-0.4851],[122.9399,-0.4829],[122.9338,-0.4851]]],[[[122.8239,-0.4683],[122.8186,-0.4661],[122.8239,-0.4683]]],[[[123.0833,-0.8923],[123.0594,-0.8983],[123.0833,-0.8923]]],[[[123.0702,-0.8906],[123.0702,-0.8906]]],[[[123.1387,-0.8897],[123.1387,-0.8897]]],[[[123.0749,-0.8879],[123.0749,-0.8879]]],[[[123.0678,-0.8846],[123.0678,-0.8846]]],[[[123.0803,-0.8807],[123.0822,-0.8858],[123.0803,-0.8807]]],[[[123.0778,-0.8814],[123.0778,-0.8814]]],[[[123.0978,-0.548],[123.0978,-0.548]]],[[[123.0974,-0.5121],[123.103,-0.5183],[123.0974,-0.5121]]],[[[123.449,-0.8303],[123.449,-0.8303]]],[[[123.4525,-0.818],[123.4586,-0.8249],[123.4525,-0.818]]],[[[123.3878,-0.6727],[123.3878,-0.6727]]],[[[123.3693,-0.6239],[123.3693,-0.6239]]],[[[123.3604,-0.6188],[123.3604,-0.6188]]],[[[123.3527,-0.6144],[123.347,-0.6105],[123.3527,-0.6144]]],[[[123.3368,-0.6052],[123.3368,-0.6052]]]]},"properties":{"kab":"Kabupaten Banggai","prov":"Sulawesi Tengah","n":123,"kj":1,"dd":0,"top":[{"loc":"SMAN 1 Moilong","n":123,"d":"2025-10-11"}]}},{"type":"Feature","geometry":{"type":"MultiPolygon","coordinates":[[[[108.7181,-7.4694],[108.7186,-7.484],[108.7352,-7.5045],[108.7547,-7.5591],[108.7485,-7.5671],[108.7507,-7.592],[108.7405,-7.5926],[108.7318,-7.6134],[108.7411,-7.6134],[108.7488,-7.633],[108.7694,-7.6541],[108.7784,-7.6529],[108.79,-7.6704],[108.8216,-7.6714],[108.8431,-7.6567],[108.8572,-7.6581],[108.8762,-7.6948],[108.8876,-7.6929],[108.8967,-7.7091],[108.9256,-7.7065],[108.9381,-7.7198],[108.9673,-7.7124],[109.0176,-7.7521],[109.024,-7.7272],[109.0417,-7.707],[109.1072,-7.6826],[109.3005,-7.7025],[109.3929,-7.7236],[109.3859,-7.7149],[109.3939,-7.6964],[109.3788,-7.6868],[109.3904,-7.67],[109.3574,-7.6522],[109.3598,-7.6399],[109.2616,-7.6199],[109.2674,-7.5924],[109.2521,-7.59],[109.2147,-7.5645],[109.1806,-7.5492],[109.1713,-7.5513],[109.1656,-7.5725],[109.1522,-7.5787],[109.1091,-7.5816],[109.0663,-7.573],[109.058,-7.5559],[109.0436,-7.5596],[109.0244,-7.5435],[109.0042,-7.5448],[109.0046,-7.5279],[108.9729,-7.5184],[108.9564,-7.4958],[108.9643,-7.4867],[108.9561,-7.47],[108.918,-7.4622],[108.8996,-7.4723],[108.8898,-7.4499],[108.9115,-7.4462],[108.9381,-7.4182],[108.938,-7.3865],[108.951,-7.3822],[108.9465,-7.3747],[108.9553,-7.3662],[108.9457,-7.3627],[108.9697,-7.3481],[108.9745,-7.3328],[108.9552,-7.3362],[108.9465,-7.3095],[108.9313,-7.3204],[108.9112,-7.3023],[108.9098,-7.2873],[108.8967,-7.2863],[108.8931,-7.2756],[108.882,-7.2716],[108.8653,-7.2716],[108.8647,-7.2434],[108.818,-7.2311],[108.8152,-7.2032],[108.79,-7.21],[108.7749,-7.1985],[108.7241,-7.1952],[108.7176,-7.1789],[108.6969,-7.1668],[108.6955,-7.1519],[108.6591,-7.1571],[108.6351,-7.1387],[108.5622,-7.1713],[108.564,-7.1975],[108.5812,-7.2065],[108.5857,-7.2425],[108.556,-7.2878],[108.5643,-7.3039],[108.5584,-7.3347],[108.5757,-7.3345],[108.5834,-7.3498],[108.6445,-7.3457],[108.648,-7.337],[108.662,-7.3423],[108.6597,-7.3509],[108.6763,-7.3576],[108.6831,-7.3694],[108.6782,-7.3771],[108.6851,-7.3793],[108.6868,-7.399],[108.6972,-7.4001],[108.6996,-7.4147],[108.7234,-7.4311],[108.7127,-7.4571],[108.7181,-7.4694]]],[[[108.7996,-7.6908],[108.783,-7.7022],[108.8,-7.7116],[108.7852,-7.7356],[108.7951,-7.7345],[108.7997,-7.7425],[108.8135,-7.7345],[108.8648,-7.7408],[108.9756,-7.7634],[108.9954,-7.7751],[109.0218,-7.7735],[109.0408,-7.7845],[109.05,-7.775],[109.0432,-7.7599],[109.0252,-7.7648],[108.9847,-7.7417],[108.9633,-7.7184],[108.9376,-7.721],[108.9337,-7.7127],[108.9322,-7.7201],[108.9245,-7.7071],[108.8731,-7.7084],[108.8379,-7.6832],[108.7971,-7.6798],[108.7996,-7.6908]]],[[[108.8188,-7.6832],[108.8238,-7.6781],[108.8188,-7.6832]]],[[[108.8266,-7.6833],[108.8291,-7.6768],[108.8266,-7.6833]]],[[[108.8145,-7.6825],[108.82,-7.6763],[108.8099,-7.6793],[108.8145,-7.6825]]],[[[108.8085,-7.6776],[108.8203,-7.673],[108.8085,-7.6776]]],[[[108.8863,-7.6977],[108.8754,-7.6997],[108.8771,-7.7049],[108.8944,-7.7088],[108.8863,-7.6977]]],[[[108.8701,-7.6971],[108.8613,-7.6994],[108.8798,-7.7081],[108.8701,-7.6971]]],[[[108.8773,-7.6967],[108.8713,-7.694],[108.8773,-7.6967]]],[[[108.8857,-7.6949],[108.8857,-7.6949]]],[[[108.864,-7.687],[108.8418,-7.6834],[108.8678,-7.6969],[108.864,-7.687]]],[[[108.8739,-7.6936],[108.87,-7.6782],[108.8739,-7.6936]]],[[[108.8643,-7.6871],[108.8643,-7.6871]]],[[[108.8613,-7.6756],[108.8372,-7.6819],[108.8638,-7.685],[108.8674,-7.6781],[108.8613,-7.6756]]],[[[108.8291,-7.6828],[108.8643,-7.6746],[108.8513,-7.6654],[108.8291,-7.6828]]],[[[108.9311,-7.7122],[108.9326,-7.7181],[108.9311,-7.7122]]]]},"properties":{"kab":"Kabupaten Cilacap","prov":"Jawa Tengah","n":100,"kj":1,"dd":0,"top":[{"loc":"Ponpes putri Kelurahan Gumilir","n":100,"d":"2026-04-29"}]}},{"type":"Feature","geometry":{"type":"Polygon","coordinates":[[[102.2576,-3.7557],[102.2618,-3.779],[102.2475,-3.7931],[102.2911,-3.8392],[102.3035,-3.8745],[102.2985,-3.8935],[102.2868,-3.9025],[102.2801,-3.8992],[102.2851,-3.906],[102.3074,-3.891],[102.3033,-3.914],[102.2907,-3.9246],[102.2743,-3.9139],[102.2818,-3.9079],[102.2757,-3.8994],[102.2657,-3.9141],[102.2787,-3.9392],[102.2794,-3.9615],[102.3006,-3.9821],[102.3017,-3.9529],[102.3171,-3.9114],[102.332,-3.9041],[102.3469,-3.9133],[102.342,-3.9007],[102.3534,-3.8833],[102.3631,-3.887],[102.3603,-3.8762],[102.3702,-3.8736],[102.3713,-3.8565],[102.3617,-3.8551],[102.3506,-3.8282],[102.3542,-3.8127],[102.3324,-3.7976],[102.335,-3.7851],[102.3249,-3.781],[102.3314,-3.7803],[102.3298,-3.7734],[102.3147,-3.7746],[102.2986,-3.7411],[102.2713,-3.7432],[102.2576,-3.7557]]]},"properties":{"kab":"Kota Bengkulu","prov":"Bengkulu","n":7,"kj":1,"dd":0,"top":[{"loc":"SDN 59 Kota Bengkulu","n":7,"d":"2026-09-04"}]}},{"type":"Feature","geometry":{"type":"MultiPolygon","coordinates":[[[[118.4797,-8.8847],[118.5193,-8.8785],[118.5585,-8.8479],[118.5735,-8.8503],[118.6023,-8.84],[118.6377,-8.8139],[118.6995,-8.807],[118.7196,-8.793],[118.7301,-8.8024],[118.7335,-8.7961],[118.7462,-8.8037],[118.756,-8.7961],[118.7838,-8.8203],[118.8074,-8.8216],[118.818,-8.8369],[118.8347,-8.8439],[118.8507,-8.8336],[118.8645,-8.8463],[118.9436,-8.8308],[118.9593,-8.8181],[118.9459,-8.805],[118.9506,-8.7903],[118.9381,-8.795],[118.9374,-8.7847],[118.9241,-8.7884],[118.9095,-8.7654],[118.8991,-8.7627],[118.8349,-8.7714],[118.8098,-8.7624],[118.7462,-8.7641],[118.7261,-8.777],[118.7266,-8.7595],[118.6967,-8.752],[118.6952,-8.7394],[118.7191,-8.738],[118.7612,-8.6927],[118.7752,-8.7098],[118.8148,-8.7032],[118.8211,-8.7127],[118.8394,-8.7154],[118.8462,-8.7301],[118.8875,-8.7088],[118.8752,-8.7005],[118.881,-8.6893],[118.9079,-8.6801],[118.9545,-8.7219],[118.9709,-8.7486],[119.036,-8.733],[119.1005,-8.7508],[119.0982,-8.7319],[119.1055,-8.7262],[119.117,-8.7449],[119.1332,-8.7527],[119.1394,-8.7442],[119.1341,-8.7371],[119.1715,-8.7245],[119.1479,-8.7107],[119.1585,-8.7036],[119.1727,-8.7065],[119.1696,-8.6951],[119.1756,-8.6997],[119.1575,-8.6723],[119.1565,-8.6579],[119.1703,-8.6485],[119.1562,-8.6471],[119.1585,-8.6407],[119.1503,-8.6379],[119.1618,-8.6373],[119.1629,-8.6278],[119.1705,-8.6353],[119.1708,-8.6248],[119.1824,-8.6327],[119.1724,-8.6114],[119.1923,-8.61],[119.1796,-8.5984],[119.1834,-8.5858],[119.1603,-8.5804],[119.1691,-8.5744],[119.1633,-8.5705],[119.1748,-8.5666],[119.1661,-8.557],[119.1471,-8.5674],[119.1505,-8.5929],[119.1407,-8.5914],[119.1305,-8.6034],[119.1214,-8.595],[119.1204,-8.6003],[119.1088,-8.5971],[119.1071,-8.6072],[119.1297,-8.63],[119.1002,-8.6327],[119.0802,-8.6506],[119.0554,-8.6526],[119.0321,-8.6345],[119.037,-8.596],[119.0149,-8.574],[119.0156,-8.5569],[119.0258,-8.551],[119.0147,-8.547],[119.014,-8.5339],[119.0225,-8.5237],[119.0371,-8.5266],[119.052,-8.5139],[119.0397,-8.5027],[119.0475,-8.4996],[119.0479,-8.4774],[119.0351,-8.467],[119.0535,-8.4643],[119.0469,-8.4606],[119.0511,-8.4519],[119.0391,-8.4548],[119.0469,-8.4382],[119.0292,-8.4425],[119.0284,-8.4274],[119.0124,-8.4042],[119.0172,-8.398],[119.0045,-8.3949],[118.9915,-8.375],[118.9894,-8.3428],[119.001,-8.3104],[118.8896,-8.2845],[118.8616,-8.2898],[118.8211,-8.2807],[118.765,-8.31],[118.7543,-8.33],[118.7369,-8.3388],[118.7469,-8.3775],[118.7409,-8.4034],[118.7697,-8.4027],[118.8023,-8.4277],[118.808,-8.4117],[118.8293,-8.4271],[118.8749,-8.4358],[118.8863,-8.4528],[118.8817,-8.4687],[118.896,-8.4898],[118.8749,-8.4832],[118.8584,-8.4949],[118.8352,-8.4967],[118.8189,-8.5228],[118.8013,-8.5324],[118.7901,-8.5138],[118.7394,-8.5169],[118.7134,-8.4954],[118.6936,-8.5168],[118.6751,-8.517],[118.6801,-8.5233],[118.6726,-8.5389],[118.6527,-8.5471],[118.6699,-8.5235],[118.6616,-8.5091],[118.6669,-8.486],[118.6893,-8.4451],[118.6926,-8.4205],[118.6858,-8.4181],[118.6917,-8.4144],[118.6835,-8.4114],[118.698,-8.3965],[118.6852,-8.3937],[118.6956,-8.3783],[118.6878,-8.3682],[118.6906,-8.358],[118.6575,-8.3001],[118.5844,-8.2664],[118.5741,-8.2714],[118.5634,-8.2644],[118.5129,-8.2606],[118.4949,-8.2432],[118.4804,-8.2511],[118.4633,-8.2464],[118.4484,-8.2617],[118.4447,-8.2684],[118.4797,-8.3105],[118.5,-8.3488],[118.5266,-8.3653],[118.5426,-8.3949],[118.5246,-8.4283],[118.4824,-8.461],[118.4897,-8.4746],[118.5062,-8.4783],[118.5139,-8.5062],[118.5002,-8.5478],[118.5066,-8.5953],[118.5206,-8.6152],[118.5195,-8.6392],[118.5358,-8.6487],[118.5363,-8.6806],[118.5112,-8.72],[118.5131,-8.7482],[118.4948,-8.7761],[118.5006,-8.7931],[118.4785,-8.838],[118.4741,-8.8672],[118.4797,-8.8847]]],[[[117.7655,-8.1435],[117.7791,-8.1622],[117.8502,-8.2128],[117.8741,-8.2211],[117.9288,-8.22],[117.9733,-8.273],[118.0245,-8.2992],[118.0494,-8.3395],[118.104,-8.378],[118.1385,-8.3898],[118.1454,-8.4057],[118.1846,-8.4179],[118.2052,-8.4367],[118.2721,-8.4393],[118.2982,-8.4288],[118.3082,-8.4116],[118.3228,-8.4051],[118.3174,-8.3703],[118.2737,-8.361],[118.2743,-8.3337],[118.263,-8.3361],[118.2568,-8.35],[118.2335,-8.3323],[118.2179,-8.284],[118.184,-8.2679],[118.1773,-8.2516],[118.1625,-8.2417],[118.1603,-8.211],[118.1453,-8.1902],[118.1451,-8.1367],[118.0807,-8.1003],[118.0442,-8.1077],[118.0073,-8.0939],[117.9594,-8.107],[117.9437,-8.0839],[117.9238,-8.0801],[117.9012,-8.0941],[117.8687,-8.1011],[117.8292,-8.1293],[117.7795,-8.1265],[117.7655,-8.1435]]],[[[118.6974,-8.7411],[118.6974,-8.7411]]],[[[118.6984,-8.4461],[118.6932,-8.4508],[118.6984,-8.4461]]],[[[118.8243,-8.7316],[118.8243,-8.7316]]],[[[118.7451,-8.7308],[118.7428,-8.7369],[118.7451,-8.7308]]],[[[118.7859,-8.7315],[118.7859,-8.7315]]],[[[118.7729,-8.716],[118.7729,-8.716]]],[[[119.1305,-8.5952],[119.1305,-8.5952]]],[[[119.0461,-8.5932],[119.0461,-8.5932]]],[[[119.0456,-8.589],[119.0456,-8.589]]],[[[119.0401,-8.5759],[119.0322,-8.5734],[119.0401,-8.5759]]],[[[119.0472,-8.5578],[119.0384,-8.5656],[119.0459,-8.5679],[119.0432,-8.5819],[119.0556,-8.5725],[119.0472,-8.5578]]],[[[119.0415,-8.5564],[119.0415,-8.5564]]],[[[119.0697,-8.131],[119.0541,-8.1272],[119.0356,-8.1371],[119.0125,-8.1539],[119.0001,-8.1791],[119.0003,-8.2297],[119.0128,-8.2475],[119.0423,-8.261],[119.0886,-8.2508],[119.115,-8.224],[119.1233,-8.1992],[119.1128,-8.1565],[119.091,-8.1339],[119.0697,-8.131]]],[[[119.2,-8.6956],[119.2,-8.6956]]],[[[119.1754,-8.6899],[119.1754,-8.6899]]],[[[119.2473,-8.673],[119.2473,-8.673]]],[[[119.25,-8.6728],[119.25,-8.6728]]],[[[119.2291,-8.6561],[119.2163,-8.6556],[119.2162,-8.6706],[119.2079,-8.6729],[119.2238,-8.6901],[119.222,-8.679],[119.2332,-8.6792],[119.2385,-8.6692],[119.2291,-8.6561]]],[[[119.1873,-8.5665],[119.1882,-8.5827],[119.1985,-8.5847],[119.1978,-8.5712],[119.1873,-8.5665]]],[[[119.1792,-8.5474],[119.1792,-8.5474]]],[[[119.2648,-8.5498],[119.2648,-8.5498]]],[[[119.344,-8.5086],[119.344,-8.5086]]],[[[119.2762,-8.4019],[119.2756,-8.3929],[119.2633,-8.4009],[119.2707,-8.4143],[119.2655,-8.4383],[119.2745,-8.4377],[119.2678,-8.4447],[119.2732,-8.454],[119.281,-8.4488],[119.2797,-8.4678],[119.2933,-8.4588],[119.3008,-8.4298],[119.3096,-8.45],[119.3134,-8.4447],[119.3203,-8.4541],[119.3176,-8.4328],[119.3269,-8.4417],[119.3192,-8.428],[119.3348,-8.4292],[119.3178,-8.409],[119.3208,-8.401],[119.2871,-8.4192],[119.2768,-8.4152],[119.2762,-8.4019]]]]},"properties":{"kab":"Kota Bima","prov":"Nusa Tenggara Barat","n":52,"kj":2,"dd":0,"top":[{"loc":"PAUD (Spesifik tidak disebutkan)","n":29,"d":"2026-04-04"},{"loc":"SDN 11 Kota Bima","n":23,"d":"2025-10-12"}]}},{"type":"Feature","geometry":{"type":"MultiPolygon","coordinates":[[[[118.7134,-8.4954],[118.7394,-8.5169],[118.7901,-8.5138],[118.8013,-8.5324],[118.8189,-8.5228],[118.8352,-8.4967],[118.8584,-8.4949],[118.8749,-8.4832],[118.896,-8.4898],[118.8817,-8.4687],[118.8863,-8.4528],[118.8749,-8.4358],[118.8293,-8.4271],[118.808,-8.4117],[118.8023,-8.4277],[118.7697,-8.4027],[118.7409,-8.4034],[118.7455,-8.3665],[118.7326,-8.3402],[118.729,-8.3583],[118.702,-8.3883],[118.7115,-8.4069],[118.6978,-8.4098],[118.7246,-8.4356],[118.7114,-8.4537],[118.723,-8.4644],[118.7091,-8.4741],[118.7134,-8.4954]]],[[[118.6984,-8.4461],[118.6984,-8.4461]]]]},"properties":{"kab":"Kota Bima","prov":"Nusa Tenggara Barat","n":52,"kj":2,"dd":0,"top":[{"loc":"PAUD (Spesifik tidak disebutkan)","n":29,"d":"2026-04-04"},{"loc":"SDN 11 Kota Bima","n":23,"d":"2025-10-12"}]}},{"type":"Feature","geometry":{"type":"Polygon","coordinates":[[[103.5481,-1.6799],[103.5683,-1.6805],[103.573,-1.6678],[103.5814,-1.6694],[103.6213,-1.6961],[103.6287,-1.6765],[103.6078,-1.6605],[103.613,-1.6568],[103.6233,-1.6657],[103.6308,-1.6529],[103.6498,-1.6572],[103.6693,-1.6405],[103.6799,-1.6128],[103.6551,-1.6074],[103.6491,-1.5507],[103.6108,-1.5467],[103.5674,-1.5742],[103.5472,-1.5682],[103.5466,-1.5879],[103.535,-1.5892],[103.5483,-1.6115],[103.5378,-1.6451],[103.5268,-1.6496],[103.5242,-1.6761],[103.5481,-1.6799]]]},"properties":{"kab":"Kota Jambi","prov":"Jambi","n":11,"kj":2,"dd":0,"top":[{"loc":"SMKN 1 Kota Jambi","n":8,"d":"2026-05-20"},{"loc":"SMPN 7 Kota Jambi","n":3,"d":"2026-04-09"}]}},{"type":"Feature","geometry":{"type":"MultiPolygon","coordinates":[[[[122.8462,-1.5977],[122.8392,-1.5906],[122.8411,-1.6035],[122.8462,-1.5977]]],[[[122.8834,-1.6007],[122.9132,-1.5958],[122.9455,-1.5454],[122.9633,-1.546],[122.9776,-1.5243],[122.9987,-1.5152],[123.0029,-1.5009],[123.0167,-1.4926],[123.037,-1.421],[123.0967,-1.3449],[123.12,-1.2968],[123.123,-1.3176],[123.1371,-1.2987],[123.1508,-1.2965],[123.1658,-1.3027],[123.1557,-1.3349],[123.1561,-1.3676],[123.1645,-1.3759],[123.1578,-1.3764],[123.1673,-1.3866],[123.1635,-1.3999],[123.1724,-1.4273],[123.1632,-1.4531],[123.1726,-1.4543],[123.1757,-1.4978],[123.1848,-1.5141],[123.1694,-1.5354],[123.145,-1.545],[123.1288,-1.5662],[123.1077,-1.5656],[123.0986,-1.5991],[123.1113,-1.5906],[123.1148,-1.6116],[123.1362,-1.607],[123.1393,-1.6134],[123.1531,-1.6124],[123.1547,-1.6405],[123.1704,-1.6297],[123.1798,-1.6324],[123.1929,-1.6102],[123.2078,-1.6196],[123.2058,-1.6108],[123.2269,-1.5977],[123.2422,-1.6485],[123.2606,-1.6251],[123.2537,-1.6016],[123.2355,-1.5952],[123.2455,-1.58],[123.2378,-1.5505],[123.2505,-1.5191],[123.2488,-1.4887],[123.258,-1.4866],[123.2569,-1.4414],[123.2756,-1.4427],[123.2946,-1.4112],[123.3173,-1.4217],[123.3242,-1.4164],[123.3265,-1.4496],[123.3432,-1.4708],[123.3556,-1.4726],[123.3543,-1.5243],[123.3712,-1.4973],[123.3881,-1.502],[123.4125,-1.5306],[123.4163,-1.5189],[123.4366,-1.5196],[123.4398,-1.5048],[123.457,-1.5176],[123.4698,-1.4972],[123.4728,-1.4621],[123.4863,-1.4699],[123.4969,-1.4667],[123.5234,-1.4342],[123.5392,-1.3955],[123.5347,-1.3592],[123.5576,-1.3293],[123.5594,-1.282],[123.5307,-1.2738],[123.5191,-1.2626],[123.4866,-1.2694],[123.4729,-1.2494],[123.4437,-1.2352],[123.4396,-1.252],[123.4455,-1.2669],[123.4287,-1.2696],[123.4213,-1.2567],[123.4035,-1.2513],[123.4128,-1.2248],[123.4053,-1.2184],[123.3984,-1.235],[123.3914,-1.2228],[123.3753,-1.2215],[123.3325,-1.2646],[123.3133,-1.3044],[123.2959,-1.3052],[123.2808,-1.3187],[123.2911,-1.3119],[123.2791,-1.3292],[123.2872,-1.3468],[123.2837,-1.3581],[123.2679,-1.3829],[123.2425,-1.3978],[123.2305,-1.3897],[123.2388,-1.3818],[123.2276,-1.3593],[123.2193,-1.3512],[123.2169,-1.3644],[123.207,-1.337],[123.1909,-1.3194],[123.1891,-1.3249],[123.1835,-1.3206],[123.1978,-1.2887],[123.196,-1.2698],[123.1875,-1.2643],[123.1916,-1.2594],[123.2174,-1.2704],[123.2352,-1.2365],[123.2303,-1.2346],[123.2485,-1.2294],[123.2224,-1.2096],[123.1912,-1.1512],[123.1641,-1.1511],[123.1609,-1.1861],[123.145,-1.2107],[123.1047,-1.1604],[123.0586,-1.1788],[123.0337,-1.1772],[122.9773,-1.2034],[122.9698,-1.2157],[122.945,-1.1846],[122.9053,-1.1819],[122.8821,-1.2147],[122.8709,-1.2494],[122.8317,-1.2774],[122.8155,-1.3081],[122.816,-1.3325],[122.7953,-1.3712],[122.7892,-1.417],[122.7944,-1.4348],[122.7849,-1.4567],[122.7949,-1.4877],[122.8031,-1.4904],[122.8081,-1.479],[122.8128,-1.4887],[122.8195,-1.4824],[122.8263,-1.5005],[122.8186,-1.4995],[122.8374,-1.524],[122.8381,-1.5153],[122.8382,-1.53],[122.853,-1.5519],[122.8489,-1.5777],[122.8834,-1.6007]]],[[[122.7852,-1.538],[122.7852,-1.538]]],[[[122.785,-1.5286],[122.785,-1.5286]]],[[[122.789,-1.5261],[122.789,-1.5261]]],[[[122.7853,-1.5037],[122.7777,-1.5044],[122.7807,-1.5262],[122.7896,-1.5097],[122.7853,-1.5037]]],[[[122.7932,-1.5079],[122.7932,-1.5079]]],[[[122.808,-1.5036],[122.8001,-1.4989],[122.7998,-1.5057],[122.808,-1.5036]]],[[[122.7942,-1.4941],[122.7889,-1.4912],[122.7942,-1.4941]]],[[[122.739,-1.4934],[122.739,-1.4934]]],[[[122.7802,-1.481],[122.7802,-1.481]]],[[[122.7487,-1.3353],[122.7487,-1.3353]]],[[[122.9396,-1.5548],[122.9396,-1.5548]]],[[[122.9493,-1.5451],[122.9493,-1.5451]]],[[[123.1106,-1.3525],[123.1106,-1.3525]]],[[[123.1147,-1.3331],[123.1184,-1.3231],[123.1147,-1.3331]]],[[[123.1217,-1.7336],[123.1217,-1.7336]]],[[[123.1562,-1.654],[123.1562,-1.654]]],[[[123.1761,-1.6436],[123.1771,-1.6365],[123.1761,-1.6436]]],[[[123.1663,-1.6351],[123.1663,-1.6351]]],[[[123.1855,-1.6282],[123.1855,-1.6282]]],[[[123.1215,-1.5634],[123.1215,-1.5634]]],[[[123.121,-1.5588],[123.121,-1.5588]]],[[[123.1292,-1.5579],[123.1292,-1.5579]]],[[[123.1317,-1.5558],[123.1317,-1.5558]]],[[[123.1658,-1.4227],[123.1658,-1.4227]]],[[[123.1638,-1.4225],[123.1598,-1.4097],[123.1638,-1.4225]]],[[[123.1525,-1.4094],[123.1525,-1.4094]]],[[[123.1616,-1.3994],[123.1606,-1.4077],[123.1616,-1.3994]]],[[[123.1444,-1.2059],[123.1444,-1.2059]]],[[[123.1382,-1.1958],[123.1429,-1.2068],[123.1382,-1.1958]]],[[[123.2092,-1.6261],[123.2092,-1.6261]]],[[[123.2113,-1.3274],[123.2162,-1.3419],[123.2113,-1.3274]]],[[[123.2069,-1.3318],[123.2069,-1.3318]]],[[[123.2169,-1.3298],[123.2169,-1.3298]]],[[[123.2152,-1.3247],[123.2152,-1.3247]]],[[[123.1933,-1.3212],[123.1933,-1.3212]]],[[[123.216,-1.3211],[123.2136,-1.3154],[123.216,-1.3211]]],[[[123.1953,-1.3189],[123.1953,-1.3189]]],[[[123.2204,-1.3163],[123.2204,-1.3163]]],[[[123.2209,-1.3092],[123.2209,-1.3092]]],[[[123.2002,-1.2891],[123.2023,-1.2843],[123.2002,-1.2891]]],[[[123.2129,-1.2834],[123.2129,-1.2834]]],[[[123.2295,-1.6218],[123.2295,-1.6218]]],[[[123.263,-1.4563],[123.263,-1.4563]]],[[[123.2619,-1.4529],[123.2619,-1.4529]]],[[[123.2623,-1.4529],[123.2623,-1.4529]]],[[[123.2659,-1.4449],[123.2647,-1.4452],[123.2656,-1.4467],[123.2659,-1.4449]]],[[[123.2411,-1.3175],[123.2411,-1.3175]]],[[[123.2432,-1.2369],[123.2432,-1.2369]]],[[[123.2883,-1.4282],[123.2886,-1.4295],[123.2894,-1.4289],[123.2883,-1.4282]]],[[[123.2877,-1.4279],[123.2877,-1.4279]]],[[[123.3227,-1.423],[123.3227,-1.423]]],[[[123.2887,-1.421],[123.2887,-1.421]]],[[[123.3054,-1.2797],[123.3261,-1.1996],[123.3139,-1.1739],[123.281,-1.193],[123.2749,-1.2152],[123.2974,-1.2816],[123.3054,-1.2797]]],[[[123.3008,-1.1467],[123.2805,-1.1559],[123.279,-1.1779],[123.3018,-1.1595],[123.3008,-1.1467]]],[[[123.4012,-1.5242],[123.4012,-1.5242]]],[[[123.3975,-1.521],[123.3975,-1.521]]],[[[123.4386,-1.5113],[123.4386,-1.5113]]],[[[123.4791,-1.4808],[123.4782,-1.4751],[123.4791,-1.4808]]],[[[123.4816,-1.4683],[123.4816,-1.4683]]],[[[123.4125,-1.2162],[123.4125,-1.2162]]]]},"properties":{"kab":"Kabupaten Banggai Kepulauan","prov":"Sulawesi Tengah","n":401,"kj":3,"dd":0,"top":[{"loc":"SDN Inpres Tompudau","n":338,"d":"2025-09-17"},{"loc":"SDN Mata","n":51,"d":"2026-08-20"},{"loc":"SD Negeri Ambelang","n":12,"d":"2026-03-02"}]}},{"type":"Feature","geometry":{"type":"Polygon","coordinates":[[[110.4452,-7.5412],[110.4566,-7.5399],[110.4743,-7.5523],[110.4905,-7.5819],[110.5224,-7.6032],[110.5137,-7.6063],[110.5218,-7.6202],[110.5402,-7.6283],[110.5508,-7.6102],[110.5471,-7.6007],[110.574,-7.5818],[110.5971,-7.5883],[110.6002,-7.5691],[110.6412,-7.5862],[110.6908,-7.5872],[110.7018,-7.5937],[110.7265,-7.5537],[110.7113,-7.5487],[110.7092,-7.5323],[110.7805,-7.5237],[110.8081,-7.5345],[110.8154,-7.5227],[110.8046,-7.4592],[110.7889,-7.4583],[110.7713,-7.4421],[110.7822,-7.4328],[110.7691,-7.4153],[110.7727,-7.3923],[110.8019,-7.368],[110.7866,-7.3635],[110.7998,-7.349],[110.8032,-7.3275],[110.7942,-7.275],[110.8042,-7.2625],[110.8388,-7.2626],[110.8287,-7.2392],[110.8443,-7.216],[110.8584,-7.2118],[110.8309,-7.1976],[110.8019,-7.2347],[110.7668,-7.2444],[110.7852,-7.1932],[110.7757,-7.1907],[110.7768,-7.1843],[110.7602,-7.1864],[110.768,-7.1766],[110.7438,-7.1643],[110.75,-7.1488],[110.7421,-7.1392],[110.718,-7.1721],[110.6902,-7.1894],[110.6928,-7.205],[110.7058,-7.2156],[110.6943,-7.2243],[110.693,-7.2411],[110.6441,-7.219],[110.6219,-7.2235],[110.6371,-7.263],[110.6255,-7.2695],[110.6241,-7.2856],[110.6136,-7.283],[110.5999,-7.2918],[110.5996,-7.3154],[110.6087,-7.3349],[110.6434,-7.3251],[110.6324,-7.3377],[110.6364,-7.3704],[110.6231,-7.3809],[110.6344,-7.3887],[110.6385,-7.4058],[110.6217,-7.4544],[110.6478,-7.4471],[110.6284,-7.4666],[110.6553,-7.4729],[110.6611,-7.4966],[110.6015,-7.4898],[110.5786,-7.4639],[110.585,-7.4628],[110.5832,-7.448],[110.566,-7.4439],[110.5826,-7.4398],[110.5848,-7.449],[110.5963,-7.4509],[110.5756,-7.4255],[110.5708,-7.4372],[110.5645,-7.4285],[110.5564,-7.4499],[110.5394,-7.4343],[110.5172,-7.4389],[110.516,-7.4168],[110.5074,-7.4066],[110.5004,-7.4124],[110.4808,-7.4025],[110.4644,-7.4089],[110.45,-7.429],[110.4326,-7.4765],[110.4162,-7.4956],[110.3954,-7.4986],[110.3771,-7.5121],[110.418,-7.519],[110.4452,-7.5412]],[[110.579,-7.451],[110.579,-7.451]]]},"properties":{"kab":"Kabupaten Boyolali","prov":"Jawa Tengah","n":100,"kj":1,"dd":0,"top":[{"loc":"SMPN 2 Boyolali","n":100,"d":"2026-08-21"}]}},{"type":"Feature","geometry":{"type":"Polygon","coordinates":[[[124.8346,1.2622],[124.8501,1.2667],[124.877,1.3269],[124.9093,1.348],[124.8912,1.3563],[124.8634,1.3524],[124.8377,1.3861],[124.8417,1.4022],[124.8357,1.4051],[124.7843,1.3925],[124.7693,1.3593],[124.7339,1.3269],[124.7312,1.3133],[124.7515,1.293],[124.7787,1.2963],[124.7703,1.29],[124.7966,1.2812],[124.8004,1.2696],[124.8215,1.2693],[124.819,1.2426],[124.8346,1.2622]]]},"properties":{"kab":"Kota Tomohon","prov":"Sulawesi Utara","n":197,"kj":1,"dd":0,"top":[{"loc":"SMP Kristen 1 Woloan","n":197,"d":"2026-01-26"}]}},{"type":"Feature","geometry":{"type":"Polygon","coordinates":[[[109.8236,-7.8312],[110.0035,-7.8883],[110.0263,-7.8891],[110.0323,-7.8963],[110.0337,-7.8864],[110.0416,-7.8844],[110.0501,-7.8417],[110.0597,-7.8386],[110.0637,-7.8121],[110.0798,-7.8069],[110.1016,-7.7755],[110.1105,-7.7779],[110.1127,-7.7645],[110.1307,-7.7469],[110.1235,-7.7308],[110.134,-7.7219],[110.1272,-7.716],[110.1385,-7.6946],[110.1156,-7.6738],[110.1414,-7.6448],[110.1253,-7.6308],[110.1203,-7.6086],[110.103,-7.5906],[110.1017,-7.5696],[110.0915,-7.5656],[110.0747,-7.5765],[110.0678,-7.571],[110.0597,-7.5755],[110.0524,-7.5481],[110.0443,-7.5347],[110.0338,-7.5329],[110.0354,-7.5522],[110.0142,-7.5663],[110.0168,-7.5855],[109.9973,-7.5899],[109.9954,-7.5754],[109.9789,-7.5769],[109.9683,-7.5629],[109.9737,-7.535],[109.9411,-7.534],[109.9012,-7.5177],[109.8806,-7.5332],[109.8748,-7.5265],[109.8676,-7.5313],[109.8724,-7.5479],[109.8179,-7.5912],[109.8148,-7.6306],[109.7984,-7.6472],[109.8079,-7.6709],[109.8054,-7.6852],[109.798,-7.6881],[109.8004,-7.7067],[109.8303,-7.7164],[109.8393,-7.7736],[109.8236,-7.8312]]]},"properties":{"kab":"Kabupaten Purworejo","prov":"Jawa Tengah","n":134,"kj":1,"dd":0,"top":[{"loc":"SMPN 8 Purworejo","n":134,"d":"2025-10-03"}]}},{"type":"Feature","geometry":{"type":"MultiPolygon","coordinates":[[[[115.657,3.4391],[115.6705,3.4342],[115.6865,3.4089],[115.6983,3.4073],[115.7221,3.4449],[115.7572,3.4444],[115.7697,3.466],[115.7853,3.4608],[115.8018,3.4669],[115.8136,3.5003],[115.8336,3.488],[115.848,3.4924],[115.8566,3.4694],[115.8782,3.4584],[115.9013,3.5],[115.921,3.4989],[115.9386,3.527],[115.958,3.5185],[115.9708,3.5294],[115.973,3.5632],[115.9587,3.5718],[115.9537,3.6173],[115.9319,3.6401],[115.9125,3.6828],[115.9261,3.75],[115.9431,3.7614],[115.948,3.7755],[115.9435,3.7936],[115.9225,3.804],[115.925,3.8348],[115.9076,3.8437],[115.9137,3.8781],[115.943,3.8844],[115.9569,3.9145],[115.9894,3.9238],[116.0081,3.9398],[116.0155,3.9629],[116.0213,4.0094],[116.0021,4.0318],[115.9946,4.0582],[115.9578,4.0763],[115.9648,4.118],[115.9775,4.1146],[115.9916,4.0947],[116.033,4.0811],[116.0708,4.0992],[116.0852,4.1179],[116.112,4.1123],[116.1319,4.1224],[116.1446,4.1134],[116.1675,4.1121],[116.1616,4.091],[116.1998,4.0745],[116.2171,4.0796],[116.2364,4.0587],[116.2366,4.0478],[116.2716,4.0398],[116.2827,4.0586],[116.3084,4.0513],[116.3228,4.0657],[116.3404,4.0421],[116.3548,4.0361],[116.3565,4.0079],[116.3694,3.9939],[116.3908,3.9917],[116.3824,3.982],[116.3844,3.9443],[116.407,3.8959],[116.4255,3.8813],[116.464,3.8805],[116.4947,3.8575],[116.5168,3.8583],[116.5335,3.8475],[116.5565,3.8452],[116.5643,3.8337],[116.5923,3.8267],[116.6271,3.7987],[116.6421,3.7989],[116.6459,3.7847],[116.6634,3.7761],[116.6817,3.7488],[116.6726,3.7383],[116.6957,3.7019],[116.7181,3.6993],[116.7313,3.6829],[116.7426,3.6813],[116.7613,3.6951],[116.8334,3.6939],[116.8812,3.7316],[116.9442,3.7503],[116.9684,3.7372],[117.0432,3.7348],[117.138,3.7536],[117.182,3.7493],[117.2205,3.7686],[117.2372,3.7622],[117.2336,3.75],[117.2478,3.7311],[117.2642,3.7325],[117.2906,3.7188],[117.3919,3.7097],[117.4027,3.6963],[117.4364,3.6904],[117.4432,3.7012],[117.4899,3.7218],[117.4774,3.7527],[117.488,3.7693],[117.503,3.7654],[117.5229,3.7752],[117.5308,3.7666],[117.5579,3.7839],[117.5784,3.7808],[117.5946,3.7957],[117.6013,3.7737],[117.6281,3.7788],[117.6507,3.77],[117.666,3.7861],[117.7837,3.7549],[117.7924,3.7602],[117.779,3.7674],[117.7783,3.7863],[117.7316,3.8109],[117.734,3.8367],[117.6949,3.8671],[117.6689,3.8788],[117.5981,3.8763],[117.5818,3.8854],[117.564,3.9111],[117.5333,3.9248],[117.4874,3.9146],[117.4576,3.9299],[117.4636,3.9609],[117.4397,4.0044],[117.3854,4.0273],[117.3752,4.0263],[117.3763,4.015],[117.3655,4.0143],[117.3695,4.0328],[117.383,4.0365],[117.416,4.0287],[117.4382,4.0134],[117.4738,4.0707],[117.4684,4.0829],[117.4184,4.0943],[117.4131,4.1074],[117.4187,4.114],[117.3912,4.1357],[117.3948,4.1454],[117.4187,4.1469],[117.4162,4.1401],[117.5177,4.0993],[117.5481,4.1423],[117.583,4.1586],[117.5933,4.1723],[117.5661,4.1798],[117.5492,4.1678],[117.5389,4.1708],[117.5313,4.16],[117.4582,4.1777],[117.4265,4.2157],[117.4273,4.2324],[117.4113,4.2372],[117.412,4.2497],[117.3865,4.2579],[117.3716,4.2861],[117.3423,4.2899],[117.3203,4.3037],[117.3113,4.2993],[117.3084,4.3094],[117.2964,4.31],[117.2846,4.3337],[117.2475,4.374],[117.227,4.3695],[117.1997,4.3352],[117.1705,4.337],[117.1537,4.3537],[117.1075,4.3325],[117.0429,4.3473],[117.0311,4.341],[117.0209,4.319],[117.0062,4.3211],[117.008,4.3467],[116.9742,4.3436],[116.9689,4.3371],[116.9552,4.3561],[116.9111,4.3688],[116.8678,4.3367],[116.8505,4.3395],[116.8426,4.326],[116.8349,4.3262],[116.8157,4.3505],[116.8063,4.3508],[116.7968,4.3388],[116.7847,4.3424],[116.7831,4.3591],[116.7517,4.3907],[116.7406,4.3824],[116.7337,4.3533],[116.7026,4.3343],[116.6673,4.3525],[116.6533,4.3369],[116.6306,4.3357],[116.6192,4.3385],[116.6137,4.3764],[116.5884,4.3742],[116.5659,4.4083],[116.5636,4.3903],[116.5362,4.3762],[116.5295,4.3476],[116.5405,4.3343],[116.5369,4.3208],[116.4885,4.3348],[116.4788,4.3026],[116.4414,4.2882],[116.437,4.3231],[116.4301,4.3295],[116.4183,4.3263],[116.4041,4.359],[116.3856,4.3592],[116.3793,4.3759],[116.3541,4.3893],[116.3239,4.3841],[116.3066,4.3687],[116.2923,4.3726],[116.2792,4.3602],[116.2613,4.362],[116.2526,4.377],[116.22,4.3821],[116.204,4.373],[116.1768,4.3808],[116.1678,4.3912],[116.155,4.3385],[116.1297,4.329],[116.1109,4.3319],[116.0865,4.3048],[116.0806,4.2776],[116.0725,4.2767],[116.0344,4.2952],[116.0284,4.3312],[116.0074,4.3355],[116.0029,4.3476],[115.9765,4.3579],[115.9285,4.3533],[115.8991,4.3956],[115.8733,4.386],[115.8722,4.3546],[115.8629,4.3439],[115.8745,4.2909],[115.8248,4.2629],[115.8287,4.2345],[115.8016,4.2204],[115.796,4.2378],[115.7664,4.245],[115.7529,4.2129],[115.732,4.2087],[115.7276,4.1889],[115.7028,4.1953],[115.6822,4.1606],[115.6771,4.0898],[115.6518,4.033],[115.6491,3.9871],[115.6397,3.9617],[115.6175,3.9376],[115.5798,3.9402],[115.5585,3.917],[115.5818,3.8862],[115.5958,3.8901],[115.5968,3.8793],[115.6168,3.8739],[115.6126,3.8242],[115.5771,3.7469],[115.5805,3.7283],[115.5737,3.7185],[115.5827,3.6978],[115.571,3.681],[115.5709,3.649],[115.581,3.6339],[115.5754,3.6272],[115.5794,3.5962],[115.5888,3.5782],[115.6034,3.5769],[115.6115,3.5537],[115.609,3.5107],[115.6348,3.4745],[115.6371,3.4566],[115.657,3.4391]]],[[[117.8093,3.7809],[117.7815,3.785],[117.7796,3.7719],[117.7962,3.7587],[117.8157,3.7578],[117.8164,3.775],[117.8093,3.7809]]],[[[117.7428,3.8717],[117.7228,3.8745],[117.71,3.8613],[117.7373,3.8375],[117.7412,3.8078],[117.7861,3.7893],[117.8332,3.7855],[117.8263,3.8105],[117.7428,3.8717]]],[[[117.7432,3.8723],[117.7432,3.8723]]],[[[117.5333,4.0298],[117.498,4.0532],[117.4433,4.0058],[117.4657,3.962],[117.4596,3.9316],[117.4966,3.9163],[117.5264,3.9296],[117.5466,3.9265],[117.5673,3.9171],[117.6016,3.8827],[117.6823,3.887],[117.6816,3.9147],[117.6396,3.9124],[117.5975,3.9335],[117.5775,3.9698],[117.5547,3.9851],[117.5475,4.0154],[117.5333,4.0298]]],[[[117.7478,4.0479],[117.7521,4.0634],[117.6583,4.1477],[117.6294,4.1352],[117.5893,4.08],[117.603,4.0108],[117.6263,3.9889],[117.6691,3.9665],[117.7259,3.9856],[117.7273,4.0118],[117.7478,4.0479]]],[[[117.4976,4.0615],[117.4822,4.0623],[117.4788,4.0476],[117.4976,4.0615]]],[[[117.9256,4.0623],[117.9172,4.084],[117.9256,4.1272],[117.9022,4.1659],[117.6833,4.1667],[117.7311,4.1208],[117.8612,4.029],[117.906,4.0407],[117.9256,4.0623]]],[[[117.553,4.0992],[117.5755,4.1183],[117.5879,4.1423],[117.5463,4.1334],[117.5362,4.1086],[117.553,4.0992]]]]},"properties":{"kab":"Kabupaten Nunukan","prov":"Kalimantan Utara","n":204,"kj":3,"dd":0,"top":[{"loc":"PAUD Ar Rahman, Sei Limau","n":145,"d":"2025-09-30"},{"loc":"SMAN 2 Nunukan Selatan","n":30,"d":"2025-01-13"},{"loc":"SDN 003 Nunukan Selatan","n":29,"d":"2025-01-13"}]}},{"type":"Feature","geometry":{"type":"MultiPolygon","coordinates":[[[[110.5962,-6.7259],[110.622,-6.7082],[110.6661,-6.7175],[110.6715,-6.7259],[110.6674,-6.7651],[110.6943,-6.7681],[110.705,-6.7948],[110.7194,-6.7887],[110.7583,-6.7942],[110.7674,-6.7705],[110.7933,-6.7541],[110.7981,-6.7585],[110.8173,-6.7481],[110.8292,-6.7564],[110.8369,-6.7379],[110.8225,-6.7328],[110.8271,-6.722],[110.8205,-6.7077],[110.8387,-6.7031],[110.8344,-6.6876],[110.8525,-6.6631],[110.8623,-6.6238],[110.8899,-6.6176],[110.9024,-6.6265],[110.912,-6.5992],[110.9086,-6.5572],[110.9178,-6.5403],[110.9084,-6.5251],[110.9126,-6.4997],[110.9294,-6.4958],[110.9688,-6.464],[110.9752,-6.4159],[110.9176,-6.4029],[110.8382,-6.4071],[110.8116,-6.4264],[110.7862,-6.4255],[110.7563,-6.4422],[110.7229,-6.4483],[110.7113,-6.4723],[110.6897,-6.4885],[110.691,-6.4981],[110.6643,-6.5026],[110.6831,-6.5202],[110.6773,-6.5337],[110.6654,-6.5325],[110.6652,-6.5418],[110.6444,-6.5567],[110.6616,-6.5732],[110.6546,-6.5848],[110.6439,-6.5844],[110.655,-6.5946],[110.6532,-6.6095],[110.6382,-6.6188],[110.647,-6.6519],[110.6179,-6.7074],[110.5962,-6.7259]]],[[[110.6283,-6.5737],[110.6283,-6.5737]]],[[[110.4059,-5.8965],[110.4109,-5.8852],[110.4059,-5.8965]]],[[[110.4319,-5.8888],[110.4259,-5.8816],[110.4279,-5.8923],[110.4335,-5.8953],[110.4319,-5.8888]]],[[[110.3584,-5.8728],[110.3536,-5.8798],[110.3584,-5.8728]]],[[[110.5848,-5.8663],[110.5799,-5.8598],[110.5848,-5.8663]]],[[[110.2327,-5.8623],[110.2327,-5.8623]]],[[[110.4665,-5.8276],[110.4107,-5.8401],[110.4321,-5.8596],[110.4323,-5.8809],[110.4485,-5.8896],[110.447,-5.8632],[110.4635,-5.8635],[110.4777,-5.8541],[110.4665,-5.8276]]],[[[110.6065,-5.8422],[110.6015,-5.8667],[110.6065,-5.8422]]],[[[110.2406,-5.8488],[110.2406,-5.8488]]],[[[110.5862,-5.8448],[110.5862,-5.8448]]],[[[110.1939,-5.8123],[110.1814,-5.8175],[110.1955,-5.8172],[110.1939,-5.8123]]],[[[110.5081,-5.8104],[110.5081,-5.8104]]],[[[110.3755,-5.8057],[110.3755,-5.8057]]],[[[110.4851,-5.7705],[110.4502,-5.8145],[110.4616,-5.8007],[110.4609,-5.8117],[110.4683,-5.8058],[110.4677,-5.8132],[110.4766,-5.8143],[110.4727,-5.7977],[110.4797,-5.8117],[110.4644,-5.8259],[110.4841,-5.8369],[110.4829,-5.8239],[110.4949,-5.8176],[110.4749,-5.7939],[110.4851,-5.7705]]],[[[110.5554,-5.8043],[110.5592,-5.7989],[110.5554,-5.8043]]],[[[110.1632,-5.8013],[110.1632,-5.8013]]],[[[110.3457,-5.7989],[110.3457,-5.7989]]],[[[110.5771,-5.7876],[110.5771,-5.7876]]],[[[110.5124,-5.7806],[110.5138,-5.7857],[110.5124,-5.7806]]],[[[110.2396,-5.7688],[110.2396,-5.7688]]],[[[110.2501,-5.7259],[110.2319,-5.738],[110.2457,-5.7626],[110.2554,-5.7545],[110.2501,-5.7259]]],[[[110.1897,-5.7379],[110.1897,-5.7379]]],[[[110.4129,-5.7361],[110.4037,-5.7331],[110.4079,-5.7458],[110.4129,-5.7361]]],[[[110.9197,-6.3848],[110.9234,-6.381],[110.9197,-6.3848]]]]},"properties":{"kab":"Kabupaten Jepara","prov":"Jawa Tengah","n":158,"kj":2,"dd":0,"top":[{"loc":"SMPN 2 Jepara","n":123,"d":"2026-08-04"},{"loc":"TK Melati Banjaran","n":35,"d":"2025-09-23"}]}},{"type":"Feature","geometry":{"type":"Polygon","coordinates":[[[110.621,-7.2264],[110.6441,-7.219],[110.693,-7.2411],[110.6943,-7.2243],[110.7058,-7.2156],[110.6928,-7.205],[110.6902,-7.1894],[110.718,-7.1721],[110.7421,-7.1392],[110.75,-7.1488],[110.7438,-7.1643],[110.768,-7.1766],[110.7602,-7.1864],[110.7768,-7.1843],[110.7757,-7.1907],[110.7852,-7.1932],[110.7668,-7.2444],[110.7936,-7.2404],[110.8309,-7.1976],[110.8385,-7.1985],[110.8587,-7.2136],[110.8443,-7.216],[110.8287,-7.2392],[110.8402,-7.2636],[110.8577,-7.2717],[110.8675,-7.2652],[110.8753,-7.2767],[110.8944,-7.2737],[110.9045,-7.2832],[110.9197,-7.2805],[110.9222,-7.2698],[110.929,-7.2777],[110.9724,-7.2816],[111.0073,-7.2609],[111.0299,-7.2567],[111.038,-7.2663],[111.0722,-7.2671],[111.0802,-7.2543],[111.1024,-7.2474],[111.1216,-7.2481],[111.1276,-7.2581],[111.1463,-7.2645],[111.1557,-7.2581],[111.1778,-7.2646],[111.1992,-7.2556],[111.2011,-7.2449],[111.2229,-7.2549],[111.2432,-7.2387],[111.2492,-7.1771],[111.2266,-7.0976],[111.2161,-7.0967],[111.2142,-7.0225],[111.1878,-7.0066],[111.1694,-6.984],[111.1118,-6.9788],[111.0966,-6.9297],[111.08,-6.946],[111.0859,-6.9619],[111.0605,-6.9696],[110.9627,-6.9733],[110.9481,-6.9638],[110.9315,-6.9728],[110.9159,-6.9614],[110.9058,-6.9827],[110.8925,-6.9843],[110.8781,-6.9709],[110.8569,-6.9858],[110.8516,-6.9999],[110.8458,-6.9906],[110.8356,-6.9911],[110.8272,-7.0018],[110.8194,-6.996],[110.8122,-7.0007],[110.7926,-6.9568],[110.7786,-6.9487],[110.7761,-6.9645],[110.7645,-6.9689],[110.7742,-6.9756],[110.7612,-6.9839],[110.7727,-6.9898],[110.7634,-6.9994],[110.7753,-7.0029],[110.7641,-7.0042],[110.7639,-7.0189],[110.7531,-7.0181],[110.7626,-7.0219],[110.7287,-7.0329],[110.6937,-7.0183],[110.6693,-7.0542],[110.6708,-7.0424],[110.6909,-7.0211],[110.6732,-7.0081],[110.6785,-6.9876],[110.6682,-6.983],[110.6718,-6.9762],[110.6585,-6.9725],[110.6244,-6.9756],[110.6258,-7.0105],[110.6056,-7.0506],[110.5966,-7.0527],[110.588,-7.0731],[110.5659,-7.075],[110.5618,-7.0938],[110.5817,-7.1193],[110.5699,-7.1482],[110.5741,-7.1529],[110.5379,-7.1805],[110.5467,-7.1952],[110.5555,-7.1869],[110.5922,-7.2031],[110.6008,-7.1951],[110.6136,-7.1975],[110.6105,-7.2265],[110.621,-7.2264]]]},"properties":{"kab":"Kabupaten Grobogan","prov":"Jawa Tengah","n":834,"kj":3,"dd":0,"top":[{"loc":"TK Ngroto","n":803,"d":"2026-01-10"},{"loc":"Desa Putatsari","n":23,"d":"2025-12-11"},{"loc":"SDN 2 Pulongrambe","n":8,"d":"2026-01-30"}]}},{"type":"Feature","geometry":{"type":"Polygon","coordinates":[[[110.339,-8.0281],[110.3315,-7.9991],[110.3524,-7.9935],[110.3486,-7.9742],[110.361,-7.9824],[110.3656,-7.9725],[110.3981,-7.9805],[110.3972,-7.9671],[110.4212,-7.9733],[110.4319,-7.963],[110.4435,-7.9668],[110.4503,-7.947],[110.4549,-7.9674],[110.4665,-7.9542],[110.4706,-7.9631],[110.4634,-7.9684],[110.4772,-7.9714],[110.4726,-7.9536],[110.4764,-7.9427],[110.4884,-7.9449],[110.4923,-7.9374],[110.4978,-7.9008],[110.495,-7.8906],[110.4761,-7.8896],[110.4675,-7.8667],[110.4889,-7.8378],[110.5164,-7.8375],[110.5165,-7.8272],[110.4814,-7.8174],[110.4668,-7.8278],[110.4643,-7.822],[110.4449,-7.8225],[110.43,-7.8359],[110.4284,-7.8231],[110.4216,-7.8223],[110.421,-7.7863],[110.4129,-7.7832],[110.4101,-7.7902],[110.397,-7.7862],[110.4047,-7.8311],[110.3937,-7.8274],[110.3877,-7.8399],[110.3751,-7.8244],[110.3513,-7.825],[110.3448,-7.807],[110.3511,-7.7682],[110.3435,-7.7919],[110.3308,-7.8061],[110.3147,-7.8094],[110.3166,-7.8237],[110.3094,-7.8187],[110.3063,-7.8287],[110.2924,-7.8352],[110.2804,-7.8185],[110.2887,-7.7855],[110.2371,-7.8089],[110.2321,-7.8279],[110.2212,-7.8368],[110.2574,-7.8662],[110.2737,-7.8932],[110.2733,-7.9105],[110.2687,-7.9278],[110.255,-7.9232],[110.2466,-7.9298],[110.2115,-7.9855],[110.339,-8.0281]]]},"properties":{"kab":"Kabupaten Bantul","prov":"Daerah Istimewa Yogyakarta","n":585,"kj":6,"dd":0,"top":[{"loc":"SD 2 Bakulan","n":237,"d":"2025-10-31"},{"loc":"6 SD (Spesifik tidak disebutkan)","n":156,"d":"2026-04-02"},{"loc":"SMPN 3 Jetis","n":80,"d":"2026-04-13"}]}},{"type":"Feature","geometry":{"type":"Polygon","coordinates":[[[107.5455,-6.9268],[107.5633,-6.9511],[107.5834,-6.9618],[107.6981,-6.9692],[107.7161,-6.9613],[107.7133,-6.9468],[107.7395,-6.9021],[107.726,-6.8951],[107.7149,-6.904],[107.7146,-6.8904],[107.7077,-6.8898],[107.7,-6.9083],[107.6807,-6.8895],[107.6688,-6.8921],[107.6701,-6.884],[107.6543,-6.8948],[107.6324,-6.8894],[107.6188,-6.8508],[107.6044,-6.8585],[107.604,-6.8422],[107.5964,-6.8388],[107.5891,-6.8573],[107.5764,-6.8661],[107.5762,-6.891],[107.5564,-6.8897],[107.569,-6.9104],[107.564,-6.9328],[107.5455,-6.9268]]]},"properties":{"kab":"Kota Bandung","prov":"Jawa Barat","n":354,"kj":2,"dd":0,"top":[{"loc":"SMP Negeri 35 Bandung","n":342,"d":"2025-04-29"},{"loc":"SD Negeri Legok Hayam","n":12,"d":"2025-08-21"}]}},{"type":"Feature","geometry":{"type":"MultiPolygon","coordinates":[[[[122.5737,-5.5381],[122.605,-5.5252],[122.6214,-5.5069],[122.6387,-5.5133],[122.6612,-5.5092],[122.6705,-5.4963],[122.7229,-5.4966],[122.7402,-5.4894],[122.7518,-5.4595],[122.7488,-5.4487],[122.7551,-5.4502],[122.7606,-5.4217],[122.7702,-5.4108],[122.7489,-5.3611],[122.7258,-5.3544],[122.7261,-5.3288],[122.7141,-5.3161],[122.6869,-5.3244],[122.6763,-5.3083],[122.6724,-5.3189],[122.6533,-5.3262],[122.6487,-5.3566],[122.6187,-5.406],[122.6376,-5.4079],[122.6502,-5.4375],[122.6334,-5.4576],[122.5974,-5.4545],[122.5646,-5.4821],[122.5565,-5.5184],[122.5692,-5.5251],[122.5737,-5.5381]]],[[[122.6313,-5.4179],[122.6232,-5.4373],[122.6313,-5.4179]]]]},"properties":{"kab":"Kota Baubau","prov":"Sulawesi Tenggara","n":37,"kj":1,"dd":0,"top":[{"loc":"SMAN 7 Baubau","n":37,"d":"2025-09-16"}]}},{"type":"Feature","geometry":{"type":"Polygon","coordinates":[[[114.5223,-3.3634],[114.549,-3.374],[114.5699,-3.3668],[114.5666,-3.3736],[114.5862,-3.3821],[114.5957,-3.3668],[114.6159,-3.3684],[114.6329,-3.3465],[114.657,-3.3484],[114.6596,-3.3356],[114.6283,-3.3131],[114.6386,-3.2756],[114.6251,-3.2851],[114.6065,-3.2802],[114.6023,-3.289],[114.5689,-3.2674],[114.5618,-3.3152],[114.5223,-3.3634]]]},"properties":{"kab":"Kota Banjarmasin","prov":"Kalimantan Selatan","n":40,"kj":1,"dd":0,"top":[{"loc":"SMPN 33 Banjarmasin","n":40,"d":"2025-10-21"}]}},{"type":"Feature","geometry":{"type":"Polygon","coordinates":[[[101.9191,-2.7356],[101.9263,-2.7703],[101.9413,-2.7817],[101.9668,-2.8245],[102.0193,-2.8559],[102.0422,-2.9841],[102.0778,-3.0],[102.1014,-3.0218],[102.1066,-3.0419],[102.1374,-3.066],[102.1436,-3.1129],[102.133,-3.128],[102.1367,-3.1442],[102.1271,-3.1704],[102.1467,-3.2066],[102.1664,-3.2239],[102.1912,-3.2211],[102.2363,-3.2411],[102.2508,-3.2635],[102.291,-3.2838],[102.2966,-3.3228],[102.2758,-3.3428],[102.2702,-3.3649],[102.3752,-3.3835],[102.3876,-3.3693],[102.3842,-3.3551],[102.4229,-3.3585],[102.4419,-3.3472],[102.4498,-3.3207],[102.4961,-3.3219],[102.5005,-3.3087],[102.4866,-3.2892],[102.4943,-3.2668],[102.4842,-3.2545],[102.4931,-3.2394],[102.4843,-3.2282],[102.4904,-3.2165],[102.4855,-3.2044],[102.4939,-3.1691],[102.4867,-3.157],[102.4914,-3.139],[102.4865,-3.1099],[102.4616,-3.0762],[102.4423,-3.0586],[102.4083,-3.0547],[102.3892,-3.043],[102.3176,-3.0699],[102.2845,-3.0391],[102.2677,-3.0426],[102.2538,-3.0355],[102.2429,-3.0195],[102.222,-2.9277],[102.1313,-2.8748],[102.1294,-2.8348],[102.1135,-2.8142],[102.0925,-2.8109],[102.075,-2.7965],[102.0634,-2.7645],[102.0327,-2.758],[101.9969,-2.7241],[101.964,-2.7218],[101.9538,-2.7307],[101.9191,-2.7356]]]},"properties":{"kab":"Kabupaten Lebong","prov":"Bengkulu","n":539,"kj":1,"dd":0,"top":[{"loc":"PAUD IT Al-Azhar","n":539,"d":"2025-08-28"}]}},{"type":"Feature","geometry":{"type":"MultiPolygon","coordinates":[[[[112.3599,-8.3484],[112.3724,-8.3748],[112.4208,-8.3811],[112.4435,-8.3976],[112.4711,-8.3928],[112.5027,-8.4046],[112.51,-8.3954],[112.5233,-8.4032],[112.5575,-8.4024],[112.6103,-8.421],[112.6181,-8.4341],[112.6339,-8.4301],[112.6514,-8.4477],[112.6718,-8.4448],[112.7085,-8.4176],[112.7394,-8.4158],[112.7428,-8.4247],[112.7503,-8.4146],[112.7571,-8.4205],[112.7537,-8.4128],[112.7658,-8.4122],[112.7665,-8.392],[112.7739,-8.3859],[112.7834,-8.3868],[112.7832,-8.3973],[112.7947,-8.4033],[112.8045,-8.3967],[112.8123,-8.4011],[112.8201,-8.373],[112.8311,-8.3689],[112.8388,-8.3723],[112.8394,-8.3843],[112.8482,-8.3777],[112.8479,-8.4046],[112.8635,-8.3949],[112.8715,-8.4081],[112.8975,-8.4018],[112.8927,-8.3889],[112.8992,-8.3806],[112.907,-8.3825],[112.9109,-8.399],[112.9312,-8.387],[112.9454,-8.3694],[112.948,-8.345],[112.9374,-8.3345],[112.941,-8.3152],[112.9138,-8.2816],[112.9227,-8.2397],[112.9042,-8.1922],[112.9266,-8.1148],[112.9203,-8.0879],[112.9054,-8.0809],[112.9001,-8.0619],[112.9334,-8.0145],[112.9251,-8.0005],[112.9382,-7.9989],[112.9457,-7.9797],[112.9261,-7.9665],[112.9351,-7.956],[112.9154,-7.9513],[112.9132,-7.9567],[112.9039,-7.947],[112.886,-7.9523],[112.8535,-7.9339],[112.8396,-7.9385],[112.8055,-7.9255],[112.7837,-7.9003],[112.7792,-7.8722],[112.7619,-7.876],[112.76,-7.8544],[112.7388,-7.8383],[112.7328,-7.818],[112.7111,-7.8239],[112.6542,-7.797],[112.6324,-7.7976],[112.5926,-7.7648],[112.5834,-7.7709],[112.5717,-7.8171],[112.5643,-7.8795],[112.5725,-7.8892],[112.5833,-7.8885],[112.595,-7.906],[112.5804,-7.9172],[112.5678,-7.9128],[112.5414,-7.9263],[112.4841,-7.9314],[112.4753,-7.9394],[112.4839,-7.9233],[112.4773,-7.892],[112.4878,-7.8776],[112.4996,-7.8157],[112.4888,-7.7645],[112.463,-7.769],[112.4556,-7.7792],[112.4425,-7.7762],[112.4363,-7.7654],[112.4302,-7.7708],[112.418,-7.7642],[112.3962,-7.7854],[112.3822,-7.7851],[112.3495,-7.7616],[112.3286,-7.7773],[112.2878,-7.7707],[112.3069,-7.7994],[112.3076,-7.8387],[112.3194,-7.8391],[112.3182,-7.8615],[112.326,-7.8735],[112.3066,-7.9293],[112.3705,-7.9572],[112.4072,-7.9503],[112.4322,-7.9303],[112.4521,-7.9265],[112.4679,-7.9471],[112.4653,-7.9559],[112.478,-7.9661],[112.4684,-7.9994],[112.4745,-8.0138],[112.4536,-8.0563],[112.4592,-8.1149],[112.4537,-8.1434],[112.416,-8.166],[112.3921,-8.1616],[112.3668,-8.1749],[112.3671,-8.1832],[112.383,-8.1923],[112.3892,-8.2152],[112.3877,-8.2362],[112.3781,-8.2401],[112.3884,-8.2854],[112.3599,-8.3484]],[[112.649,-7.9166],[112.663,-7.9274],[112.6688,-7.9459],[112.6581,-7.9653],[112.6938,-7.9817],[112.6832,-8.0055],[112.6721,-8.009],[112.6731,-8.0314],[112.6456,-8.0515],[112.6317,-8.046],[112.631,-8.0352],[112.6139,-8.0214],[112.6172,-8.0099],[112.6065,-8.0135],[112.5974,-8.006],[112.6014,-7.9955],[112.5768,-7.9839],[112.5969,-7.9837],[112.5919,-7.9728],[112.6027,-7.9675],[112.5692,-7.9391],[112.5982,-7.9373],[112.5921,-7.9175],[112.6125,-7.9253],[112.6098,-7.9179],[112.6255,-7.9111],[112.64,-7.9216],[112.649,-7.9166]]],[[[112.7057,-8.4311],[112.6918,-8.4311],[112.6801,-8.4412],[112.6804,-8.4522],[112.7071,-8.4635],[112.7125,-8.4373],[112.7057,-8.4311]]],[[[112.7992,-8.4093],[112.7992,-8.4093]]]]},"properties":{"kab":"Kabupaten Malang","prov":"Jawa Timur","n":80,"kj":3,"dd":0,"top":[{"loc":"MTs Al-Khalifah","n":38,"d":"2025-10-23"},{"loc":"SDN Kauman 1","n":33,"d":"2026-07-21"},{"loc":"MI Al Maarif 9","n":9,"d":"2026-02-11"}]}},{"type":"Feature","geometry":{"type":"MultiPolygon","coordinates":[[[[119.427,-8.7462],[119.4193,-8.7549],[119.4308,-8.7642],[119.427,-8.7462]]],[[[119.3737,-8.7407],[119.3639,-8.7478],[119.3737,-8.7407]]],[[[119.4809,-8.7376],[119.4809,-8.7376]]],[[[119.4099,-8.7384],[119.4099,-8.7384]]],[[[119.5409,-8.6887],[119.5326,-8.693],[119.5409,-8.6887]]],[[[119.4735,-8.69],[119.4653,-8.6853],[119.4735,-8.69]]],[[[119.5333,-8.6704],[119.5333,-8.6704]]],[[[119.4972,-8.6489],[119.4972,-8.6489]]],[[[119.3958,-8.6373],[119.3958,-8.6373]]],[[[119.5281,-8.6235],[119.5281,-8.6235]]],[[[119.4711,-8.621],[119.4658,-8.6191],[119.4711,-8.621]]],[[[119.5327,-8.6062],[119.5217,-8.6136],[119.5314,-8.6139],[119.5327,-8.6062]]],[[[119.4879,-8.6007],[119.4879,-8.6007]]],[[[119.4976,-8.5996],[119.4921,-8.5978],[119.4976,-8.5996]]],[[[119.4601,-8.4315],[119.4494,-8.4312],[119.4502,-8.4523],[119.425,-8.4423],[119.4207,-8.4498],[119.4266,-8.4719],[119.4491,-8.4904],[119.4125,-8.5025],[119.4323,-8.5126],[119.4368,-8.5243],[119.4209,-8.5307],[119.4234,-8.5516],[119.4119,-8.5502],[119.3993,-8.5639],[119.3908,-8.5587],[119.3885,-8.5738],[119.3737,-8.5852],[119.3883,-8.6003],[119.3753,-8.6327],[119.398,-8.6225],[119.3982,-8.6401],[119.4098,-8.6469],[119.4044,-8.6882],[119.3878,-8.6924],[119.3822,-8.7163],[119.3713,-8.7177],[119.3812,-8.7255],[119.3771,-8.7379],[119.3913,-8.7233],[119.4065,-8.7221],[119.4439,-8.7512],[119.4713,-8.7369],[119.4518,-8.7452],[119.4478,-8.7358],[119.4572,-8.7273],[119.4457,-8.7216],[119.4562,-8.7025],[119.4454,-8.6996],[119.4484,-8.6862],[119.4346,-8.6843],[119.4332,-8.6758],[119.456,-8.6484],[119.4758,-8.6525],[119.4751,-8.6386],[119.4851,-8.6406],[119.4798,-8.6319],[119.4937,-8.6144],[119.4649,-8.6278],[119.453,-8.6063],[119.48,-8.605],[119.5053,-8.5685],[119.5248,-8.5822],[119.5185,-8.6022],[119.5742,-8.5953],[119.5596,-8.5867],[119.56,-8.5504],[119.5492,-8.5299],[119.56,-8.5142],[119.5698,-8.5323],[119.5713,-8.4898],[119.5633,-8.4841],[119.5492,-8.4988],[119.5516,-8.4793],[119.5349,-8.4974],[119.5265,-8.4825],[119.5069,-8.494],[119.4952,-8.4793],[119.4824,-8.4861],[119.4716,-8.4806],[119.4676,-8.4655],[119.4736,-8.4525],[119.4601,-8.4315]]],[[[119.3728,-8.5589],[119.3712,-8.5592],[119.3715,-8.56],[119.3728,-8.5589]]],[[[119.3897,-8.5542],[119.3897,-8.5542]]],[[[119.6131,-8.7245],[119.6131,-8.7245]]],[[[119.5712,-8.688],[119.565,-8.6867],[119.5697,-8.6932],[119.5712,-8.688]]],[[[119.6026,-8.6313],[119.5758,-8.6381],[119.5686,-8.6563],[119.5584,-8.651],[119.5536,-8.6606],[119.54,-8.6631],[119.5409,-8.6777],[119.5491,-8.6733],[119.5603,-8.6941],[119.5582,-8.6657],[119.5792,-8.6547],[119.5907,-8.6655],[119.6021,-8.6598],[119.6026,-8.6313]]],[[[119.5717,-8.651],[119.5717,-8.651]]],[[[119.6217,-8.638],[119.6231,-8.6381],[119.6221,-8.6364],[119.6217,-8.638]]],[[[119.6144,-8.6262],[119.6151,-8.6367],[119.6144,-8.6262]]],[[[119.6299,-8.5555],[119.6299,-8.5555]]],[[[119.5669,-8.5433],[119.5669,-8.5433]]],[[[119.6408,-8.5413],[119.6408,-8.5413]]],[[[119.5728,-8.5342],[119.57,-8.5413],[119.5782,-8.538],[119.5728,-8.5342]]],[[[119.5856,-8.5194],[119.5856,-8.5194]]],[[[119.6414,-8.5111],[119.6336,-8.5146],[119.6356,-8.5213],[119.6414,-8.5111]]],[[[119.5835,-8.4956],[119.5772,-8.4959],[119.5835,-8.4956]]],[[[119.5858,-8.4891],[119.5915,-8.4887],[119.5858,-8.4891]]],[[[119.5659,-8.4643],[119.5574,-8.4636],[119.5513,-8.4746],[119.5597,-8.4766],[119.5659,-8.4643]]],[[[119.5844,-8.4502],[119.5832,-8.4413],[119.569,-8.45],[119.5644,-8.4456],[119.5621,-8.4582],[119.5844,-8.4502]]],[[[119.7898,-8.7954],[119.7827,-8.7913],[119.7715,-8.8067],[119.7756,-8.8225],[119.7983,-8.8219],[119.8033,-8.8006],[119.7898,-8.7954]]],[[[119.6555,-8.7861],[119.6307,-8.8068],[119.6511,-8.804],[119.6529,-8.8146],[119.6674,-8.8166],[119.6672,-8.7989],[119.6555,-8.7861]]],[[[119.6596,-8.7863],[119.6596,-8.7848],[119.6585,-8.785],[119.6596,-8.7863]]],[[[119.6392,-8.6092],[119.6324,-8.6029],[119.6144,-8.6095],[119.6419,-8.659],[119.6394,-8.6758],[119.6255,-8.6818],[119.6391,-8.6888],[119.6526,-8.6688],[119.661,-8.7021],[119.6542,-8.7079],[119.6487,-8.7004],[119.6425,-8.7087],[119.6319,-8.6991],[119.6175,-8.7077],[119.6213,-8.7181],[119.637,-8.7248],[119.616,-8.7255],[119.6335,-8.7416],[119.6066,-8.7337],[119.613,-8.7485],[119.6032,-8.7499],[119.6169,-8.7639],[119.6117,-8.7764],[119.618,-8.7941],[119.6419,-8.7754],[119.6593,-8.7732],[119.6749,-8.7879],[119.6755,-8.8088],[119.6937,-8.8105],[119.7195,-8.788],[119.7118,-8.7787],[119.7319,-8.7663],[119.7175,-8.7649],[119.7172,-8.7559],[119.7335,-8.7564],[119.7223,-8.7396],[119.6979,-8.7332],[119.6902,-8.7233],[119.7134,-8.6875],[119.7109,-8.6794],[119.7252,-8.6852],[119.7265,-8.6997],[119.7448,-8.6978],[119.7575,-8.6654],[119.7996,-8.6558],[119.805,-8.6253],[119.7921,-8.6141],[119.7528,-8.618],[119.7447,-8.6281],[119.7394,-8.6211],[119.7182,-8.6217],[119.7144,-8.6557],[119.7107,-8.6455],[119.6873,-8.6394],[119.7095,-8.6591],[119.7082,-8.6698],[119.6905,-8.675],[119.6865,-8.6845],[119.6774,-8.6732],[119.6736,-8.6878],[119.6609,-8.6638],[119.6671,-8.6615],[119.6585,-8.6569],[119.6628,-8.6124],[119.6392,-8.6092]]],[[[119.7651,-8.7124],[119.7665,-8.6999],[119.7651,-8.7124]]],[[[119.7527,-8.6954],[119.7527,-8.6954]]],[[[119.6506,-8.6869],[119.6452,-8.6857],[119.6506,-8.6869]]],[[[119.7801,-8.6689],[119.7732,-8.6666],[119.7756,-8.6803],[119.7862,-8.6763],[119.7801,-8.6689]]],[[[119.7103,-8.633],[119.7103,-8.633]]],[[[119.7094,-8.6295],[119.7094,-8.6295]]],[[[119.7214,-8.613],[119.7214,-8.613]]],[[[119.771,-8.6058],[119.771,-8.6058]]],[[[119.7046,-8.6005],[119.7046,-8.6005]]],[[[119.7661,-8.5982],[119.7661,-8.5982]]],[[[119.7005,-8.5957],[119.7005,-8.5957]]],[[[119.7587,-8.5908],[119.7587,-8.5908]]],[[[119.7261,-8.5899],[119.7261,-8.5899]]],[[[119.6928,-8.5887],[119.6928,-8.5887]]],[[[119.6921,-8.5789],[119.6847,-8.5811],[119.6921,-8.5789]]],[[[119.7506,-8.5745],[119.7488,-8.5818],[119.7506,-8.5745]]],[[[119.7187,-8.5697],[119.7051,-8.5744],[119.7247,-8.5791],[119.7291,-8.5725],[119.7187,-8.5697]]],[[[119.6855,-8.547],[119.6793,-8.5475],[119.6822,-8.5578],[119.6909,-8.5512],[119.6855,-8.547]]],[[[119.6615,-8.5327],[119.6467,-8.5356],[119.6558,-8.5671],[119.6615,-8.5327]]],[[[119.783,-8.5515],[119.7855,-8.5459],[119.783,-8.5515]]],[[[119.7448,-8.5262],[119.7448,-8.5262]]],[[[119.7341,-8.5217],[119.7341,-8.5217]]],[[[119.7106,-8.5181],[119.7106,-8.5181]]],[[[119.7295,-8.5147],[119.7247,-8.5178],[119.7295,-8.5147]]],[[[119.7097,-8.5132],[119.6961,-8.5127],[119.7013,-8.5186],[119.7097,-8.5132]]],[[[119.7315,-8.5104],[119.7315,-8.5104]]],[[[119.7306,-8.4943],[119.7164,-8.4973],[119.7162,-8.5184],[119.7199,-8.5058],[119.7341,-8.5014],[119.7306,-8.4943]]],[[[119.7603,-8.493],[119.7582,-8.4979],[119.7603,-8.493]]],[[[119.807,-8.7831],[119.8038,-8.789],[119.807,-8.7831]]],[[[119.8006,-8.785],[119.8006,-8.785]]],[[[120.2871,-8.2822],[120.2606,-8.283],[120.239,-8.302],[120.2159,-8.31],[120.1998,-8.3063],[120.1832,-8.3367],[120.1853,-8.3478],[120.172,-8.3481],[120.163,-8.3623],[120.1631,-8.3779],[120.1574,-8.373],[120.1473,-8.3801],[120.1469,-8.367],[120.1317,-8.367],[120.1216,-8.3562],[120.1163,-8.4071],[120.1263,-8.4163],[120.11,-8.4412],[120.0851,-8.4373],[120.0828,-8.4255],[120.0961,-8.4134],[120.0934,-8.4068],[120.0858,-8.4143],[120.0769,-8.4097],[120.0865,-8.3876],[120.0501,-8.4054],[120.0488,-8.3989],[120.0596,-8.3987],[120.0743,-8.377],[120.0435,-8.3972],[120.0369,-8.3922],[120.0425,-8.3864],[120.0191,-8.3843],[120.0114,-8.3997],[120.0158,-8.4125],[119.9979,-8.4172],[120.0022,-8.4295],[120.0181,-8.4398],[119.9976,-8.4611],[119.9841,-8.4541],[119.9821,-8.4429],[119.9737,-8.4454],[119.9767,-8.4325],[119.9692,-8.4282],[119.9567,-8.4435],[119.9618,-8.4506],[119.9328,-8.4567],[119.908,-8.4757],[119.8999,-8.465],[119.8778,-8.4605],[119.8783,-8.4494],[119.8903,-8.4425],[119.8772,-8.4431],[119.8795,-8.4271],[119.8573,-8.4302],[119.8606,-8.4533],[119.8713,-8.4578],[119.881,-8.4778],[119.8747,-8.4896],[119.878,-8.505],[119.8695,-8.5221],[119.8333,-8.5395],[119.827,-8.556],[119.8041,-8.5734],[119.8079,-8.5852],[119.7982,-8.5986],[119.8109,-8.6019],[119.8113,-8.6679],[119.796,-8.6915],[119.8035,-8.7096],[119.7968,-8.7277],[119.8075,-8.7334],[119.7962,-8.7415],[119.8088,-8.7513],[119.7999,-8.7597],[119.8032,-8.7699],[119.8219,-8.7791],[119.8207,-8.7887],[119.8295,-8.7874],[119.8332,-8.8065],[119.8442,-8.7969],[119.8477,-8.8045],[119.8603,-8.8026],[119.8623,-8.8136],[119.8696,-8.8074],[119.8903,-8.8129],[119.8827,-8.829],[119.8846,-8.841],[119.894,-8.842],[119.8892,-8.8584],[119.9192,-8.8659],[119.9098,-8.8391],[119.9229,-8.8435],[119.9254,-8.8329],[119.945,-8.8205],[119.9694,-8.826],[120.0164,-8.8193],[120.1011,-8.7926],[120.1478,-8.786],[120.1677,-8.7892],[120.2138,-8.8366],[120.2327,-8.8438],[120.24,-8.83],[120.233,-8.8121],[120.24,-8.803],[120.2834,-8.7871],[120.273,-8.76],[120.2936,-8.7563],[120.3144,-8.7237],[120.3265,-8.7183],[120.3297,-8.7048],[120.3242,-8.6885],[120.2968,-8.672],[120.2797,-8.6473],[120.2902,-8.6372],[120.2806,-8.6254],[120.2852,-8.5978],[120.2989,-8.5858],[120.3184,-8.5828],[120.3167,-8.5658],[120.3304,-8.5587],[120.3427,-8.571],[120.3613,-8.5683],[120.3575,-8.5247],[120.3719,-8.5149],[120.3804,-8.4884],[120.3894,-8.4849],[120.3901,-8.4585],[120.3991,-8.4609],[120.3929,-8.4538],[120.3993,-8.4442],[120.3893,-8.4252],[120.3693,-8.4311],[120.3464,-8.4261],[120.3336,-8.4404],[120.3259,-8.4373],[120.2982,-8.4558],[120.2822,-8.4171],[120.29,-8.3653],[120.2819,-8.3254],[120.2909,-8.3043],[120.2871,-8.2822]]],[[[119.7923,-8.6027],[119.7923,-8.6027]]],[[[119.7937,-8.5995],[119.7905,-8.5934],[119.7937,-8.5995]]],[[[119.8041,-8.5817],[119.7945,-8.5832],[119.8041,-8.5817]]],[[[119.8283,-8.5518],[119.8283,-8.5518]]],[[[119.8001,-8.55],[119.8001,-8.55]]],[[[119.8141,-8.545],[119.8141,-8.545]]],[[[119.8302,-8.5438],[119.8302,-8.5438]]],[[[119.7924,-8.5223],[119.7832,-8.5289],[119.7979,-8.5306],[119.7924,-8.5223]]],[[[119.7941,-8.5164],[119.7936,-8.5216],[119.7941,-8.5164]]],[[[119.8692,-8.4955],[119.8692,-8.4955]]],[[[119.8453,-8.487],[119.8437,-8.4918],[119.8503,-8.4887],[119.8453,-8.487]]],[[[119.8645,-8.4855],[119.8692,-8.4931],[119.8736,-8.4868],[119.8645,-8.4855]]],[[[119.8571,-8.4828],[119.8529,-8.4895],[119.8612,-8.4874],[119.8571,-8.4828]]],[[[119.8383,-8.48],[119.8331,-8.4815],[119.8383,-8.48]]],[[[119.8682,-8.4674],[119.8682,-8.4674]]],[[[119.8699,-8.4626],[119.8699,-8.4626]]],[[[119.8656,-8.4109],[119.8732,-8.4208],[119.8656,-8.4109]]],[[[119.8092,-8.3998],[119.8038,-8.3942],[119.8092,-8.3998]]],[[[119.7971,-8.3915],[119.7971,-8.3915]]],[[[119.8628,-8.3827],[119.8527,-8.3746],[119.839,-8.3791],[119.8385,-8.3871],[119.866,-8.4014],[119.8775,-8.3801],[119.8628,-8.3827]]],[[[119.9941,-8.435],[119.9895,-8.4378],[119.9941,-8.435]]],[[[120.0481,-8.384],[120.0461,-8.389],[120.0481,-8.384]]],[[[120.0796,-8.369],[120.0796,-8.369]]],[[[120.0323,-8.3682],[120.0223,-8.3517],[120.0163,-8.3726],[120.0323,-8.3682]]],[[[120.1272,-8.3393],[120.1128,-8.3425],[120.1187,-8.3509],[120.1539,-8.351],[120.1272,-8.3393]]]]},"properties":{"kab":"Kabupaten Manggarai Barat","prov":"Nusa Tenggara Timur","n":132,"kj":1,"dd":0,"top":[{"loc":"SDI Golo Welu 2","n":132,"d":"2026-01-29"}]}},{"type":"Feature","geometry":{"type":"Polygon","coordinates":[[[111.7992,-7.8366],[111.814,-7.813],[111.8247,-7.8112],[111.9003,-7.7397],[111.9278,-7.7228],[111.9543,-7.6796],[111.9851,-7.6864],[111.9822,-7.711],[111.9974,-7.7291],[112.004,-7.7555],[112.0179,-7.7622],[112.0272,-7.7257],[112.0591,-7.7235],[112.0751,-7.7036],[112.0759,-7.6788],[112.0984,-7.6441],[112.1134,-7.5894],[112.1119,-7.5654],[112.1349,-7.5347],[112.1508,-7.5292],[112.1521,-7.5061],[112.1691,-7.4896],[112.1549,-7.4634],[112.125,-7.4521],[112.1231,-7.4625],[112.0981,-7.461],[112.0795,-7.4736],[112.0809,-7.4522],[112.0626,-7.4173],[112.0716,-7.4062],[112.0693,-7.397],[112.0463,-7.3938],[112.0477,-7.3997],[112.0354,-7.4018],[112.0242,-7.3956],[112.0197,-7.4098],[111.9987,-7.4034],[111.958,-7.4133],[111.9437,-7.4061],[111.9596,-7.4281],[111.9404,-7.4401],[111.9054,-7.4333],[111.8779,-7.4409],[111.821,-7.4396],[111.8012,-7.459],[111.8213,-7.4723],[111.8251,-7.4947],[111.8497,-7.5082],[111.8332,-7.5487],[111.8043,-7.5455],[111.7867,-7.6024],[111.7829,-7.6504],[111.7329,-7.7263],[111.7245,-7.7714],[111.7671,-7.8232],[111.7765,-7.8203],[111.7858,-7.8335],[111.7992,-7.8366]]]},"properties":{"kab":"Kabupaten Nganjuk","prov":"Jawa Timur","n":134,"kj":2,"dd":0,"top":[{"loc":"SMAN 3 Nganjuk","n":127,"d":"2026-09-02"},{"loc":"SDN Banaran I","n":7,"d":"2024-10-02"}]}},{"type":"Feature","geometry":{"type":"MultiPolygon","coordinates":[[[[120.5812,-1.108],[120.5602,-1.0922],[120.5298,-1.0474],[120.5316,-1.0341],[120.5095,-0.9993],[120.487,-0.9899],[120.4605,-0.9932],[120.4353,-0.9674],[120.4318,-0.9427],[120.4117,-0.9245],[120.3721,-0.9276],[120.3489,-0.9454],[120.347,-0.9565],[120.3105,-0.9661],[120.2867,-0.9414],[120.2758,-0.9121],[120.2425,-0.8861],[120.221,-0.8452],[120.1969,-0.8467],[120.1743,-0.7981],[120.1414,-0.7726],[120.1332,-0.7745],[120.1314,-0.759],[120.1096,-0.7367],[120.1028,-0.707],[120.0844,-0.689],[120.0843,-0.6746],[120.0781,-0.6745],[120.0587,-0.6306],[120.0614,-0.6065],[120.0472,-0.5317],[120.0534,-0.5123],[120.0496,-0.4883],[120.0695,-0.4623],[120.0724,-0.4397],[120.0653,-0.4162],[120.0572,-0.4176],[120.0347,-0.3713],[120.0303,-0.3031],[120.0123,-0.2922],[120.0068,-0.275],[120.0087,-0.1777],[120.0343,-0.1538],[120.0421,-0.1279],[120.0347,-0.0652],[120.0424,-0.0571],[120.0652,-0.0609],[120.0956,-0.0327],[120.1032,0.0004],[120.0992,0.0296],[120.1115,0.0556],[120.1057,0.0948],[120.1137,0.1129],[120.1334,0.1279],[120.1338,0.1531],[120.1238,0.1646],[120.1576,0.227],[120.2014,0.2637],[120.2482,0.35],[120.2748,0.3665],[120.303,0.4178],[120.352,0.4516],[120.4041,0.4744],[120.4362,0.466],[120.4609,0.4936],[120.4739,0.4931],[120.5068,0.5134],[120.5287,0.517],[120.5714,0.509],[120.6017,0.5212],[120.6316,0.5158],[120.6466,0.5216],[120.6688,0.5099],[120.6953,0.5105],[120.7258,0.4762],[120.7683,0.4567],[120.8107,0.4746],[120.8092,0.4534],[120.8309,0.4402],[120.8397,0.4464],[120.855,0.4423],[120.8639,0.4256],[120.8996,0.3961],[120.9323,0.4],[120.9555,0.4181],[120.9744,0.4166],[121.0277,0.4405],[121.0764,0.399],[121.0973,0.4075],[121.1116,0.4009],[121.1216,0.4112],[121.1558,0.4143],[121.1558,0.4362],[121.1735,0.4459],[121.1765,0.4597],[121.1938,0.4634],[121.2115,0.457],[121.2256,0.4629],[121.2324,0.4564],[121.2586,0.4909],[121.2882,0.4963],[121.3367,0.4738],[121.3516,0.4926],[121.3182,0.5426],[121.3295,0.5753],[121.3159,0.5776],[121.3026,0.5692],[121.2959,0.5802],[121.2429,0.6001],[121.227,0.6285],[121.2287,0.6456],[121.2186,0.6385],[121.1993,0.6406],[121.1529,0.684],[121.1284,0.6849],[121.1079,0.6986],[121.062,0.7052],[121.0549,0.694],[121.0142,0.7114],[120.9756,0.6905],[120.9382,0.6896],[120.8652,0.711],[120.8142,0.6756],[120.7848,0.6786],[120.7543,0.662],[120.7072,0.6687],[120.674,0.6447],[120.661,0.6171],[120.6417,0.6117],[120.6373,0.5976],[120.6196,0.5877],[120.6128,0.6012],[120.6003,0.5954],[120.5737,0.6093],[120.5474,0.5952],[120.5402,0.6337],[120.4955,0.6364],[120.4922,0.6513],[120.4621,0.6679],[120.4169,0.6617],[120.3567,0.678],[120.3067,0.6564],[120.2843,0.6306],[120.2689,0.6304],[120.2285,0.6076],[120.1926,0.6158],[120.1941,0.5873],[120.2031,0.574],[120.1881,0.5701],[120.1802,0.546],[120.1592,0.5318],[120.1568,0.4711],[120.1299,0.4584],[120.1133,0.4317],[120.1275,0.4097],[120.1169,0.3975],[120.0829,0.3861],[120.0742,0.3457],[120.0565,0.333],[120.0617,0.3081],[120.055,0.2862],[120.066,0.2743],[120.0796,0.2732],[120.0958,0.2434],[120.0922,0.2049],[120.0677,0.1918],[120.0658,0.1813],[120.0427,0.1745],[120.0457,0.1482],[120.0367,0.1295],[120.0001,0.1231],[119.9984,0.1099],[119.9612,0.0857],[119.9503,0.0553],[119.9573,0.028],[119.9415,0.0108],[119.9359,-0.0281],[119.9429,-0.0717],[119.9319,-0.1005],[119.8985,-0.1386],[119.9233,-0.1721],[119.9354,-0.21],[119.9124,-0.2379],[119.9218,-0.2586],[119.9055,-0.2694],[119.9094,-0.2843],[119.9244,-0.2874],[119.9173,-0.2975],[119.9275,-0.3037],[119.919,-0.3135],[119.9275,-0.3337],[119.9126,-0.3503],[119.9105,-0.371],[119.923,-0.3933],[119.9162,-0.4098],[119.9224,-0.4429],[119.9377,-0.4484],[119.9412,-0.4599],[119.9384,-0.5122],[119.9769,-0.5693],[120.0004,-0.5855],[120.0083,-0.6147],[120.0022,-0.633],[120.0201,-0.6424],[120.0152,-0.6654],[120.0325,-0.6837],[120.0321,-0.7035],[120.0142,-0.713],[120.027,-0.7497],[120.0177,-0.7499],[120.0253,-0.7764],[120.0186,-0.7816],[120.0324,-0.7936],[120.0421,-0.8341],[120.0337,-0.8567],[120.0488,-0.866],[120.0438,-0.8885],[120.0647,-0.9123],[120.0631,-0.9446],[120.0524,-0.9676],[120.0738,-0.9834],[120.0755,-1.002],[120.0875,-1.0163],[120.1114,-1.0163],[120.1236,-1.0363],[120.1503,-1.04],[120.1783,-1.0629],[120.2163,-1.0676],[120.2271,-1.0857],[120.2342,-1.1306],[120.2503,-1.1326],[120.265,-1.1496],[120.2993,-1.1371],[120.3698,-1.148],[120.3408,-1.1724],[120.3422,-1.178],[120.3543,-1.1739],[120.3542,-1.1852],[120.424,-1.1528],[120.4327,-1.1574],[120.445,-1.1498],[120.4895,-1.1463],[120.5812,-1.108]]],[[[120.0423,-0.3729],[120.0423,-0.3729]]],[[[120.0947,-0.4606],[120.0947,-0.4606]]],[[[120.0863,-0.4588],[120.0863,-0.4588]]],[[[120.0917,-0.4494],[120.0917,-0.4494]]],[[[120.0647,-0.4133],[120.0647,-0.4133]]],[[[120.059,-0.4089],[120.059,-0.4089]]],[[[120.2176,-0.815],[120.2176,-0.815]]],[[[120.4608,-0.9843],[120.4621,-0.9907],[120.4608,-0.9843]]],[[[120.357,-0.9003],[120.3612,-0.9052],[120.357,-0.9003]]],[[[120.4295,-0.8989],[120.4215,-0.8981],[120.4295,-0.8989]]],[[[120.3575,-0.8886],[120.3575,-0.8886]]],[[[120.3938,-0.881],[120.3932,-0.8828],[120.3943,-0.8824],[120.3938,-0.881]]],[[[120.4058,-0.8796],[120.3967,-0.8787],[120.4058,-0.8796]]],[[[120.6321,0.384],[120.6321,0.384]]],[[[120.52,0.3863],[120.52,0.3863]]],[[[120.5276,0.3872],[120.5276,0.3872]]],[[[120.544,0.3906],[120.544,0.3906]]],[[[120.6134,0.3992],[120.6134,0.3992]]],[[[120.5586,0.4098],[120.5586,0.4098]]],[[[120.6308,0.4965],[120.6308,0.4965]]],[[[120.7605,0.3569],[120.7547,0.3575],[120.7605,0.3569]]],[[[120.8138,0.367],[120.8126,0.3605],[120.8138,0.367]]],[[[120.7045,0.3667],[120.7024,0.3667],[120.7045,0.3656],[120.7045,0.3667]]],[[[120.6838,0.3671],[120.6815,0.3717],[120.6838,0.3671]]],[[[120.6551,0.3678],[120.6551,0.3678]]],[[[120.7028,0.3731],[120.7082,0.377],[120.6994,0.3774],[120.7028,0.3731]]],[[[120.7029,0.4665],[120.7029,0.4665]]],[[[120.9576,0.4125],[120.9576,0.4125]]]]},"properties":{"kab":"Kabupaten Parigi Moutong","prov":"Sulawesi Tengah","n":45,"kj":2,"dd":0,"top":[{"loc":"SMP Negeri 2 Taopa","n":27,"d":"2025-09-25"},{"loc":"SDK Toboli Barat","n":18,"d":"2025-09-16"}]}},{"type":"Feature","geometry":{"type":"Polygon","coordinates":[[[107.3196,-7.1065],[107.3371,-7.0958],[107.3547,-7.0982],[107.359,-7.0903],[107.3707,-7.1035],[107.3769,-7.0923],[107.391,-7.0996],[107.3962,-7.0922],[107.4086,-7.0969],[107.4221,-7.0752],[107.4194,-7.0567],[107.4377,-7.046],[107.4773,-7.0563],[107.4815,-7.0223],[107.4694,-6.9985],[107.4865,-7.0],[107.4877,-6.9797],[107.5038,-6.9828],[107.5309,-6.942],[107.5223,-6.9356],[107.5257,-6.9212],[107.5103,-6.8982],[107.5237,-6.8648],[107.5359,-6.8583],[107.5396,-6.832],[107.5518,-6.8294],[107.5514,-6.8469],[107.563,-6.8557],[107.5618,-6.873],[107.5704,-6.8825],[107.5964,-6.8388],[107.604,-6.8422],[107.6044,-6.8585],[107.6153,-6.8484],[107.6229,-6.863],[107.6611,-6.832],[107.6898,-6.8299],[107.7034,-6.8403],[107.725,-6.8335],[107.7462,-6.8137],[107.7262,-6.8109],[107.7076,-6.7929],[107.688,-6.7983],[107.6711,-6.7763],[107.629,-6.7741],[107.6185,-6.7603],[107.6007,-6.7614],[107.6024,-6.7361],[107.5938,-6.7285],[107.571,-6.7361],[107.5614,-6.7732],[107.5548,-6.7746],[107.5126,-6.7544],[107.5016,-6.7366],[107.488,-6.7355],[107.4521,-6.7003],[107.4251,-6.7],[107.4095,-6.6885],[107.396,-6.6957],[107.3719,-6.6896],[107.3705,-6.7011],[107.3421,-6.6951],[107.3237,-6.7226],[107.2917,-6.7345],[107.2841,-6.7707],[107.2912,-6.7884],[107.3142,-6.8007],[107.3252,-6.8528],[107.3495,-6.8535],[107.3411,-6.8855],[107.3232,-6.8879],[107.2833,-6.9233],[107.2281,-6.9403],[107.1902,-6.9681],[107.1849,-6.9827],[107.1954,-7.0203],[107.1822,-7.0586],[107.2235,-7.0583],[107.2244,-7.0491],[107.2523,-7.0483],[107.2856,-7.0852],[107.3044,-7.0856],[107.3196,-7.1065]]]},"properties":{"kab":"Kabupaten Bandung Barat","prov":"Jawa Barat","n":2138,"kj":5,"dd":0,"top":[{"loc":"SD Negeri Cipari","n":1333,"d":"2025-09-22"},{"loc":"SMPN 1 Cisarua","n":518,"d":"2025-10-14"},{"loc":"SDN 1 Cibodas","n":236,"d":"2025-10-28"}]}},{"type":"Feature","geometry":{"type":"Polygon","coordinates":[[[139.9302,-3.6239],[139.9454,-3.6138],[139.9675,-3.6127],[139.9575,-3.6394],[139.9894,-3.6575],[140.0046,-3.7024],[140.0197,-3.7015],[140.0257,-3.6873],[140.0212,-3.68],[140.0389,-3.6704],[140.0502,-3.6734],[140.0647,-3.6491],[140.0882,-3.6831],[140.0979,-3.6782],[140.1091,-3.6914],[140.1543,-3.6972],[140.1652,-3.7078],[140.1981,-3.6972],[140.2055,-3.6777],[140.273,-3.6702],[140.2843,-3.6926],[140.2853,-3.7179],[140.3212,-3.7436],[140.3196,-3.7538],[140.3506,-3.7392],[140.3724,-3.7448],[140.3842,-3.7365],[140.3846,-3.7191],[140.3716,-3.7086],[140.358,-3.7107],[140.3652,-3.6831],[140.3494,-3.6933],[140.3419,-3.688],[140.3518,-3.6841],[140.3461,-3.6702],[140.3654,-3.6677],[140.366,-3.6591],[140.3736,-3.6624],[140.3751,-3.6497],[140.3968,-3.6304],[140.3807,-3.6055],[140.3892,-3.5974],[140.3759,-3.5824],[140.382,-3.571],[140.374,-3.5695],[140.3859,-3.5542],[140.3788,-3.5442],[140.3714,-3.5463],[140.3618,-3.5285],[140.3729,-3.5334],[140.3686,-3.523],[140.3786,-3.5134],[140.3742,-3.5208],[140.3643,-3.5154],[140.3635,-3.507],[140.3712,-3.5096],[140.3662,-3.4937],[140.3512,-3.5011],[140.3519,-3.4897],[140.3438,-3.4941],[140.3371,-3.4859],[140.3689,-3.4691],[140.3617,-3.4645],[140.3676,-3.4444],[140.3608,-3.4164],[140.3494,-3.4188],[140.3565,-3.4091],[140.3483,-3.4026],[140.3596,-3.3907],[140.3499,-3.3811],[140.3624,-3.3845],[140.3703,-3.3672],[140.3624,-3.3694],[140.3622,-3.3519],[140.3577,-3.3601],[140.3435,-3.359],[140.3509,-3.3379],[140.3418,-3.3424],[140.3443,-3.331],[140.3332,-3.337],[140.3235,-3.3286],[140.3137,-3.2926],[140.3371,-3.2089],[140.3178,-3.1937],[140.3242,-3.1796],[140.3613,-3.1665],[140.3701,-3.1462],[140.4073,-3.1336],[140.3926,-3.1018],[140.4083,-3.0826],[140.391,-3.0568],[140.3662,-3.047],[140.3591,-3.0308],[140.3723,-3.0127],[140.3969,-3.0237],[140.4122,-3.0141],[140.4051,-2.9907],[140.3867,-2.9761],[140.3824,-2.9421],[140.4042,-2.9234],[140.4038,-2.8976],[140.3894,-2.8636],[140.4141,-2.846],[140.4003,-2.8294],[140.3749,-2.8172],[140.4059,-2.7836],[140.4279,-2.7732],[140.4481,-2.7776],[140.4459,-2.7706],[140.4589,-2.7678],[140.4691,-2.7527],[140.4914,-2.7547],[140.5067,-2.7764],[140.5201,-2.7716],[140.5316,-2.7793],[140.5569,-2.7658],[140.5618,-2.7715],[140.5629,-2.7628],[140.5807,-2.7617],[140.5903,-2.7481],[140.5882,-2.7192],[140.619,-2.7189],[140.6217,-2.7495],[140.6277,-2.7519],[140.6334,-2.7225],[140.6211,-2.6149],[140.6148,-2.6128],[140.6255,-2.5668],[140.6033,-2.5158],[140.6388,-2.5051],[140.6527,-2.4763],[140.6446,-2.4633],[140.6339,-2.468],[140.6331,-2.4546],[140.6175,-2.4496],[140.6133,-2.44],[140.5973,-2.4553],[140.5788,-2.4462],[140.5608,-2.4503],[140.5588,-2.4391],[140.5437,-2.4482],[140.5253,-2.4278],[140.4976,-2.4442],[140.4863,-2.4386],[140.4877,-2.4288],[140.4605,-2.4319],[140.4339,-2.4123],[140.4134,-2.4145],[140.3849,-2.3995],[140.3684,-2.4042],[140.3486,-2.3961],[140.3472,-2.4083],[140.3559,-2.4031],[140.3728,-2.4249],[140.3716,-2.4569],[140.3666,-2.4619],[140.3548,-2.4461],[140.348,-2.4624],[140.3369,-2.4652],[140.3368,-2.4488],[140.328,-2.451],[140.3271,-2.4438],[140.3182,-2.4488],[140.3155,-2.4408],[140.3004,-2.444],[140.2952,-2.4263],[140.281,-2.4271],[140.2694,-2.4168],[140.264,-2.4221],[140.2493,-2.3993],[140.2291,-2.4056],[140.2321,-2.4184],[140.2082,-2.4075],[140.1902,-2.3814],[140.1521,-2.3695],[140.1563,-2.3539],[140.1461,-2.3551],[140.1548,-2.3266],[140.1399,-2.3245],[140.1484,-2.3376],[140.144,-2.349],[140.1364,-2.3481],[140.1155,-2.3363],[140.1111,-2.3194],[140.0828,-2.3304],[140.0799,-2.3491],[140.068,-2.3571],[139.9994,-2.36],[140.0014,-2.3759],[139.9931,-2.3722],[139.9954,-2.3802],[139.9843,-2.3917],[139.9865,-2.4386],[139.9761,-2.4428],[139.7831,-2.4029],[139.7521,-2.4076],[139.7462,-2.4171],[139.7567,-2.466],[139.7648,-2.4623],[139.7827,-2.479],[139.7794,-2.4895],[139.7693,-2.4868],[139.7761,-2.5023],[139.7592,-2.5292],[139.7382,-2.5404],[139.7156,-2.5346],[139.7048,-2.545],[139.6808,-2.5442],[139.661,-2.5553],[139.6426,-2.5412],[139.5828,-2.54],[139.5753,-2.5453],[139.5836,-2.5563],[139.5768,-2.5682],[139.5515,-2.5874],[139.5497,-2.5993],[139.5588,-2.6072],[139.5268,-2.6081],[139.511,-2.6163],[139.5103,-2.6051],[139.496,-2.6017],[139.4863,-2.623],[139.446,-2.6068],[139.4467,-2.5991],[139.4329,-2.5897],[139.4174,-2.59],[139.3894,-2.6517],[139.3665,-2.6581],[139.3606,-2.6725],[139.382,-2.6995],[139.423,-2.7133],[139.4312,-2.7416],[139.4219,-2.7683],[139.4328,-2.7837],[139.4259,-2.8005],[139.4456,-2.8072],[139.4694,-2.7942],[139.5193,-2.8187],[139.5371,-2.8182],[139.5486,-2.8241],[139.5502,-2.8429],[139.5693,-2.8633],[139.5821,-2.8652],[139.5896,-2.8799],[139.5503,-2.9224],[139.5351,-2.9249],[139.5207,-2.9422],[139.5227,-2.9813],[139.5333,-3.0095],[139.5289,-3.0287],[139.5358,-3.0616],[139.5279,-3.0639],[139.5357,-3.0721],[139.5267,-3.0711],[139.5284,-3.0824],[139.5009,-3.0973],[139.5182,-3.1324],[139.5035,-3.1412],[139.5006,-3.1587],[139.4929,-3.1587],[139.4968,-3.1633],[139.4789,-3.1667],[139.4848,-3.1864],[139.4764,-3.187],[139.4854,-3.2041],[139.4944,-3.2042],[139.4863,-3.2343],[139.4933,-3.2364],[139.4885,-3.2444],[139.5009,-3.2684],[139.4993,-3.2898],[139.5068,-3.2963],[139.5089,-3.2913],[139.5043,-3.3016],[139.5133,-3.3078],[139.4969,-3.3311],[139.4959,-3.3689],[139.4866,-3.3705],[139.4905,-3.378],[139.4833,-3.3791],[139.4777,-3.3994],[139.4701,-3.3988],[139.4772,-3.4108],[139.4626,-3.417],[139.4685,-3.421],[139.4496,-3.4215],[139.441,-3.4376],[139.4531,-3.4431],[139.4553,-3.4555],[139.46,-3.4489],[139.4636,-3.4602],[139.4857,-3.4708],[139.4844,-3.4805],[139.4664,-3.4933],[139.4724,-3.5221],[139.4848,-3.5185],[139.4863,-3.4928],[139.496,-3.4869],[139.5051,-3.4977],[139.4987,-3.5163],[139.5198,-3.525],[139.5063,-3.5419],[139.5175,-3.5557],[139.5049,-3.5627],[139.5207,-3.5887],[139.5189,-3.6119],[139.5278,-3.6333],[139.515,-3.6494],[139.5179,-3.6573],[139.5905,-3.7033],[139.5951,-3.7272],[139.6019,-3.7265],[139.6086,-3.7115],[139.6219,-3.7097],[139.626,-3.6642],[139.6628,-3.6643],[139.7036,-3.6373],[139.6895,-3.5995],[139.7025,-3.5802],[139.6961,-3.5749],[139.7029,-3.5593],[139.6933,-3.5567],[139.6927,-3.5485],[139.6841,-3.5504],[139.6752,-3.5318],[139.6869,-3.5295],[139.7025,-3.5428],[139.7187,-3.5216],[139.7257,-3.5441],[139.7371,-3.5484],[139.745,-3.5443],[139.7445,-3.5293],[139.7578,-3.5101],[139.7827,-3.5216],[139.7731,-3.5312],[139.7802,-3.5441],[139.7702,-3.5618],[139.7809,-3.5701],[139.8065,-3.567],[139.7995,-3.5919],[139.8212,-3.5774],[139.8388,-3.5881],[139.8618,-3.5849],[139.8758,-3.6012],[139.8565,-3.608],[139.8591,-3.6135],[139.8817,-3.6082],[139.8896,-3.622],[139.904,-3.6167],[139.9302,-3.6239]]]},"properties":{"kab":"Kabupaten Jayapura","prov":"Papua","n":543,"kj":1,"dd":0,"top":[{"loc":"Paud Panumba","n":543,"d":"2026-08-04"}]}},{"type":"Feature","geometry":{"type":"Polygon","coordinates":[[[105.2868,-5.1708],[105.2993,-5.1722],[105.3003,-5.1787],[105.3054,-5.1708],[105.3274,-5.168],[105.3347,-5.1484],[105.3225,-5.1317],[105.3364,-5.1122],[105.3491,-5.1085],[105.3349,-5.091],[105.3579,-5.0716],[105.3549,-5.0637],[105.3131,-5.0754],[105.3089,-5.0693],[105.3166,-5.0545],[105.2688,-5.0957],[105.2717,-5.1053],[105.2912,-5.1098],[105.263,-5.1621],[105.2748,-5.1588],[105.2868,-5.1708]]]},"properties":{"kab":"Kota Metro","prov":"Lampung","n":12,"kj":1,"dd":0,"top":[{"loc":"TBA( Tidak Disebutkan)","n":12,"d":"2025-09-04"}]}},{"type":"Feature","geometry":{"type":"Polygon","coordinates":[[[109.2237,-7.2463],[109.2475,-7.2269],[109.3257,-7.2095],[109.3462,-7.2116],[109.3825,-7.1902],[109.4101,-7.2016],[109.4439,-7.1633],[109.4533,-7.1664],[109.4572,-7.1963],[109.478,-7.2237],[109.5069,-7.2392],[109.5324,-7.2314],[109.5199,-7.2099],[109.5263,-7.199],[109.4909,-7.1293],[109.4941,-7.1098],[109.5046,-7.1],[109.4834,-7.0296],[109.4974,-7.0101],[109.4978,-6.9657],[109.5126,-6.9473],[109.5615,-6.9241],[109.5658,-6.8852],[109.5816,-6.877],[109.5885,-6.863],[109.5839,-6.8503],[109.5959,-6.8418],[109.5589,-6.8261],[109.5227,-6.772],[109.5175,-6.7902],[109.5119,-6.7935],[109.5085,-6.7863],[109.483,-6.8131],[109.4397,-6.8407],[109.3798,-6.8614],[109.351,-6.8617],[109.3599,-6.8741],[109.356,-6.8919],[109.3476,-6.8914],[109.3253,-6.9254],[109.3333,-6.9362],[109.3291,-6.954],[109.336,-6.9564],[109.3226,-6.9631],[109.3212,-6.9729],[109.3171,-6.9675],[109.3117,-6.9886],[109.2904,-6.9971],[109.2756,-7.0528],[109.2373,-7.0747],[109.2153,-7.1296],[109.1872,-7.1366],[109.1946,-7.1446],[109.1875,-7.1562],[109.1979,-7.1701],[109.1999,-7.2244],[109.2139,-7.235],[109.2027,-7.2469],[109.2237,-7.2463]]]},"properties":{"kab":"Kabupaten Pemalang","prov":"Jawa Tengah","n":1,"kj":1,"dd":0,"top":[{"loc":"TK (Spesifik tidak disebutkan)","n":1,"d":"2026-03-12"}]}},{"type":"Feature","geometry":{"type":"Polygon","coordinates":[[[110.3511,-7.7682],[110.3448,-7.807],[110.3518,-7.8257],[110.3751,-7.8244],[110.3877,-7.8399],[110.3937,-7.8274],[110.4032,-7.8327],[110.4023,-7.8024],[110.3908,-7.7804],[110.3511,-7.7682]]]},"properties":{"kab":"Kota Yogyakarta","prov":"Daerah Istimewa Yogyakarta","n":491,"kj":2,"dd":0,"top":[{"loc":"SMAN 1 Yogyakarta","n":426,"d":"2025-10-15"},{"loc":"SMA Muhammadiyah 7 Yogyakarta","n":65,"d":"2025-10-15"}]}},{"type":"Feature","geometry":{"type":"Polygon","coordinates":[[[109.6631,-6.8506],[109.6632,-6.8779],[109.6539,-6.8724],[109.6453,-6.8808],[109.6511,-6.8879],[109.6435,-6.8922],[109.6422,-6.9179],[109.6522,-6.9246],[109.6577,-6.9188],[109.6695,-6.9222],[109.6716,-6.9368],[109.6691,-6.9266],[109.6893,-6.9341],[109.7114,-6.8835],[109.7033,-6.8687],[109.7109,-6.867],[109.6631,-6.8506]]]},"properties":{"kab":"Kabupaten Pekalongan","prov":"Jawa Tengah","n":15,"kj":1,"dd":0,"top":[{"loc":"SDN 01 Kedungwuni","n":15,"d":"2026-01-13"}]}},{"type":"Feature","geometry":{"type":"Polygon","coordinates":[[[108.167,-7.0635],[108.2096,-7.0534],[108.2278,-7.0546],[108.245,-7.0666],[108.3146,-7.0566],[108.3423,-7.0698],[108.3552,-7.0516],[108.3857,-7.0735],[108.3931,-7.0576],[108.39,-7.0421],[108.3832,-7.0414],[108.394,-7.0319],[108.3831,-7.0057],[108.3857,-6.9527],[108.4013,-6.9353],[108.4077,-6.8925],[108.3923,-6.7893],[108.4007,-6.7792],[108.3588,-6.7507],[108.3702,-6.7332],[108.3583,-6.714],[108.3689,-6.7022],[108.3523,-6.679],[108.3367,-6.6717],[108.3472,-6.6387],[108.3445,-6.6232],[108.3222,-6.6203],[108.3154,-6.6078],[108.3093,-6.6236],[108.2938,-6.6085],[108.2855,-6.6117],[108.2925,-6.6209],[108.2808,-6.6206],[108.2732,-6.6104],[108.2763,-6.5918],[108.2237,-6.5733],[108.2074,-6.5734],[108.1877,-6.6098],[108.1726,-6.6032],[108.1622,-6.6144],[108.1485,-6.6063],[108.1477,-6.578],[108.1421,-6.5653],[108.1279,-6.5658],[108.1322,-6.555],[108.1224,-6.5408],[108.1055,-6.5615],[108.0739,-6.5748],[108.0706,-6.6143],[108.0496,-6.6232],[108.0422,-6.6371],[108.0687,-6.6573],[108.0682,-6.6653],[108.0919,-6.6726],[108.1178,-6.7054],[108.1376,-6.7072],[108.1623,-6.7242],[108.1487,-6.7551],[108.1645,-6.7617],[108.1696,-6.784],[108.1657,-6.7964],[108.1544,-6.7956],[108.1597,-6.8265],[108.1648,-6.8352],[108.1786,-6.8329],[108.1794,-6.852],[108.1885,-6.8531],[108.189,-6.8653],[108.1986,-6.8715],[108.1934,-6.8854],[108.2141,-6.8897],[108.2095,-6.906],[108.2156,-6.9032],[108.2112,-6.9153],[108.2199,-6.9282],[108.1708,-6.9684],[108.165,-6.9985],[108.1363,-7.0386],[108.1557,-7.0666],[108.167,-7.0635]]]},"properties":{"kab":"Kabupaten Majalengka","prov":"Jawa Barat","n":64,"kj":2,"dd":0,"top":[{"loc":"TBA (Tidak disebutkan)","n":42,"d":"2025-12-04"},{"loc":"SMP ( Spesifik tidak disebutkan)","n":22,"d":"2026-05-29"}]}},{"type":"Feature","geometry":{"type":"MultiPolygon","coordinates":[[[[128.7529,-2.8504],[128.7043,-2.8612],[128.6645,-2.8395],[128.6284,-2.8533],[128.5659,-2.854],[128.5091,-2.8338],[128.4735,-2.8516],[128.434,-2.8476],[128.3978,-2.8707],[128.3743,-2.8707],[128.3505,-2.8601],[128.2657,-2.8687],[128.2383,-2.8539],[128.1929,-2.8664],[128.1625,-2.8638],[128.1653,-2.8822],[128.1291,-2.9049],[128.1304,-2.9156],[128.1419,-2.923],[128.1336,-2.9369],[128.1112,-2.9592],[128.0808,-2.961],[128.0708,-2.9736],[128.0789,-2.9872],[128.1192,-2.9741],[128.1209,-3.0024],[128.0871,-3.0207],[128.0942,-3.0255],[128.0908,-3.0419],[128.1019,-3.0532],[128.1084,-3.0492],[128.1145,-3.0651],[128.0328,-3.0779],[128.0039,-3.073],[128.002,-3.0842],[127.9984,-3.0711],[127.9774,-3.0958],[127.9768,-3.1052],[127.9853,-3.1076],[127.9512,-3.1067],[127.9432,-3.1129],[127.945,-3.1284],[127.9127,-3.1507],[127.8934,-3.1586],[127.8797,-3.1502],[127.8722,-3.1574],[127.8375,-3.1576],[127.8721,-3.1894],[127.8734,-3.2325],[127.8881,-3.2715],[127.9235,-3.3027],[127.9432,-3.3528],[127.9418,-3.3828],[127.9193,-3.4147],[127.9154,-3.4445],[127.8954,-3.4897],[127.9079,-3.5302],[127.9201,-3.5443],[127.9214,-3.5683],[127.9367,-3.563],[127.9368,-3.5434],[127.9601,-3.5281],[127.9476,-3.5093],[127.9453,-3.4678],[127.9694,-3.4357],[127.9833,-3.3849],[127.992,-3.3751],[128.0167,-3.3811],[128.0551,-3.3401],[128.0603,-3.2551],[128.0832,-3.1454],[128.091,-3.1304],[128.1612,-3.0671],[128.1955,-3.0693],[128.2005,-3.1027],[128.1934,-3.1124],[128.2018,-3.1264],[128.1885,-3.1491],[128.1711,-3.14],[128.1724,-3.1644],[128.1586,-3.1599],[128.1649,-3.1748],[128.1575,-3.1876],[128.1703,-3.186],[128.1604,-3.2009],[128.1849,-3.2325],[128.1943,-3.2178],[128.2019,-3.2184],[128.192,-3.199],[128.2208,-3.2172],[128.224,-3.2096],[128.236,-3.215],[128.2527,-3.1975],[128.2499,-3.2076],[128.2693,-3.2037],[128.2714,-3.2166],[128.2947,-3.2316],[128.3004,-3.2653],[128.3123,-3.2738],[128.3325,-3.3287],[128.3948,-3.3944],[128.4095,-3.433],[128.4596,-3.458],[128.491,-3.4538],[128.5072,-3.4597],[128.5949,-3.4261],[128.6221,-3.4338],[128.6732,-3.4332],[128.6964,-3.4155],[128.6978,-3.4097],[128.6712,-3.3914],[128.6749,-3.3655],[128.7795,-3.2649],[128.8429,-3.2404],[128.8348,-3.2404],[128.8118,-3.1856],[128.7938,-3.1709],[128.7986,-3.1242],[128.807,-3.119],[128.8048,-3.099],[128.8109,-3.0961],[128.8027,-3.0877],[128.818,-3.0717],[128.8107,-3.0641],[128.776,-3.0672],[128.7712,-3.0527],[128.7861,-3.0063],[128.8116,-2.9985],[128.7817,-2.9852],[128.7539,-2.9583],[128.7635,-2.9384],[128.7504,-2.9066],[128.7529,-2.8504]]],[[[127.5896,-3.3549],[127.5863,-3.3608],[127.5896,-3.3549]]],[[[127.6232,-3.3059],[127.6141,-3.3074],[127.5887,-3.2759],[127.5709,-3.2679],[127.5725,-3.2564],[127.5635,-3.2654],[127.5517,-3.2596],[127.5296,-3.266],[127.5249,-3.26],[127.5261,-3.2811],[127.487,-3.2999],[127.5078,-3.3317],[127.6001,-3.348],[127.6149,-3.3684],[127.6398,-3.3708],[127.6596,-3.3596],[127.6363,-3.3396],[127.6232,-3.3059]]],[[[127.4746,-3.3009],[127.4704,-3.304],[127.4746,-3.3009]]],[[[127.6167,-3.3008],[127.6167,-3.3008]]],[[[127.5349,-3.2565],[127.5317,-3.2619],[127.5349,-3.2565]]],[[[127.5617,-3.2573],[127.555,-3.2484],[127.5424,-3.2508],[127.5586,-3.2616],[127.5617,-3.2573]]],[[[127.7991,-3.1997],[127.7898,-3.1835],[127.7992,-3.1811],[127.7723,-3.1573],[127.7543,-3.152],[127.7209,-3.1599],[127.6381,-3.2259],[127.6769,-3.2519],[127.7081,-3.2603],[127.751,-3.248],[127.7887,-3.2567],[127.8006,-3.2211],[127.7991,-3.1997]]],[[[127.818,-3.1516],[127.7759,-3.1564],[127.7808,-3.1657],[127.7976,-3.1641],[127.8056,-3.1722],[127.8126,-3.1682],[127.8039,-3.1567],[127.8178,-3.1638],[127.835,-3.1559],[127.818,-3.1516]]],[[[127.9365,-3.1191],[127.9365,-3.1191]]],[[[127.9342,-3.1076],[127.9342,-3.1076]]],[[[127.9279,-3.1021],[127.9279,-3.1021]]],[[[127.9466,-3.0151],[127.9637,-2.998],[127.9718,-2.9725],[128.004,-2.94],[127.9901,-2.9238],[127.9533,-2.9259],[127.92,-2.9123],[127.9132,-2.9199],[127.9379,-2.9288],[127.9412,-2.9407],[127.9242,-2.9352],[127.9044,-2.9567],[127.8789,-2.96],[127.8659,-3.0081],[127.8288,-3.0344],[127.9137,-3.0387],[127.9466,-3.0151]]],[[[127.8669,-2.9649],[127.8669,-2.9649]]],[[[127.9227,-2.9247],[127.8982,-2.9326],[127.8745,-2.9583],[127.9094,-2.9488],[127.9211,-2.9387],[127.9227,-2.9247]]],[[[127.9005,-2.9244],[127.9005,-2.9244]]],[[[127.9093,-2.9177],[127.9051,-2.9228],[127.9093,-2.9177]]],[[[128.1386,-3.313],[128.1476,-3.3008],[128.1386,-3.313]]],[[[128.1712,-3.2187],[128.1554,-3.2318],[128.172,-3.2298],[128.1712,-3.2187]]],[[[127.9465,-3.0972],[127.9465,-3.0972]]],[[[128.0819,-3.0526],[128.0798,-3.0575],[128.0819,-3.0526]]],[[[128.0917,-3.0484],[128.0887,-3.0539],[128.0917,-3.0484]]],[[[128.0902,-3.0378],[128.0902,-3.0378]]],[[[128.0752,-3.0342],[128.0752,-3.0342]]],[[[128.0754,-3.0222],[128.0754,-3.0222]]],[[[128.0854,-3.0215],[128.0854,-3.0215]]],[[[128.0511,-3.0187],[128.058,-2.9949],[128.05,-3.0009],[128.0511,-3.0187]]]]},"properties":{"kab":"Kabupaten Seram Bagian Barat","prov":"Maluku","n":236,"kj":1,"dd":0,"top":[{"loc":"TK Cemara","n":236,"d":"2025-10-20"}]}},{"type":"Feature","geometry":{"type":"Polygon","coordinates":[[[109.3678,0.1967],[109.3793,0.2116],[109.4262,0.2166],[109.4362,0.2298],[109.459,0.2289],[109.4599,0.22],[109.4885,0.2149],[109.4879,0.1664],[109.5072,0.1445],[109.5014,0.138],[109.5114,0.1165],[109.5031,0.092],[109.4954,0.0902],[109.5216,0.0376],[109.5085,0.0103],[109.5128,-0.0095],[109.5049,-0.0324],[109.5503,-0.0113],[109.5459,-0.0002],[109.5643,0.0011],[109.564,-0.0143],[109.5685,-0.0038],[109.5811,-0.005],[109.5712,0.0077],[109.5811,0.0138],[109.5873,0.0084],[109.5894,0.0193],[109.5681,0.0314],[109.5729,0.0376],[109.5913,0.0393],[109.5941,0.0236],[109.6044,0.0351],[109.6127,0.0188],[109.6135,0.0343],[109.6203,0.0231],[109.6287,0.0366],[109.6348,0.0321],[109.6287,0.0454],[109.6336,0.0494],[109.6444,0.0512],[109.6422,0.0397],[109.6561,0.0354],[109.6493,0.0504],[109.6619,0.0401],[109.6558,0.0563],[109.6673,0.055],[109.6588,0.0646],[109.6665,0.0604],[109.6713,0.0714],[109.6735,0.0563],[109.6768,0.0667],[109.6957,0.0633],[109.6898,0.0822],[109.702,0.0888],[109.6998,0.0984],[109.7312,0.0763],[109.7502,0.0927],[109.7726,0.0769],[109.7858,0.0875],[109.7981,0.0788],[109.8016,0.0876],[109.8159,0.0894],[109.8255,0.081],[109.8488,0.0859],[109.8764,0.077],[109.8904,0.0873],[109.9086,0.0844],[109.9197,0.106],[109.9365,0.1142],[109.958,0.1078],[109.9981,0.1446],[110.0238,0.1411],[110.0286,0.1737],[110.0493,0.2111],[110.0712,0.2223],[110.0865,0.2099],[110.0977,0.2189],[110.1171,0.2072],[110.1193,0.2499],[110.1258,0.2465],[110.15,0.2732],[110.1402,0.2778],[110.1333,0.3025],[110.1358,0.3223],[110.1489,0.3235],[110.1617,0.3501],[110.1593,0.3786],[110.1887,0.3802],[110.1945,0.4145],[110.2103,0.4105],[110.2062,0.4246],[110.1826,0.4277],[110.1805,0.4428],[110.1652,0.4461],[110.1639,0.4576],[110.1807,0.4711],[110.1755,0.4801],[110.1834,0.4875],[110.2002,0.4879],[110.205,0.5036],[110.1993,0.5258],[110.2152,0.537],[110.2312,0.5327],[110.2546,0.5508],[110.2438,0.5646],[110.2492,0.5754],[110.2304,0.5762],[110.2201,0.6016],[110.2182,0.6244],[110.2361,0.65],[110.2282,0.6609],[110.245,0.6739],[110.2393,0.7276],[110.202,0.7512],[110.1787,0.8069],[110.1843,0.8361],[110.205,0.8479],[110.2153,0.8424],[110.2424,0.8487],[110.2591,0.8595],[110.259,0.8717],[110.2171,0.9182],[110.2168,0.9555],[110.2248,0.9638],[110.2165,0.9727],[110.2242,0.9808],[110.1845,1.0025],[110.1353,1.0054],[110.1354,1.0203],[110.1124,1.0077],[110.1072,1.0159],[110.0885,1.0187],[110.0825,1.0342],[110.0707,1.0398],[109.9957,1.0255],[109.9422,1.0314],[109.9245,0.9896],[109.9344,0.9737],[109.9317,0.949],[109.9028,0.9261],[109.9001,0.9061],[109.8711,0.8942],[109.8672,0.867],[109.8551,0.8574],[109.8211,0.8607],[109.7803,0.8458],[109.7725,0.8503],[109.7692,0.832],[109.744,0.843],[109.7071,0.8384],[109.6926,0.8476],[109.6841,0.841],[109.6841,0.8154],[109.6719,0.806],[109.6646,0.7775],[109.6704,0.7722],[109.6616,0.7684],[109.6615,0.7542],[109.6264,0.7443],[109.622,0.7345],[109.5987,0.735],[109.5654,0.7117],[109.5485,0.7155],[109.547,0.7075],[109.5247,0.7029],[109.5233,0.7164],[109.4889,0.7334],[109.4772,0.7706],[109.4592,0.7565],[109.4276,0.7615],[109.4213,0.7415],[109.412,0.7359],[109.3772,0.7612],[109.3686,0.7569],[109.3633,0.7734],[109.349,0.7762],[109.3244,0.7575],[109.3274,0.7441],[109.3154,0.7266],[109.2879,0.7303],[109.2737,0.7203],[109.2709,0.7371],[109.278,0.7413],[109.2629,0.7531],[109.2544,0.7282],[109.2252,0.7195],[109.2167,0.7123],[109.2199,0.7026],[109.181,0.7051],[109.1516,0.6818],[109.174,0.6641],[109.1956,0.6709],[109.2505,0.6677],[109.2572,0.6503],[109.2758,0.6437],[109.2844,0.6274],[109.2599,0.6105],[109.2528,0.5767],[109.2349,0.5557],[109.2349,0.525],[109.2052,0.4987],[109.2083,0.4654],[109.2202,0.4616],[109.2235,0.4701],[109.2382,0.4738],[109.2475,0.4534],[109.2711,0.4556],[109.2729,0.4403],[109.3011,0.4156],[109.303,0.3873],[109.3222,0.3762],[109.271,0.3332],[109.2071,0.3227],[109.2041,0.3069],[109.1719,0.2731],[109.1794,0.2464],[109.2437,0.2459],[109.2462,0.2298],[109.2528,0.2284],[109.2623,0.2392],[109.2828,0.2366],[109.2921,0.2496],[109.2952,0.239],[109.3203,0.2464],[109.3678,0.1967]]]},"properties":{"kab":"Kabupaten Landak","prov":"Kalimantan Barat","n":53,"kj":1,"dd":0,"top":[{"loc":"SMA Maniamas Ngabang","n":53,"d":"2025-11-19"}]}},{"type":"Feature","geometry":{"type":"MultiPolygon","coordinates":[[[[132.1974,-5.7226],[132.1948,-5.7165],[132.1821,-5.7203],[132.1718,-5.7312],[132.173,-5.7539],[132.1832,-5.7674],[132.1967,-5.7578],[132.1974,-5.7226]]],[[[131.9399,-5.6648],[131.9338,-5.662],[131.9356,-5.6745],[131.9399,-5.6648]]],[[[132.005,-5.576],[131.9946,-5.5897],[132.0044,-5.5977],[132.005,-5.576]]],[[[131.927,-5.5803],[131.9294,-5.5733],[131.927,-5.5803]]],[[[131.9882,-5.3742],[132.0103,-5.3661],[132.0208,-5.3432],[132.0242,-5.3257],[132.0128,-5.3047],[131.9889,-5.3113],[131.9694,-5.3381],[131.9637,-5.374],[131.975,-5.3865],[131.9882,-5.3742]]],[[[132.0212,-5.1541],[132.011,-5.174],[132.0222,-5.1854],[132.0212,-5.1541]]],[[[132.0193,-5.139],[132.0179,-5.1466],[132.0193,-5.139]]],[[[132.0042,-5.1148],[132.0148,-5.1207],[132.0042,-5.1148]]],[[[132.2742,-5.6934],[132.2657,-5.7022],[132.2683,-5.713],[132.2742,-5.6934]]],[[[132.2415,-5.7032],[132.235,-5.7052],[132.2415,-5.7032]]],[[[132.2611,-5.6348],[132.2623,-5.64],[132.2611,-5.6348]]],[[[132.2481,-5.6179],[132.2421,-5.6192],[132.2465,-5.6291],[132.2481,-5.6179]]],[[[132.2611,-5.5816],[132.256,-5.5845],[132.261,-5.5996],[132.2837,-5.6002],[132.286,-5.636],[132.2966,-5.6543],[132.3192,-5.6302],[132.3103,-5.6111],[132.2998,-5.6158],[132.3068,-5.5908],[132.2843,-5.5965],[132.2776,-5.5842],[132.2611,-5.5816]]],[[[132.2493,-5.5887],[132.2493,-5.5887]]],[[[132.7193,-5.6134],[132.7193,-5.6134]]],[[[132.3251,-5.602],[132.3135,-5.6068],[132.3309,-5.6194],[132.3357,-5.6099],[132.3251,-5.602]]],[[[132.7306,-5.5832],[132.7279,-5.5734],[132.7135,-5.5861],[132.7332,-5.5958],[132.7306,-5.5832]]],[[[132.6751,-5.5769],[132.6784,-5.5888],[132.6728,-5.5924],[132.6808,-5.5825],[132.6751,-5.5769]]],[[[132.6694,-5.5783],[132.6694,-5.5783]]],[[[132.3449,-5.5494],[132.3437,-5.5292],[132.3296,-5.5323],[132.3187,-5.5209],[132.303,-5.5287],[132.3257,-5.5633],[132.3164,-5.5699],[132.3249,-5.5807],[132.3557,-5.5767],[132.3783,-5.5532],[132.3758,-5.5351],[132.3614,-5.552],[132.3449,-5.5494]]],[[[132.7225,-5.5527],[132.7225,-5.5527]]],[[[132.7424,-5.5311],[132.7075,-5.5303],[132.6865,-5.539],[132.6989,-5.5522],[132.733,-5.5532],[132.7485,-5.5451],[132.7424,-5.5311]]],[[[132.7036,-5.4414],[132.7001,-5.4556],[132.7127,-5.4478],[132.7036,-5.4414]]],[[[132.7212,-5.4339],[132.7144,-5.4401],[132.7227,-5.4506],[132.7212,-5.4339]]],[[[132.706,-5.4408],[132.706,-5.4408]]],[[[132.7555,-5.6646],[132.7495,-5.6676],[132.7584,-5.6798],[132.7621,-5.6704],[132.7555,-5.6646]]],[[[132.7963,-5.6519],[132.8025,-5.6782],[132.7935,-5.6951],[132.8102,-5.6908],[132.816,-5.6756],[132.7993,-5.6085],[132.8166,-5.5501],[132.8115,-5.543],[132.7933,-5.5683],[132.8003,-5.5227],[132.7516,-5.5737],[132.741,-5.6371],[132.7493,-5.6647],[132.7486,-5.6545],[132.7609,-5.6573],[132.759,-5.6399],[132.7665,-5.6428],[132.7681,-5.6552],[132.7571,-5.6628],[132.7737,-5.6913],[132.7906,-5.6777],[132.7963,-5.6519]]],[[[132.7253,-5.6232],[132.7146,-5.6233],[132.716,-5.6298],[132.7367,-5.6462],[132.7253,-5.6232]]],[[[132.7247,-5.6002],[132.7247,-5.6002]]],[[[132.7374,-5.4911],[132.7308,-5.4965],[132.7331,-5.5081],[132.7438,-5.4966],[132.7374,-5.4911]]],[[[132.7647,-5.4758],[132.7479,-5.4928],[132.749,-5.504],[132.7603,-5.4956],[132.7647,-5.4758]]],[[[132.7366,-5.4674],[132.7366,-5.4674]]]]},"properties":{"kab":"Kota Tual","prov":"Maluku","n":17,"kj":1,"dd":0,"top":[{"loc":"SDN 19 Kota Tual","n":17,"d":"2025-09-18"}]}},{"type":"Feature","geometry":{"type":"MultiPolygon","coordinates":[[[[105.3804,2.7426],[105.3804,2.7426]]],[[[105.7871,2.9022],[105.8002,2.8876],[105.8214,2.8861],[105.8179,2.8964],[105.7925,2.9087],[105.8274,2.9104],[105.8105,2.9437],[105.8236,2.9562],[105.8197,2.9705],[105.8291,2.9696],[105.8349,2.9587],[105.8519,2.9572],[105.8445,2.959],[105.847,2.9763],[105.8404,2.9787],[105.8505,2.9871],[105.8073,2.99],[105.8007,2.9997],[105.799,2.9893],[105.7874,2.9865],[105.7855,2.9719],[105.7623,2.9808],[105.7567,2.9689],[105.7488,2.969],[105.7241,2.994],[105.7375,3.0134],[105.7333,3.0386],[105.7388,3.0491],[105.7269,3.0457],[105.7197,3.0289],[105.7054,3.0598],[105.695,3.0628],[105.6938,3.0431],[105.7055,3.0317],[105.695,3.0277],[105.6924,3.0058],[105.6753,3.0085],[105.7146,2.9844],[105.7132,2.9751],[105.7065,2.9767],[105.7153,2.9584],[105.7068,2.9521],[105.7053,2.9325],[105.6942,2.9325],[105.7071,2.9252],[105.6942,2.8927],[105.7028,2.8812],[105.6913,2.8783],[105.6978,2.8704],[105.6939,2.8494],[105.7264,2.8164],[105.7362,2.8183],[105.7394,2.8323],[105.7485,2.819],[105.7474,2.8273],[105.7691,2.833],[105.7694,2.8432],[105.7551,2.8562],[105.7383,2.8513],[105.7215,2.8735],[105.7345,2.8802],[105.7425,2.8675],[105.767,2.8716],[105.7721,2.8827],[105.7657,2.8941],[105.7824,2.8966],[105.7829,2.9081],[105.7871,2.9022]]],[[[105.6815,2.9239],[105.6783,2.9188],[105.6879,2.9096],[105.6948,2.9181],[105.6815,2.9239]]],[[[105.6737,2.9181],[105.6737,2.9181]]],[[[105.6934,2.9772],[105.6913,2.9691],[105.7072,2.9601],[105.6934,2.9772]]],[[[105.6983,2.9762],[105.6983,2.9762]]],[[[105.7707,2.9827],[105.7694,2.9828],[105.7699,2.9817],[105.7707,2.9827]]],[[[105.6867,2.9888],[105.6867,2.9888]]],[[[105.6975,2.9896],[105.6975,2.9896]]],[[[105.6707,3.0114],[105.6707,3.0114]]],[[[105.7492,3.0336],[105.7461,3.0282],[105.7492,3.0336]]],[[[105.7531,3.0319],[105.7531,3.0319]]],[[[105.6906,3.0597],[105.6906,3.0597]]],[[[105.6099,3.0763],[105.6099,3.0763]]],[[[105.7268,3.0813],[105.7268,3.0813]]],[[[105.6754,3.0857],[105.6694,3.0842],[105.6754,3.0857]]],[[[105.5897,3.0916],[105.5842,3.0907],[105.5884,3.0834],[105.609,3.0812],[105.5897,3.0916]]],[[[105.7176,3.0987],[105.6961,3.0969],[105.712,3.074],[105.7237,3.0862],[105.7354,3.085],[105.7176,3.0987]]],[[[105.6415,3.0935],[105.6415,3.0935]]],[[[105.6539,3.1181],[105.6413,3.1143],[105.6436,3.093],[105.6552,3.0871],[105.6532,3.0969],[105.6632,3.0984],[105.6751,3.0911],[105.6539,3.1181]]],[[[105.6851,3.1175],[105.6735,3.1173],[105.6757,3.1063],[105.6952,3.1026],[105.6851,3.1175]]],[[[105.6663,3.1254],[105.6663,3.1254]]],[[[105.6757,3.1237],[105.6757,3.1237]]],[[[105.8833,2.3626],[105.8806,2.3551],[105.8833,2.3626]]],[[[106.0527,2.5044],[106.0484,2.499],[106.0527,2.5044]]],[[[106.0411,2.509],[106.0411,2.509]]],[[[106.0426,2.509],[106.0426,2.509]]],[[[106.0495,2.5134],[106.0476,2.5254],[106.0396,2.5143],[106.0495,2.5134]]],[[[106.0155,2.7902],[106.0183,2.7817],[106.0155,2.7902]]],[[[105.7742,2.8448],[105.7748,2.8398],[105.7742,2.8448]]],[[[106.1222,2.8458],[106.1222,2.8458]]],[[[106.1003,2.8739],[106.1021,2.8689],[106.1003,2.8739]]],[[[105.7915,2.8772],[105.7898,2.8854],[105.7848,2.8797],[105.7915,2.8772]]],[[[105.8517,2.9738],[105.8517,2.9738]]],[[[106.128,2.9935],[106.1269,2.988],[106.128,2.9935]]],[[[105.8064,3.0075],[105.8053,2.9988],[105.812,2.9993],[105.8064,3.0075]]],[[[105.8395,3.0097],[105.8338,3.0092],[105.8395,3.0097]]],[[[105.9574,3.0453],[105.9453,3.0232],[105.9536,3.0278],[105.9574,3.0453]]],[[[105.9821,3.087],[105.9667,3.0694],[105.9704,3.0459],[105.9636,3.0394],[105.9661,3.0246],[105.975,3.0295],[105.9782,3.0173],[105.9911,3.0725],[105.9821,3.087]]],[[[105.9544,3.0918],[105.9446,3.0899],[105.9543,3.0702],[105.9544,3.0918]]],[[[105.9704,3.0918],[105.9621,3.0817],[105.9734,3.0868],[105.9704,3.0918]]],[[[105.9711,3.0969],[105.9711,3.0969]]],[[[105.9609,3.1009],[105.9476,3.0974],[105.9605,3.0911],[105.9609,3.1009]]],[[[106.1143,3.1153],[106.1089,3.1088],[106.1143,3.1153]]],[[[106.1153,3.1402],[106.1118,3.1195],[106.1258,3.1187],[106.1153,3.1402]]],[[[106.1113,3.144],[106.1049,3.1341],[106.1113,3.144]]],[[[106.088,3.1567],[106.0744,3.1462],[106.0843,3.1478],[106.0795,3.1332],[106.0883,3.1229],[106.0987,3.1406],[106.088,3.1567]]],[[[106.0447,3.3381],[106.0515,3.3282],[106.0447,3.3381]]],[[[106.2469,2.7167],[106.2469,2.7167]]],[[[106.2676,2.725],[106.2525,2.7208],[106.2511,2.7121],[106.2668,2.7156],[106.2676,2.725]]],[[[106.2227,2.7371],[106.2227,2.7371]]],[[[106.1713,2.76],[106.1761,2.7448],[106.185,2.74],[106.1924,2.7456],[106.1879,2.756],[106.1713,2.76]]],[[[106.2022,2.8103],[106.1924,2.8025],[106.1999,2.7891],[106.2155,2.7835],[106.2228,2.7662],[106.202,2.7569],[106.2144,2.7553],[106.2264,2.7369],[106.2539,2.7236],[106.2413,2.738],[106.2518,2.7456],[106.2433,2.7533],[106.2537,2.7555],[106.2532,2.7613],[106.2383,2.7613],[106.2459,2.7751],[106.2263,2.7892],[106.2252,2.8065],[106.2022,2.8103]]],[[[106.1532,2.9002],[106.1532,2.9002]]],[[[106.1348,2.9043],[106.1348,2.9043]]],[[[106.1582,2.9063],[106.1582,2.9063]]],[[[106.1274,2.9388],[106.1143,2.9321],[106.1147,2.9248],[106.133,2.9298],[106.1366,2.9183],[106.149,2.9192],[106.1451,2.93],[106.1274,2.9388]]],[[[106.1814,2.9577],[106.1751,2.9493],[106.188,2.9421],[106.1922,2.9518],[106.1855,2.9497],[106.1814,2.9577]]],[[[106.1672,2.9691],[106.1624,2.9729],[106.1555,2.958],[106.1675,2.9556],[106.1672,2.9691]]],[[[106.1469,3.0045],[106.1367,2.9959],[106.139,2.9765],[106.1469,3.0045]]],[[[106.2493,3.0017],[106.2402,3.0017],[106.24,2.992],[106.2493,3.0017]]],[[[106.2232,3.0429],[106.2189,3.0488],[106.2232,3.0429]]],[[[106.2537,3.0909],[106.2555,3.097],[106.2537,3.0909]]],[[[106.2738,3.0791],[106.2784,3.0764],[106.2803,3.0949],[106.289,3.0982],[106.2832,3.1198],[106.2756,3.1057],[106.2763,3.1199],[106.2679,3.1171],[106.2879,3.1506],[106.2878,3.1794],[106.2755,3.1678],[106.2754,3.1813],[106.2818,3.1821],[106.2778,3.1942],[106.2596,3.2045],[106.2483,3.2231],[106.2398,3.2182],[106.2273,3.2353],[106.2192,3.2164],[106.1967,3.2319],[106.2076,3.1913],[106.2035,3.1398],[106.2103,3.1217],[106.217,3.1197],[106.2225,3.1301],[106.2226,3.1082],[106.2364,3.0962],[106.24,3.1068],[106.2439,3.1007],[106.2491,3.1078],[106.2477,3.1231],[106.2617,3.1122],[106.2594,3.0943],[106.2742,3.1004],[106.2738,3.0791]]],[[[106.1465,3.1259],[106.1465,3.1259]]],[[[106.2762,3.232],[106.2843,3.2255],[106.2813,3.2469],[106.2645,3.2595],[106.2643,3.2873],[106.2588,3.2866],[106.2649,3.2953],[106.2705,3.2902],[106.2726,3.3005],[106.28,3.2725],[106.275,3.2648],[106.285,3.2503],[106.292,3.2582],[106.2884,3.3045],[106.2941,3.3058],[106.2981,3.3347],[106.2919,3.3451],[106.295,3.3582],[106.2981,3.354],[106.308,3.3662],[106.2926,3.384],[106.2689,3.3805],[106.2647,3.3356],[106.2598,3.3586],[106.2562,3.3457],[106.2527,3.3518],[106.242,3.3403],[106.2346,3.3026],[106.2471,3.29],[106.2369,3.2755],[106.2395,3.2658],[106.227,3.2598],[106.2658,3.227],[106.2762,3.232]]],[[[106.2002,3.3071],[106.1921,3.2951],[106.1981,3.2882],[106.2002,3.3071]]],[[[106.2262,3.3115],[106.2388,3.3434],[106.2319,3.3514],[106.2241,3.3444],[106.2218,3.3582],[106.215,3.3586],[106.2282,3.3885],[106.2241,3.3945],[106.2007,3.3772],[106.2021,3.3466],[106.172,3.332],[106.1887,3.2994],[106.1979,3.3056],[106.2014,3.3273],[106.2123,3.2973],[106.2262,3.3115]]],[[[106.1767,3.3059],[106.1767,3.3059]]],[[[106.1738,3.3512],[106.1738,3.3512]]],[[[106.232,3.3843],[106.2268,3.379],[106.232,3.3843]]],[[[106.2451,3.3861],[106.2451,3.3861]]],[[[106.1523,3.4006],[106.1462,3.4033],[106.1451,3.3895],[106.1523,3.4006]]],[[[106.2288,3.3988],[106.2288,3.3988]]],[[[106.2803,2.6151],[106.2741,2.6075],[106.2803,2.6151]]],[[[106.2847,2.6168],[106.2847,2.6168]]],[[[106.3031,2.6314],[106.3031,2.6314]]],[[[106.2707,2.7191],[106.2707,2.7191]]],[[[106.2811,2.7201],[106.2811,2.7201]]],[[[106.2874,2.7277],[106.2874,2.7277]]],[[[106.2748,2.7332],[106.2686,2.7313],[106.2748,2.7332]]],[[[106.2847,2.7385],[106.2839,2.7396],[106.283,2.7384],[106.2847,2.7385]]],[[[106.2871,3.0746],[106.2871,3.0746]]],[[[106.2936,3.1663],[106.2949,3.158],[106.2936,3.1663]]],[[[106.3034,3.1806],[106.2965,3.174],[106.3023,3.1652],[106.31,3.1738],[106.3034,3.1806]]],[[[106.3047,3.1866],[106.3047,3.1866]]],[[[106.2821,3.1937],[106.2821,3.1937]]],[[[106.3035,3.2016],[106.2927,3.1968],[106.2937,3.1836],[106.3035,3.2016]]],[[[106.3015,3.2083],[106.3027,3.2034],[106.3015,3.2083]]],[[[106.3074,3.2237],[106.3043,3.2348],[106.2927,3.2282],[106.2979,3.2161],[106.3074,3.2237]]],[[[106.2844,3.2344],[106.284,3.236],[106.2831,3.2346],[106.2844,3.2344]]],[[[106.303,3.2669],[106.2976,3.276],[106.2956,3.2356],[106.303,3.2669]]],[[[106.303,3.2849],[106.3054,3.2682],[106.303,3.2849]]],[[[106.3055,3.3575],[106.3032,3.3372],[106.3055,3.3575]]],[[[106.2987,3.3496],[106.2987,3.3496]]],[[[106.2998,3.3528],[106.2998,3.3528]]],[[[106.2614,3.3748],[106.2614,3.3748]]],[[[106.2797,3.402],[106.2683,3.3942],[106.291,3.3877],[106.2797,3.402]]],[[[106.3816,3.0438],[106.3857,3.0243],[106.3816,3.0438]]],[[[106.3741,3.0406],[106.373,3.0343],[106.3741,3.0406]]],[[[106.3363,3.0595],[106.3358,3.051],[106.3363,3.0595]]],[[[106.3197,3.0636],[106.3197,3.0636]]],[[[106.3557,3.0922],[106.3423,3.0723],[106.347,3.0494],[106.3544,3.0501],[106.3557,3.0922]]],[[[106.3311,3.0809],[106.3276,3.0733],[106.3311,3.0809]]],[[[106.3332,3.0948],[106.3292,3.0826],[106.3355,3.0771],[106.3332,3.0948]]],[[[106.3445,3.0931],[106.3427,3.0842],[106.3445,3.0931]]],[[[106.3452,3.1034],[106.3458,3.0939],[106.3452,3.1034]]],[[[106.3187,3.101],[106.3232,3.1224],[106.3276,3.112],[106.3303,3.1232],[106.3336,3.1182],[106.3432,3.1235],[106.3403,3.1509],[106.3382,3.1405],[106.3342,3.1476],[106.3266,3.1393],[106.3338,3.1584],[106.3118,3.1345],[106.3171,3.1689],[106.2847,3.1214],[106.296,3.104],[106.2998,3.1272],[106.311,3.1149],[106.3084,3.0859],[106.3187,3.101]]],[[[106.3537,3.1093],[106.351,3.0991],[106.3537,3.1093]]],[[[106.3843,3.1533],[106.3843,3.1533]]],[[[106.3708,3.1596],[106.3623,3.1533],[106.3708,3.1596]]],[[[106.3685,3.1866],[106.3624,3.1835],[106.3643,3.1613],[106.3685,3.1866]]],[[[106.3545,3.1909],[106.3545,3.1909]]],[[[106.3087,3.2008],[106.3077,3.1934],[106.3087,3.2008]]],[[[106.351,3.2012],[106.351,3.2012]]],[[[106.3176,3.2112],[106.3174,3.2092],[106.3183,3.209],[106.3176,3.2112]]],[[[106.3151,3.2406],[106.3156,3.2353],[106.3151,3.2406]]],[[[106.3064,3.2502],[106.3053,3.2395],[106.3064,3.2502]]],[[[106.3117,3.2544],[106.3117,3.2544]]],[[[106.3103,3.2598],[106.3103,3.2598]]],[[[106.3321,3.2951],[106.3307,3.29],[106.3321,3.2951]]],[[[106.3287,3.3039],[106.3254,3.2924],[106.3287,3.3039]]],[[[106.3251,3.3164],[106.3248,3.3046],[106.3251,3.3164]]],[[[106.3061,3.3213],[106.302,3.3027],[106.3061,3.3213]]],[[[106.3233,3.3182],[106.3195,3.3146],[106.3233,3.3182]]],[[[106.3149,3.3658],[106.3151,3.3551],[106.3149,3.3658]]],[[[106.3261,3.3736],[106.3216,3.3653],[106.3261,3.3736]]],[[[106.3446,3.4158],[106.3292,3.4047],[106.3314,3.3684],[106.3162,3.3427],[106.3236,3.3368],[106.316,3.3288],[106.3213,3.3225],[106.3379,3.3512],[106.3446,3.4158]]],[[[106.3153,3.3798],[106.3162,3.3683],[106.3153,3.3798]]],[[[106.3507,3.3806],[106.3481,3.3718],[106.3507,3.3806]]],[[[106.4159,2.9922],[106.4152,2.9819],[106.4159,2.9922]]],[[[106.396,3.0159],[106.396,3.0159]]],[[[106.407,3.038],[106.4047,3.0257],[106.4002,3.0376],[106.3932,3.0294],[106.4077,3.0131],[106.4157,3.0323],[106.4109,3.029],[106.407,3.038]]],[[[106.3934,3.046],[106.3941,3.0364],[106.3934,3.046]]],[[[106.4043,3.1186],[106.401,3.1227],[106.3964,3.1126],[106.3994,3.1065],[106.4043,3.1186]]],[[[106.4319,3.1226],[106.4319,3.1226]]],[[[106.4499,3.1277],[106.4446,3.1256],[106.4545,3.1202],[106.4499,3.1277]]],[[[106.4175,3.1543],[106.4035,3.1342],[106.4102,3.1298],[106.4217,3.137],[106.4365,3.1288],[106.4304,3.1494],[106.42,3.1459],[106.4175,3.1543]]],[[[106.3956,3.1535],[106.3796,3.1388],[106.3954,3.1352],[106.3956,3.1535]]],[[[106.408,3.1585],[106.3989,3.1547],[106.3997,3.1467],[106.408,3.1585]]],[[[106.3893,3.1572],[106.3866,3.1513],[106.3893,3.1572]]],[[[106.4384,3.1589],[106.4384,3.1589]]],[[[106.4047,3.1611],[106.4047,3.1611]]],[[[106.4369,3.1658],[106.4275,3.157],[106.4369,3.1658]]],[[[106.3968,3.1672],[106.3968,3.1672]]],[[[106.4386,3.1733],[106.44,3.1682],[106.4386,3.1733]]],[[[106.4448,3.1938],[106.4325,3.1887],[106.4392,3.1847],[106.4353,3.1673],[106.4408,3.1774],[106.4472,3.1741],[106.4448,3.1938]]],[[[106.4865,3.2108],[106.477,3.1897],[106.4881,3.1892],[106.4915,3.198],[106.4982,3.1839],[106.5009,3.2018],[106.4869,3.1996],[106.4865,3.2108]]],[[[106.4553,3.2123],[106.4553,3.2123]]],[[[106.485,3.2228],[106.4774,3.2074],[106.485,3.2228]]],[[[106.4767,3.2262],[106.4767,3.2262]]],[[[106.4727,3.2323],[106.4716,3.225],[106.4727,3.2323]]],[[[106.4518,3.2509],[106.4375,3.2399],[106.456,3.2256],[106.4518,3.2509]]],[[[106.4493,3.2502],[106.4493,3.2502]]],[[[106.4503,3.2577],[106.4443,3.252],[106.4503,3.2577]]],[[[106.39,3.2575],[106.3899,3.2628],[106.39,3.2575]]],[[[106.4443,3.2609],[106.4443,3.2609]]],[[[106.4162,3.3002],[106.4062,3.2784],[106.413,3.2692],[106.4162,3.3002]]],[[[106.4077,3.3094],[106.4038,3.3003],[106.3933,3.3065],[106.3946,3.2897],[106.4109,3.2991],[106.4077,3.3094]]],[[[106.3893,3.3127],[106.3861,3.3056],[106.3893,3.3127]]],[[[106.3892,3.3418],[106.3892,3.3418]]],[[[106.4579,3.3807],[106.4458,3.3776],[106.4513,3.3707],[106.4579,3.3807]]],[[[106.4644,3.3835],[106.4644,3.3835]]],[[[106.4407,3.3949],[106.433,3.394],[106.4361,3.3831],[106.4274,3.3738],[106.4426,3.3786],[106.4407,3.3949]]],[[[106.4481,3.3901],[106.4481,3.3901]]],[[[106.4513,3.4021],[106.4449,3.3939],[106.4513,3.4021]]]]},"properties":{"kab":"Kabupaten Kepulauan Anambas","prov":"Kepulauan Riau","n":158,"kj":1,"dd":0,"top":[{"loc":"TK (Spesifik tidak disebutkan)","n":158,"d":"2026-04-15"}]}},{"type":"Feature","geometry":{"type":"Polygon","coordinates":[[[110.7709,-7.5453],[110.7839,-7.5636],[110.7825,-7.5758],[110.8021,-7.5715],[110.8217,-7.5952],[110.8402,-7.5903],[110.8471,-7.5729],[110.8603,-7.5698],[110.869,-7.5475],[110.8575,-7.5493],[110.8583,-7.5339],[110.8172,-7.5288],[110.8126,-7.522],[110.7961,-7.5488],[110.7709,-7.5453]]]},"properties":{"kab":"Kota Surakarta","prov":"Jawa Tengah","n":283,"kj":2,"dd":0,"top":[{"loc":"SMAN 6 Surakarta","n":175,"d":"2026-08-21"},{"loc":"SDII Al Abidin Solo","n":108,"d":"2026-07-31"}]}},{"type":"Feature","geometry":{"type":"MultiPolygon","coordinates":[[[[108.7478,-1.7003],[108.6932,-1.7109],[108.684,-1.7037],[108.6779,-1.7198],[108.7194,-1.7268],[108.7729,-1.7165],[108.7859,-1.7112],[108.7842,-1.7039],[108.7478,-1.7003]]],[[[109.0956,-1.6996],[109.0914,-1.6964],[109.0956,-1.6996]]],[[[109.0859,-1.6997],[109.0859,-1.6997]]],[[[109.0441,-1.6522],[109.0441,-1.6522]]],[[[108.763,-1.625],[108.763,-1.625]]],[[[108.9484,-1.5644],[108.9371,-1.5506],[108.9149,-1.5531],[108.8971,-1.5343],[108.8771,-1.568],[108.8682,-1.5595],[108.8582,-1.5722],[108.8545,-1.5639],[108.8451,-1.5695],[108.835,-1.553],[108.8201,-1.571],[108.7993,-1.5719],[108.7898,-1.5813],[108.8071,-1.5807],[108.7977,-1.593],[108.8403,-1.5848],[108.8275,-1.5898],[108.8396,-1.6328],[108.8186,-1.6489],[108.8276,-1.6505],[108.8329,-1.6674],[108.8577,-1.6771],[108.8968,-1.6608],[108.9314,-1.6566],[108.9665,-1.6287],[108.9826,-1.6008],[108.9484,-1.5644]]],[[[108.7868,-1.6149],[108.7868,-1.6149]]],[[[108.7527,-1.5868],[108.7489,-1.5916],[108.7527,-1.5868]]],[[[108.7768,-1.5779],[108.7654,-1.5761],[108.7635,-1.5914],[108.7763,-1.5871],[108.7768,-1.5779]]],[[[108.7832,-1.5799],[108.7832,-1.5799]]],[[[108.7842,-1.5742],[108.7842,-1.5742]]],[[[108.7398,-1.577],[108.7319,-1.5689],[108.7307,-1.5754],[108.7398,-1.577]]],[[[108.8057,-1.5603],[108.796,-1.5599],[108.8057,-1.5603]]],[[[108.7771,-1.5542],[108.7717,-1.558],[108.7771,-1.5542]]],[[[108.8267,-1.5538],[108.8267,-1.5538]]],[[[109.0449,-1.4782],[109.0397,-1.4858],[109.0528,-1.5015],[109.0569,-1.4841],[109.0516,-1.4781],[109.0441,-1.4845],[109.0449,-1.4782]]],[[[108.9018,-1.2872],[108.9018,-1.2872]]],[[[108.8906,-1.2843],[108.8906,-1.2843]]],[[[109.2913,-1.7325],[109.2913,-1.7325]]],[[[109.2954,-1.7299],[109.2954,-1.7299]]],[[[109.2971,-1.714],[109.2971,-1.714]]],[[[109.1115,-1.6956],[109.1115,-1.6956]]],[[[109.1549,-1.6046],[109.1541,-1.5981],[109.1494,-1.6041],[109.1549,-1.6046]]],[[[109.1922,-1.5951],[109.1922,-1.5951]]],[[[109.2063,-1.5877],[109.201,-1.5872],[109.2063,-1.5877]]],[[[109.2287,-1.4125],[109.2287,-1.4125]]],[[[109.223,-1.4105],[109.2171,-1.411],[109.223,-1.4105]]],[[[109.1161,-1.3431],[109.1161,-1.3431]]],[[[109.1471,-1.2903],[109.1412,-1.288],[109.1358,-1.3305],[109.163,-1.2948],[109.1471,-1.2903]]],[[[109.1369,-1.2884],[109.1132,-1.3129],[109.124,-1.3112],[109.1369,-1.2884]]],[[[109.1349,-1.278],[109.126,-1.2864],[109.1349,-1.278]]],[[[109.1602,-1.2665],[109.1529,-1.2761],[109.1755,-1.296],[109.1783,-1.2805],[109.1602,-1.2665]]],[[[109.1896,-1.2741],[109.1896,-1.2741]]],[[[109.1701,-1.2649],[109.1701,-1.2649]]],[[[109.2078,-1.2408],[109.2053,-1.2323],[109.2003,-1.2422],[109.2078,-1.2408]]],[[[109.2525,-1.2367],[109.2525,-1.2367]]],[[[109.2964,-1.2367],[109.2964,-1.2367]]],[[[109.2023,-1.2316],[109.2036,-1.2309],[109.2029,-1.23],[109.2023,-1.2316]]],[[[109.296,-1.2309],[109.296,-1.2309]]],[[[109.2617,-1.1838],[109.2453,-1.1985],[109.227,-1.2009],[109.2276,-1.2203],[109.217,-1.2371],[109.2234,-1.242],[109.2432,-1.2433],[109.2538,-1.2241],[109.2693,-1.2168],[109.2617,-1.1838]]],[[[109.283,-1.213],[109.283,-1.213]]],[[[109.2767,-1.2089],[109.273,-1.1995],[109.2767,-1.2089]]],[[[109.3326,-1.7424],[109.3337,-1.7405],[109.3329,-1.7397],[109.3326,-1.7424]]],[[[109.3475,-1.6625],[109.3424,-1.6632],[109.3475,-1.6625]]],[[[109.3515,-1.6564],[109.3515,-1.6564]]],[[[109.3391,-1.6518],[109.3391,-1.6518]]],[[[109.3334,-1.5224],[109.3334,-1.5224]]],[[[109.346,-1.519],[109.3391,-1.5187],[109.3419,-1.5239],[109.346,-1.519]]],[[[109.3531,-1.5014],[109.3531,-1.5014]]],[[[109.3879,-1.4925],[109.3842,-1.4874],[109.3765,-1.5022],[109.3831,-1.5053],[109.3879,-1.4925]]],[[[109.3841,-1.479],[109.3841,-1.479]]],[[[109.6826,-1.2073],[109.6895,-1.1929],[109.78,-1.1447],[109.7656,-1.11],[109.77,-1.0801],[109.7557,-1.0223],[109.7619,-1.0054],[109.7148,-0.9895],[109.701,-0.9932],[109.691,-1.0142],[109.6744,-1.0212],[109.6637,-1.0112],[109.6423,-1.0117],[109.6364,-0.9863],[109.5963,-0.9812],[109.5523,-1.0033],[109.5287,-0.9985],[109.4893,-0.973],[109.4724,-1.0026],[109.4579,-1.004],[109.4487,-1.1073],[109.4249,-1.2056],[109.4057,-1.2454],[109.3796,-1.2554],[109.4312,-1.294],[109.5015,-1.309],[109.5503,-1.2679],[109.6529,-1.2204],[109.6866,-1.2177],[109.6826,-1.2073]]],[[[109.754,-0.895],[109.7553,-0.908],[109.7269,-0.9228],[109.7327,-0.9884],[109.7643,-0.9956],[109.7679,-1.0336],[109.7753,-1.0443],[109.8035,-1.0494],[109.8187,-1.0914],[109.8635,-1.0929],[109.9397,-1.1237],[109.9078,-1.2096],[109.9163,-1.2207],[109.9253,-1.2137],[109.9352,-1.2199],[109.933,-1.233],[109.9481,-1.2394],[109.9388,-1.2517],[109.9506,-1.265],[109.961,-1.2647],[109.9617,-1.277],[109.9935,-1.2741],[110.0222,-1.2916],[110.0677,-1.363],[110.0957,-1.3528],[110.1276,-1.3558],[110.1416,-1.3447],[110.1654,-1.3541],[110.1752,-1.3428],[110.2178,-1.3433],[110.2232,-1.3343],[110.2114,-1.303],[110.2176,-1.2853],[110.2841,-1.2835],[110.3223,-1.256],[110.3721,-1.2545],[110.411,-1.264],[110.4203,-1.2591],[110.3935,-1.2331],[110.3939,-1.2028],[110.3252,-1.1317],[110.3246,-1.1144],[110.3356,-1.1053],[110.3402,-1.1121],[110.3606,-1.1091],[110.3583,-1.0744],[110.3382,-1.0716],[110.3428,-1.0535],[110.2692,-1.0005],[110.2691,-0.9869],[110.2807,-0.9868],[110.2814,-0.9754],[110.272,-0.9659],[110.243,-0.9658],[110.2415,-0.9333],[110.165,-0.9347],[110.1649,-0.9232],[110.1528,-0.913],[110.1677,-0.8913],[110.1667,-0.857],[110.1437,-0.8569],[110.0771,-0.7958],[110.0718,-0.7733],[110.0391,-0.7594],[110.0095,-0.7238],[109.9791,-0.725],[109.9681,-0.7395],[109.9399,-0.7405],[109.9315,-0.7517],[109.9401,-0.7602],[109.9316,-0.768],[109.9317,-0.7823],[109.8948,-0.8028],[109.8935,-0.8228],[109.8642,-0.8321],[109.8555,-0.8244],[109.8408,-0.8407],[109.8293,-0.8326],[109.8128,-0.8464],[109.7994,-0.8427],[109.7927,-0.8559],[109.8008,-0.8703],[109.7753,-0.8771],[109.754,-0.895]]],[[[109.4524,-1.0219],[109.4524,-1.0219]]],[[[109.887,-1.3678],[109.887,-1.3678]]],[[[109.9053,-1.3466],[109.9002,-1.3431],[109.8964,-1.3508],[109.9053,-1.3466]]],[[[110.0281,-1.3111],[110.0281,-1.3111]]],[[[110.0135,-1.3007],[110.0135,-1.3007]]],[[[109.9507,-1.2688],[109.9507,-1.2688]]]]},"properties":{"kab":"Kabupaten Kayong Utara","prov":"Kalimantan Barat","n":9,"kj":1,"dd":0,"top":[{"loc":"SMP PGRI 01 Simpang Hilir","n":9,"d":"2025-09-29"}]}},{"type":"Feature","geometry":{"type":"MultiPolygon","coordinates":[[[[99.9621,-0.434],[99.9792,-0.4169],[99.9844,-0.3997],[99.9998,-0.3982],[99.9846,-0.3717],[99.9903,-0.3619],[100.0462,-0.3639],[100.0361,-0.3546],[100.0558,-0.3497],[100.0671,-0.3254],[100.1026,-0.3216],[100.1013,-0.3353],[100.1269,-0.3361],[100.1383,-0.3476],[100.1511,-0.3481],[100.1581,-0.3944],[100.1786,-0.414],[100.215,-0.416],[100.2217,-0.448],[100.2432,-0.4579],[100.2449,-0.4731],[100.2659,-0.4786],[100.2836,-0.4711],[100.2904,-0.4547],[100.3175,-0.4329],[100.3341,-0.3946],[100.3988,-0.3844],[100.4176,-0.392],[100.4706,-0.391],[100.5122,-0.2958],[100.5372,-0.2793],[100.5435,-0.2625],[100.5281,-0.2452],[100.5187,-0.2497],[100.4817,-0.2243],[100.4648,-0.2212],[100.4451,-0.2044],[100.4443,-0.1856],[100.4103,-0.1769],[100.4047,-0.1608],[100.3791,-0.1486],[100.3739,-0.124],[100.3799,-0.1129],[100.3433,-0.0932],[100.3251,-0.0545],[100.3009,-0.0375],[100.2748,-0.0375],[100.268,-0.0303],[100.2461,-0.0737],[100.2131,-0.07],[100.2021,-0.1118],[100.188,-0.0924],[100.1761,-0.0913],[100.1601,-0.1076],[100.1351,-0.0941],[100.1176,-0.0975],[100.092,-0.0808],[100.0387,-0.0818],[100.0323,-0.0926],[100.0051,-0.1056],[99.9864,-0.1316],[99.9829,-0.146],[99.9941,-0.1452],[99.9873,-0.1589],[99.8054,-0.1819],[99.7878,-0.1822],[99.7878,-0.1732],[99.7706,-0.1758],[99.8016,-0.2303],[99.8026,-0.2591],[99.8168,-0.2964],[99.8829,-0.3435],[99.9129,-0.3768],[99.9187,-0.3967],[99.9138,-0.4032],[99.9621,-0.434]],[[100.3807,-0.3225],[100.3706,-0.322],[100.3421,-0.2949],[100.3362,-0.2717],[100.355,-0.2816],[100.3948,-0.2853],[100.4079,-0.3221],[100.3807,-0.3225]]],[[[99.8986,-0.4229],[99.8986,-0.4229]]],[[[99.9015,-0.4121],[99.9015,-0.4121]]],[[[99.9064,-0.4078],[99.9064,-0.4078]]]]},"properties":{"kab":"Kabupaten Agam","prov":"Sumatera Barat","n":456,"kj":2,"dd":0,"top":[{"loc":"SD (Spesifik tidak disebutkan)","n":334,"d":"2026-09-02"},{"loc":"TK (Spesifik tidak disebutkan)","n":122,"d":"2025-10-01"}]}},{"type":"Feature","geometry":{"type":"MultiPolygon","coordinates":[[[[127.1807,-8.1062],[127.2283,-8.1047],[127.233,-8.0974],[127.2173,-8.0782],[127.2156,-8.0353],[127.1988,-8.0133],[127.1611,-8.0156],[127.1361,-8.0378],[127.1489,-8.0835],[127.1441,-8.0983],[127.1807,-8.1062]]],[[[125.7358,-7.9677],[125.7225,-7.9812],[125.7285,-7.9866],[125.7353,-8.0592],[125.7638,-8.0152],[125.7622,-7.9976],[125.7358,-7.9677]]],[[[125.7556,-7.9791],[125.7556,-7.9791]]],[[[125.7488,-7.9675],[125.7451,-7.9788],[125.7551,-7.9867],[125.7488,-7.9675]]],[[[125.8137,-7.9974],[125.8696,-7.9769],[125.8862,-7.9524],[125.9248,-7.9426],[125.948,-7.9151],[125.9838,-7.9193],[125.9981,-7.9064],[126.0712,-7.8876],[126.1318,-7.8913],[126.1637,-7.9096],[126.1746,-7.925],[126.2251,-7.9284],[126.33,-7.9142],[126.3683,-7.9347],[126.4216,-7.9309],[126.4661,-7.975],[126.4971,-7.9325],[126.5037,-7.9159],[126.4984,-7.9072],[126.5214,-7.8581],[126.5368,-7.8517],[126.5491,-7.8235],[126.5623,-7.8146],[126.5937,-7.8066],[126.6229,-7.7827],[126.659,-7.7778],[126.6959,-7.7506],[126.8035,-7.7416],[126.8206,-7.7546],[126.8427,-7.7339],[126.8317,-7.7017],[126.8088,-7.6792],[126.8159,-7.662],[126.8111,-7.6564],[126.785,-7.662],[126.7601,-7.6561],[126.7218,-7.6667],[126.7119,-7.6437],[126.6955,-7.6402],[126.6846,-7.6212],[126.6689,-7.6216],[126.6372,-7.6029],[126.6314,-7.5841],[126.6366,-7.5635],[126.6263,-7.5569],[126.5948,-7.5729],[126.5363,-7.5718],[126.4995,-7.589],[126.4708,-7.5892],[126.4397,-7.6311],[126.4197,-7.6345],[126.4065,-7.6241],[126.3983,-7.6366],[126.3807,-7.6371],[126.3667,-7.6672],[126.3348,-7.6813],[126.3234,-7.6951],[126.2383,-7.6876],[126.1847,-7.7276],[126.143,-7.7249],[126.0897,-7.7026],[126.0667,-7.7058],[126.0478,-7.693],[126.0331,-7.6978],[126.0154,-7.6748],[126.0006,-7.681],[125.9844,-7.6552],[125.9721,-7.6533],[125.9474,-7.662],[125.9347,-7.6784],[125.9115,-7.7344],[125.9146,-7.745],[125.862,-7.7683],[125.8587,-7.7828],[125.8759,-7.7975],[125.8708,-7.8148],[125.8277,-7.8454],[125.8275,-7.8546],[125.816,-7.8522],[125.8066,-7.8615],[125.8269,-7.9159],[125.8185,-7.9586],[125.7924,-7.9903],[125.7888,-8.0066],[125.8063,-8.0146],[125.8137,-7.9974]]],[[[125.9278,-7.6603],[125.9091,-7.6682],[125.9099,-7.6779],[125.9306,-7.6725],[125.9278,-7.6603]]],[[[128.1451,-8.2759],[128.2004,-8.279],[128.2333,-8.2723],[128.2209,-8.2104],[128.1905,-8.2017],[128.1285,-8.2165],[128.0928,-8.2064],[128.0948,-8.2198],[128.0801,-8.2586],[128.1451,-8.2759]]],[[[127.6434,-8.2387],[127.6634,-8.2374],[127.7177,-8.2122],[127.7283,-8.2182],[127.7417,-8.214],[127.7535,-8.2006],[127.7518,-8.1839],[127.6953,-8.1545],[127.6704,-8.1605],[127.6008,-8.2126],[127.63,-8.2244],[127.6312,-8.2363],[127.6434,-8.2387]]],[[[128.0523,-8.2292],[128.0701,-8.2153],[128.0772,-8.1918],[128.1258,-8.1652],[128.1257,-8.1535],[128.1017,-8.1391],[128.0794,-8.137],[128.0354,-8.148],[127.9974,-8.14],[127.9532,-8.147],[127.9357,-8.1415],[127.9259,-8.1278],[127.9039,-8.1299],[127.811,-8.1044],[127.7626,-8.1112],[127.7863,-8.1404],[127.7936,-8.1836],[127.8182,-8.1998],[127.8796,-8.2181],[127.9434,-8.2199],[127.9584,-8.2331],[127.9604,-8.247],[128.0058,-8.2579],[128.0454,-8.2595],[128.0523,-8.2292]]],[[[127.4295,-7.6295],[127.4283,-7.6369],[127.4377,-7.6347],[127.4295,-7.6295]]],[[[127.3551,-7.6507],[127.3671,-7.6547],[127.3953,-7.6422],[127.4089,-7.6004],[127.4395,-7.6018],[127.4703,-7.5893],[127.4885,-7.5527],[127.4863,-7.5208],[127.4734,-7.5148],[127.4599,-7.5275],[127.4411,-7.5238],[127.4294,-7.5109],[127.4121,-7.5111],[127.4071,-7.4967],[127.3958,-7.5061],[127.3998,-7.5111],[127.3822,-7.5095],[127.3912,-7.499],[127.386,-7.4916],[127.3654,-7.501],[127.3551,-7.5291],[127.3596,-7.5693],[127.371,-7.5852],[127.3347,-7.6005],[127.3233,-7.6273],[127.3399,-7.6492],[127.3551,-7.6507]]],[[[127.6348,-7.5908],[127.6348,-7.5908]]],[[[127.5944,-7.5619],[127.5889,-7.5485],[127.5825,-7.5592],[127.5953,-7.5864],[127.5984,-7.621],[127.6159,-7.6073],[127.618,-7.5949],[127.6051,-7.5925],[127.5944,-7.5619]]],[[[127.5549,-7.547],[127.5549,-7.547]]],[[[127.5459,-7.5269],[127.5356,-7.5409],[127.5448,-7.5403],[127.5459,-7.5269]]],[[[127.5491,-7.5305],[127.5491,-7.5305]]],[[[127.2953,-7.5119],[127.274,-7.5195],[127.2943,-7.53],[127.2953,-7.5119]]],[[[127.5538,-7.5196],[127.5538,-7.5196]]],[[[128.4987,-8.3218],[128.4952,-8.3352],[128.5092,-8.3439],[128.4987,-8.3218]]],[[[128.7276,-8.2007],[128.7276,-8.2007]]],[[[128.3919,-8.1926],[128.3847,-8.197],[128.3919,-8.1926]]],[[[128.7175,-8.1954],[128.7175,-8.1954]]],[[[128.4114,-8.1921],[128.399,-8.1914],[128.4114,-8.1921]]],[[[128.7211,-8.18],[128.6995,-8.1653],[128.6824,-8.166],[128.6965,-8.1874],[128.7139,-8.1913],[128.7211,-8.18]]],[[[128.5899,-8.1646],[128.5899,-8.1646]]],[[[128.6845,-8.1512],[128.6796,-8.1494],[128.6845,-8.1512]]],[[[128.5592,-7.3551],[128.5492,-7.3688],[128.5598,-7.383],[128.5686,-7.3638],[128.5652,-7.3571],[128.5573,-7.3629],[128.5592,-7.3551]]],[[[128.5648,-7.2815],[128.5543,-7.2987],[128.5604,-7.3161],[128.5727,-7.294],[128.5648,-7.2815]]],[[[128.4045,-7.2172],[128.4028,-7.2223],[128.4045,-7.2172]]],[[[128.3968,-7.217],[128.391,-7.2167],[128.3968,-7.217]]],[[[128.6593,-7.1962],[128.6893,-7.1639],[128.6736,-7.1657],[128.6551,-7.1395],[128.6686,-7.144],[128.6902,-7.1349],[128.7017,-7.1163],[128.6952,-7.1029],[128.6778,-7.095],[128.6529,-7.0965],[128.6458,-7.0807],[128.6108,-7.062],[128.5945,-7.066],[128.5326,-7.1173],[128.5266,-7.1468],[128.5446,-7.1634],[128.5592,-7.1604],[128.6187,-7.2098],[128.6493,-7.217],[128.6593,-7.1962]]],[[[129.0319,-8.2348],[129.0273,-8.2158],[128.9963,-8.207],[128.965,-8.1855],[128.9255,-8.1894],[128.8702,-8.1823],[128.8258,-8.2011],[128.8721,-8.2316],[128.9265,-8.2458],[128.9392,-8.2452],[128.9329,-8.2269],[128.9541,-8.2242],[129.0092,-8.2608],[129.0166,-8.261],[129.0319,-8.2348]]],[[[128.7615,-8.1616],[128.7579,-8.1653],[128.7806,-8.1726],[128.7852,-8.201],[128.7987,-8.1994],[128.7892,-8.1635],[128.7615,-8.1616]]],[[[128.7488,-8.1591],[128.7488,-8.1591]]],[[[128.7323,-8.1567],[128.7396,-8.1584],[128.7323,-8.1567]]],[[[129.6942,-8.0269],[129.7082,-8.0413],[129.7536,-8.055],[129.7928,-8.0429],[129.8245,-7.9675],[129.8521,-7.9404],[129.8655,-7.9145],[129.8656,-7.9001],[129.8471,-7.8912],[129.8421,-7.8716],[129.8415,-7.8575],[129.8571,-7.8438],[129.8186,-7.8168],[129.777,-7.8145],[129.682,-7.7865],[129.6208,-7.8019],[129.5966,-7.8226],[129.5888,-7.847],[129.5943,-7.867],[129.5819,-7.8977],[129.6033,-7.9122],[129.6054,-7.9289],[129.633,-7.9614],[129.6522,-7.9703],[129.6725,-8.0095],[129.6942,-8.0269]]],[[[129.559,-7.9317],[129.5703,-7.909],[129.5654,-7.8943],[129.5512,-7.8889],[129.5465,-7.8635],[129.5152,-7.8432],[129.5116,-7.8508],[129.5258,-7.8687],[129.5173,-7.8816],[129.5171,-7.9319],[129.5426,-7.951],[129.559,-7.9317]]],[[[129.7007,-7.5556],[129.6745,-7.5274],[129.6658,-7.5284],[129.6618,-7.5548],[129.6919,-7.5734],[129.7167,-7.5718],[129.724,-7.5584],[129.7176,-7.5484],[129.7007,-7.5556]]],[[[129.8364,-8.2087],[129.8547,-8.1927],[129.8807,-8.1479],[129.919,-8.1259],[129.9241,-8.0921],[129.8482,-8.1418],[129.828,-8.1882],[129.8125,-8.2054],[129.8275,-8.2137],[129.8364,-8.2087]]],[[[130.0901,-7.7797],[130.0929,-7.7623],[130.0719,-7.7533],[130.0397,-7.7538],[130.0295,-7.7656],[130.0588,-7.7671],[130.079,-7.7889],[130.0901,-7.7797]]],[[[130.0096,-7.7436],[130.026,-7.7426],[130.0011,-7.6964],[129.9882,-7.7144],[129.995,-7.7315],[130.0021,-7.7317],[130.0001,-7.742],[130.0096,-7.7436]]]]},"properties":{"kab":"Kabupaten Maluku Barat Daya","prov":"Maluku","n":40,"kj":1,"dd":0,"top":[{"loc":"SMPN 1 Babar Barat","n":40,"d":"2025-09-11"}]}},{"type":"Feature","geometry":{"type":"MultiPolygon","coordinates":[[[[97.1139,2.1145],[97.0979,2.1133],[97.0969,2.0898],[97.081,2.09],[97.0765,2.0768],[97.1152,2.0047],[97.1277,2.0105],[97.1207,2.0409],[97.1524,2.055],[97.1624,2.0717],[97.1475,2.0945],[97.1139,2.1145]]],[[[97.1718,2.2343],[97.1618,2.2242],[97.1201,2.2262],[97.1127,2.2155],[97.1168,2.2074],[97.1279,2.1985],[97.1489,2.2008],[97.1738,2.1787],[97.2057,2.1831],[97.2222,2.1583],[97.2343,2.1676],[97.2311,2.1502],[97.2614,2.1353],[97.2654,2.107],[97.2854,2.1006],[97.314,2.0577],[97.3392,2.059],[97.3386,2.0464],[97.3283,2.0403],[97.3415,2.036],[97.3495,2.0657],[97.3394,2.0625],[97.3413,2.0764],[97.348,2.0765],[97.3412,2.086],[97.3532,2.0814],[97.3582,2.0919],[97.3508,2.0936],[97.3582,2.0978],[97.3464,2.1047],[97.3492,2.1131],[97.3341,2.1181],[97.3446,2.1282],[97.3362,2.1307],[97.344,2.1377],[97.3388,2.1626],[97.3336,2.152],[97.3328,2.1634],[97.323,2.1628],[97.3306,2.1721],[97.3215,2.1779],[97.3158,2.1695],[97.2927,2.2009],[97.3058,2.2067],[97.2993,2.2284],[97.275,2.2246],[97.2691,2.2326],[97.2358,2.2354],[97.2253,2.2076],[97.2083,2.2047],[97.2008,2.2119],[97.1949,2.2021],[97.1895,2.2254],[97.1785,2.2168],[97.1795,2.2327],[97.1718,2.2343]]],[[[97.3173,2.1848],[97.3173,2.1848]]],[[[97.3166,2.1918],[97.3057,2.1917],[97.3068,2.1839],[97.3134,2.1824],[97.3166,2.1918]]],[[[97.2097,2.2152],[97.2097,2.2152]]],[[[97.2244,2.2229],[97.2278,2.2283],[97.2244,2.2229]]],[[[97.2169,2.2414],[97.213,2.2337],[97.2228,2.2233],[97.2169,2.2414]]],[[[97.3156,2.2397],[97.3094,2.2424],[97.3156,2.2397]]],[[[97.2078,2.2422],[97.2078,2.2422]]],[[[97.2769,2.2438],[97.2769,2.2438]]],[[[97.2972,2.2572],[97.2972,2.2572]]],[[[97.2089,2.2488],[97.2043,2.2654],[97.2089,2.2488]]],[[[97.2488,2.2517],[97.2455,2.2644],[97.2488,2.2517]]],[[[97.2918,2.2608],[97.2918,2.2608]]],[[[97.2295,2.2779],[97.2295,2.2779]]],[[[97.2677,2.2847],[97.2593,2.2824],[97.2825,2.2748],[97.2677,2.2847]]],[[[97.2537,2.28],[97.2573,2.2859],[97.2476,2.2935],[97.2537,2.28]]],[[[97.3101,2.2945],[97.3157,2.2947],[97.311,2.3102],[97.3101,2.2945]]],[[[97.248,2.3031],[97.242,2.301],[97.248,2.3031]]],[[[97.2279,2.3222],[97.2189,2.32],[97.2279,2.3222]]],[[[97.3878,1.9851],[97.3834,1.9774],[97.3878,1.9851]]],[[[97.3926,2.0407],[97.3846,2.0412],[97.3926,2.0407]]],[[[97.3574,2.0721],[97.3512,2.0729],[97.355,2.0636],[97.3574,2.0721]]],[[[97.3465,2.1152],[97.3411,2.1149],[97.3465,2.1152]]],[[[97.3515,2.1336],[97.3527,2.1283],[97.3515,2.1336]]],[[[97.4432,2.1864],[97.4287,2.1805],[97.4308,2.1645],[97.4408,2.1592],[97.4432,2.1864]]],[[[97.4628,2.1823],[97.4632,2.1772],[97.4628,2.1823]]],[[[97.3303,2.1845],[97.3243,2.1911],[97.3303,2.1845]]],[[[97.3192,2.2033],[97.3284,2.1953],[97.3192,2.2033]]],[[[97.4361,2.2441],[97.4361,2.2441]]],[[[97.4284,2.2491],[97.4245,2.2394],[97.4284,2.2491]]],[[[97.3427,2.248],[97.3427,2.248]]],[[[97.3287,2.2635],[97.3262,2.2691],[97.3287,2.2635]]],[[[97.4174,2.2637],[97.4077,2.285],[97.4174,2.2637]]],[[[97.4244,2.2848],[97.4204,2.3021],[97.4244,2.2848]]],[[[97.4028,2.2905],[97.4013,2.2971],[97.4028,2.2905]]],[[[97.4084,2.2952],[97.4126,2.2993],[97.4039,2.314],[97.4084,2.2952]]],[[[97.4153,2.3285],[97.4065,2.3461],[97.3785,2.3611],[97.3834,2.3346],[97.3899,2.3346],[97.3902,2.345],[97.4194,2.3033],[97.4153,2.3285]]],[[[97.665,2.3949],[97.7356,2.3132],[97.786,2.2314],[97.8001,2.2706],[97.8316,2.2655],[97.8822,2.2433],[97.9134,2.2717],[97.9472,2.2707],[98.0829,2.2035],[98.1273,2.1695],[98.1501,2.213],[98.1791,2.2404],[98.1865,2.2942],[98.1971,2.3115],[98.148,2.4226],[98.0861,2.5007],[98.0766,2.5748],[98.0066,2.5828],[97.9127,2.5706],[97.9041,2.5622],[97.855,2.5646],[97.8553,2.5274],[97.8651,2.5274],[97.865,2.4988],[97.7912,2.5002],[97.7311,2.4218],[97.665,2.3949]]],[[[97.5334,2.3524],[97.5334,2.3524]]],[[[97.5617,2.3838],[97.5608,2.3824],[97.5614,2.3821],[97.5617,2.3838]]],[[[98.0359,2.1886],[98.0359,2.1886]]]]},"properties":{"kab":"Kabupaten Aceh Singkil","prov":"Nanggroe Aceh Darussalam","n":33,"kj":1,"dd":0,"top":[{"loc":"TK Bunga Al-Qur’an","n":33,"d":"2026-02-11"}]}},{"type":"Feature","geometry":{"type":"Polygon","coordinates":[[[103.6267,-3.3594],[103.7074,-3.2942],[103.7224,-3.3055],[103.7161,-3.3335],[103.7325,-3.3532],[103.7389,-3.3401],[103.737,-3.2958],[103.7606,-3.2801],[103.7872,-3.3181],[103.8013,-3.3095],[103.8209,-3.3265],[103.8297,-3.3153],[103.8484,-3.3171],[103.8569,-3.3329],[103.8705,-3.3285],[103.8922,-3.3439],[103.9074,-3.3597],[103.9177,-3.3992],[103.9487,-3.4125],[103.9927,-3.4136],[104.0246,-3.4058],[104.0287,-3.3412],[104.0593,-3.3377],[104.0925,-3.356],[104.1008,-3.3381],[104.1101,-3.3466],[104.1126,-3.333],[104.1123,-3.3508],[104.1322,-3.3439],[104.1285,-3.3249],[104.145,-3.3218],[104.1345,-3.3309],[104.1398,-3.3341],[104.1545,-3.3291],[104.1524,-3.3191],[104.162,-3.3284],[104.1705,-3.3164],[104.1732,-3.3298],[104.187,-3.3288],[104.193,-3.3157],[104.1995,-3.3209],[104.2141,-3.3118],[104.209,-3.3052],[104.2169,-3.3046],[104.2156,-3.2953],[104.2229,-3.3013],[104.2338,-3.283],[104.2282,-3.266],[104.2103,-3.258],[104.2169,-3.2274],[104.2354,-3.2063],[104.2579,-3.0315],[104.2348,-3.0198],[104.188,-3.0537],[104.1434,-3.048],[104.1321,-3.0266],[104.1348,-3.0118],[104.0937,-3.0025],[104.0523,-3.0088],[104.0234,-3.0301],[103.9504,-3.0042],[103.9257,-3.0242],[103.9117,-3.0222],[103.8897,-3.0758],[103.8489,-3.083],[103.835,-3.1046],[103.8192,-3.103],[103.8119,-3.1223],[103.7915,-3.1345],[103.7972,-3.1504],[103.7801,-3.179],[103.797,-3.2235],[103.7956,-3.2405],[103.7837,-3.2392],[103.738,-3.2612],[103.7219,-3.2557],[103.7159,-3.236],[103.655,-3.266],[103.6344,-3.2628],[103.6483,-3.2477],[103.6325,-3.2547],[103.6051,-3.2875],[103.6182,-3.3244],[103.6168,-3.3488],[103.6267,-3.3594]]]},"properties":{"kab":"Kabupaten Penukal Abab Lematang Ilir","prov":"Sumatera Selatan","n":174,"kj":1,"dd":0,"top":[{"loc":"SDN 28 Talang Ubi","n":174,"d":"2025-05-05"}]}},{"type":"Feature","geometry":{"type":"Polygon","coordinates":[[[106.3971,-6.9785],[106.4133,-6.9759],[106.4178,-6.9624],[106.443,-6.9529],[106.5098,-6.9646],[106.543,-6.9852],[106.5432,-7.0255],[106.5332,-7.0218],[106.5452,-7.0274],[106.5433,-7.0566],[106.5054,-7.0966],[106.4843,-7.104],[106.4572,-7.1292],[106.4493,-7.1534],[106.4663,-7.1726],[106.4635,-7.1796],[106.4417,-7.191],[106.4368,-7.1846],[106.4237,-7.1905],[106.4012,-7.1864],[106.3988,-7.2068],[106.3866,-7.2165],[106.391,-7.2285],[106.3817,-7.2389],[106.3732,-7.2369],[106.3849,-7.2629],[106.3706,-7.2797],[106.3782,-7.2945],[106.3729,-7.3081],[106.3984,-7.3336],[106.4054,-7.3825],[106.4138,-7.3632],[106.444,-7.3608],[106.4908,-7.3763],[106.5244,-7.4081],[106.56,-7.417],[106.5822,-7.4122],[106.7938,-7.4368],[106.7894,-7.409],[106.7819,-7.4161],[106.7771,-7.402],[106.7947,-7.3972],[106.8226,-7.3631],[106.8579,-7.3542],[106.8557,-7.362],[106.8692,-7.3556],[106.8738,-7.3644],[106.8768,-7.3535],[106.8953,-7.3414],[106.9087,-7.3497],[106.9162,-7.3225],[106.9346,-7.334],[106.9409,-7.3177],[106.9515,-7.3215],[106.9672,-7.3122],[106.976,-7.285],[106.9606,-7.2594],[106.9675,-7.2452],[106.98,-7.2412],[106.9826,-7.2224],[106.968,-7.1964],[106.9747,-7.1854],[106.958,-7.1651],[106.9675,-7.1558],[106.9658,-7.1447],[106.937,-7.1228],[106.9483,-7.0856],[106.9436,-7.0748],[106.9539,-7.0682],[106.9584,-7.0333],[106.9812,-7.0139],[106.9958,-7.0314],[107.0114,-7.0301],[107.0436,-7.0444],[107.0593,-7.0218],[107.0334,-6.9875],[107.0335,-6.9761],[107.0415,-6.9629],[107.064,-6.9615],[107.0485,-6.9421],[107.0483,-6.9104],[107.0288,-6.8891],[107.0352,-6.8865],[107.0323,-6.8729],[106.9961,-6.8347],[106.9929,-6.799],[106.959,-6.7618],[106.9356,-6.7675],[106.9205,-6.7867],[106.8995,-6.7881],[106.8314,-6.767],[106.8144,-6.7686],[106.7932,-6.7524],[106.7783,-6.755],[106.7415,-6.7156],[106.7252,-6.7184],[106.6943,-6.7447],[106.6826,-6.7463],[106.6732,-6.7316],[106.6589,-6.7319],[106.656,-6.7477],[106.6331,-6.7549],[106.59,-6.7443],[106.5765,-6.7174],[106.5471,-6.752],[106.5251,-6.7591],[106.5262,-6.7678],[106.4979,-6.791],[106.4576,-6.8036],[106.45,-6.8163],[106.4361,-6.8198],[106.4312,-6.8617],[106.393,-6.9004],[106.4001,-6.9204],[106.3897,-6.9418],[106.3971,-6.9785]],[[106.9158,-6.8934],[106.9182,-6.9028],[106.9544,-6.9041],[106.9556,-6.9584],[106.9479,-6.9681],[106.9311,-6.9654],[106.912,-6.9781],[106.8889,-6.9694],[106.8752,-6.9762],[106.8738,-6.9631],[106.9115,-6.9523],[106.9007,-6.9333],[106.901,-6.9139],[106.9158,-6.8934]]]},"properties":{"kab":"Kabupaten Sukabumi","prov":"Jawa Barat","n":439,"kj":10,"dd":0,"top":[{"loc":"Pondok Pesantren Baiti Jannati","n":134,"d":"2026-08-14"},{"loc":"SMKN 1 Cibadak","n":69,"d":"2025-09-11"},{"loc":"Ponpes Az-Zain","n":47,"d":"2026-03-06"}]}},{"type":"Feature","geometry":{"type":"Polygon","coordinates":[[[113.1247,-6.893],[113.0337,-6.8795],[112.9218,-6.8939],[112.8793,-6.891],[112.8753,-6.8981],[112.8636,-6.892],[112.8471,-6.8992],[112.8517,-6.9016],[112.8412,-6.9156],[112.8273,-6.907],[112.8222,-6.9119],[112.829,-6.9295],[112.7718,-7.0005],[112.7232,-7.0386],[112.6884,-7.0298],[112.681,-7.0346],[112.6735,-7.0728],[112.6861,-7.0955],[112.7064,-7.0982],[112.6918,-7.1552],[112.7212,-7.1753],[112.7769,-7.1593],[112.865,-7.1621],[112.8923,-7.1781],[112.9652,-7.2004],[113.0405,-7.2128],[113.047,-7.1996],[113.0597,-7.1986],[113.0602,-7.1893],[113.0484,-7.1844],[113.0574,-7.1639],[113.0674,-7.1637],[113.0729,-7.1492],[113.0975,-7.1571],[113.0931,-7.1327],[113.1062,-7.1245],[113.1078,-7.1076],[113.1154,-7.1158],[113.1078,-7.081],[113.122,-7.0746],[113.1123,-7.0579],[113.1106,-7.0293],[113.1328,-7.0328],[113.1475,-6.99],[113.1278,-6.9769],[113.1107,-6.9869],[113.0994,-6.9566],[113.0963,-6.9374],[113.1178,-6.9331],[113.1247,-6.893]]]},"properties":{"kab":"Kabupaten Bangkalan","prov":"Jawa Timur","n":86,"kj":2,"dd":0,"top":[{"loc":"SMAN 1 Kokop","n":84,"d":"2026-06-04"},{"loc":"SMPN 1 Blega","n":2,"d":"2026-04-20"}]}},{"type":"Feature","geometry":{"type":"MultiPolygon","coordinates":[[[[140.6277,-2.7519],[140.6341,-2.7608],[140.6647,-2.7519],[140.6826,-2.7643],[140.7002,-2.7557],[140.728,-2.7633],[140.7392,-2.7503],[140.7584,-2.7541],[140.784,-2.72],[140.7882,-2.7254],[140.8009,-2.7193],[140.8068,-2.7281],[140.824,-2.7106],[140.828,-2.7268],[140.8506,-2.7485],[140.9041,-2.7646],[140.8986,-2.7793],[140.9244,-2.7913],[140.9448,-2.7896],[140.9576,-2.8119],[140.9701,-2.8103],[141.0027,-2.8393],[141.0013,-2.6044],[140.9381,-2.6149],[140.9263,-2.6107],[140.9218,-2.6222],[140.9113,-2.6239],[140.8136,-2.6069],[140.789,-2.5957],[140.7798,-2.607],[140.7883,-2.6112],[140.7859,-2.6221],[140.7624,-2.6288],[140.736,-2.6185],[140.7107,-2.5949],[140.7377,-2.6276],[140.7268,-2.6339],[140.7054,-2.6285],[140.6971,-2.6223],[140.7061,-2.6174],[140.6866,-2.6137],[140.6941,-2.6033],[140.6897,-2.5949],[140.7008,-2.5872],[140.6944,-2.5741],[140.7027,-2.5728],[140.7027,-2.5865],[140.7169,-2.5915],[140.7091,-2.5726],[140.7185,-2.5487],[140.7065,-2.539],[140.7252,-2.5352],[140.7309,-2.5182],[140.7374,-2.5346],[140.7473,-2.5347],[140.7204,-2.491],[140.6945,-2.4783],[140.6527,-2.4763],[140.6388,-2.5051],[140.6033,-2.5158],[140.6255,-2.5668],[140.6148,-2.6128],[140.6211,-2.6149],[140.6334,-2.7225],[140.6277,-2.7519]]],[[[140.7165,-2.5682],[140.7149,-2.5689],[140.716,-2.57],[140.7165,-2.5682]]],[[[140.725,-2.5454],[140.725,-2.5454]]]]},"properties":{"kab":"Kabupaten Jayapura","prov":"Papua","n":543,"kj":1,"dd":0,"top":[{"loc":"Paud Panumba","n":543,"d":"2026-08-04"}]}},{"type":"Feature","geometry":{"type":"MultiPolygon","coordinates":[[[[105.8269,-6.2478],[105.8409,-6.24],[105.8772,-6.2396],[105.8851,-6.2235],[105.8985,-6.2436],[105.9164,-6.2501],[105.9303,-6.281],[105.9345,-6.2403],[105.9474,-6.2375],[105.9492,-6.248],[105.9774,-6.2457],[105.9813,-6.2647],[105.9923,-6.2656],[105.9947,-6.2731],[106.027,-6.2752],[106.0659,-6.2635],[106.085,-6.2276],[106.1048,-6.2391],[106.1087,-6.2524],[106.128,-6.2505],[106.135,-6.2577],[106.1745,-6.2508],[106.1798,-6.2714],[106.1718,-6.2913],[106.2143,-6.2929],[106.2225,-6.3117],[106.2344,-6.3021],[106.2438,-6.3046],[106.2466,-6.2971],[106.2593,-6.2999],[106.2597,-6.3108],[106.2771,-6.3014],[106.2805,-6.3117],[106.3085,-6.32],[106.3195,-6.3351],[106.4009,-6.3303],[106.3991,-6.3164],[106.3919,-6.3139],[106.3989,-6.3026],[106.3952,-6.2804],[106.3828,-6.2612],[106.3871,-6.2302],[106.3664,-6.2148],[106.3793,-6.2005],[106.374,-6.1912],[106.3908,-6.1791],[106.3926,-6.152],[106.3772,-6.1289],[106.3506,-6.1096],[106.3534,-6.0922],[106.3394,-6.0632],[106.3504,-6.062],[106.3519,-6.0498],[106.3673,-6.0381],[106.3797,-6.0389],[106.3931,-6.0277],[106.4075,-6.0309],[106.4118,-6.0242],[106.3901,-5.9796],[106.367,-5.9653],[106.3577,-5.9744],[106.3516,-5.9631],[106.3331,-5.9861],[106.3039,-5.9679],[106.2633,-5.9598],[106.2442,-5.967],[106.2422,-5.9919],[106.2164,-6.0162],[106.2257,-6.0387],[106.2192,-6.0834],[106.2302,-6.0991],[106.2225,-6.1268],[106.2428,-6.1314],[106.2557,-6.1462],[106.2512,-6.1591],[106.2419,-6.174],[106.233,-6.1708],[106.2195,-6.1869],[106.2283,-6.1949],[106.1999,-6.1984],[106.1923,-6.218],[106.138,-6.2093],[106.1349,-6.1924],[106.1512,-6.1793],[106.1496,-6.1694],[106.1223,-6.1679],[106.1114,-6.182],[106.0879,-6.1732],[106.0757,-6.183],[106.0659,-6.1744],[106.076,-6.1507],[106.0692,-6.1334],[106.0743,-6.1219],[106.0888,-6.1169],[106.1104,-6.0856],[106.1476,-6.0678],[106.1428,-6.0575],[106.1483,-6.0203],[106.117,-6.0072],[106.1125,-5.9977],[106.1195,-5.9886],[106.1075,-5.9954],[106.1012,-5.9882],[106.1134,-5.9886],[106.1046,-5.9649],[106.1116,-5.9662],[106.1054,-5.9483],[106.1144,-5.9311],[106.1012,-5.9121],[106.0749,-5.8841],[106.0511,-5.8836],[106.0415,-5.8759],[106.0448,-5.9116],[106.0314,-5.9338],[106.0579,-5.9587],[106.0659,-5.9938],[106.088,-6.0025],[106.0851,-6.0356],[106.0653,-6.0453],[106.0499,-6.0755],[106.0363,-6.0801],[106.0203,-6.0781],[106.0296,-6.04],[106.0035,-6.0463],[105.9848,-6.0379],[105.987,-6.0622],[105.9721,-6.0496],[105.9538,-6.058],[105.9443,-6.0459],[105.9376,-6.0526],[105.9225,-6.0467],[105.8874,-6.068],[105.8803,-6.1086],[105.8637,-6.1263],[105.8336,-6.2064],[105.8269,-6.2478]]],[[[105.858,-5.938],[105.8297,-5.9505],[105.849,-5.9589],[105.851,-5.9802],[105.8662,-5.9676],[105.858,-5.938]]],[[[106.1503,-5.9957],[106.1503,-5.9957]]],[[[106.1153,-5.9472],[106.1153,-5.9472]]],[[[106.152,-5.9197],[106.1392,-5.9218],[106.1401,-5.9359],[106.1555,-5.9447],[106.1692,-5.935],[106.152,-5.9197]]],[[[106.0928,-5.9],[106.0928,-5.9]]],[[[106.2188,-5.9407],[106.2188,-5.9407]]],[[[106.2722,-5.8076],[106.2546,-5.8105],[106.2765,-5.8155],[106.2949,-5.8109],[106.2722,-5.8076]]],[[[106.3605,-5.9656],[106.3575,-5.9733],[106.3605,-5.9656]]],[[[106.3517,-5.9561],[106.354,-5.951],[106.3517,-5.9561]]]]},"properties":{"kab":"Kabupaten Serang","prov":"Banten","n":59,"kj":2,"dd":0,"top":[{"loc":"SMAN 1 Padarincang","n":32,"d":"2026-05-24"},{"loc":"SMPN 1 Kramatwatu","n":27,"d":"2025-09-02"}]}},{"type":"Feature","geometry":{"type":"Polygon","coordinates":[[[111.2634,-6.8558],[111.2952,-6.8682],[111.3301,-6.869],[111.348,-6.8863],[111.3777,-6.8915],[111.3998,-6.8911],[111.4129,-6.8824],[111.4137,-6.8901],[111.4254,-6.8941],[111.4535,-6.8758],[111.4762,-6.8863],[111.4886,-6.8816],[111.4976,-6.894],[111.533,-6.8892],[111.5438,-6.909],[111.5766,-6.905],[111.5971,-6.9135],[111.6077,-6.9037],[111.6192,-6.8217],[111.6355,-6.8288],[111.6564,-6.8263],[111.6681,-6.8017],[111.6608,-6.7769],[111.6689,-6.7639],[111.6751,-6.7752],[111.6845,-6.7714],[111.6914,-6.7542],[111.5623,-6.6393],[111.5414,-6.6306],[111.5088,-6.6325],[111.491,-6.6206],[111.4649,-6.6414],[111.4674,-6.6572],[111.4608,-6.6648],[111.3793,-6.7025],[111.343,-6.703],[111.339,-6.6931],[111.3327,-6.7015],[111.2924,-6.688],[111.2342,-6.6873],[111.2428,-6.7075],[111.2339,-6.7527],[111.2469,-6.7644],[111.2446,-6.7962],[111.2707,-6.8291],[111.2559,-6.8369],[111.2634,-6.8558]]]},"properties":{"kab":"Kabupaten Rembang","prov":"Jawa Tengah","n":1542,"kj":5,"dd":0,"top":[{"loc":"SMAN 1 Lasem","n":777,"d":"2026-09-03"},{"loc":"SMPN 5 Rembang","n":299,"d":"2026-08-05"},{"loc":"MAN 2 Rembang","n":271,"d":"2026-09-08"}]}},{"type":"Feature","geometry":{"type":"Polygon","coordinates":[[[100.3967,-0.4503],[100.396,-0.4602],[100.3773,-0.4621],[100.3655,-0.4775],[100.3742,-0.4885],[100.4063,-0.4907],[100.4149,-0.4791],[100.4349,-0.483],[100.4333,-0.4588],[100.4128,-0.4525],[100.4087,-0.4593],[100.3967,-0.4503]]]},"properties":{"kab":"Kota Padang Panjang","prov":"Sumatera Barat","n":29,"kj":1,"dd":0,"top":[{"loc":"SDN 9 Kelurahan Ekor Lubuk","n":29,"d":"2025-10-07"}]}},{"type":"Feature","geometry":{"type":"MultiPolygon","coordinates":[[[[104.3158,-5.3542],[104.3341,-5.3608],[104.3904,-5.4309],[104.4186,-5.4521],[104.4162,-5.4811],[104.431,-5.5068],[104.4427,-5.5224],[104.4531,-5.52],[104.4788,-5.5398],[104.4815,-5.5632],[104.487,-5.5595],[104.4905,-5.5684],[104.4829,-5.5783],[104.494,-5.5814],[104.4864,-5.5939],[104.4903,-5.6076],[104.5,-5.6012],[104.51,-5.6112],[104.5199,-5.6],[104.5343,-5.617],[104.5682,-5.6204],[104.5895,-5.6541],[104.628,-5.6917],[104.6137,-5.7454],[104.5886,-5.7545],[104.6177,-5.8013],[104.6537,-5.8211],[104.6393,-5.8288],[104.6344,-5.843],[104.645,-5.88],[104.6601,-5.8996],[104.6586,-5.9364],[104.6758,-5.9337],[104.6678,-5.9293],[104.6746,-5.9264],[104.6836,-5.9283],[104.6789,-5.9345],[104.7328,-5.9294],[104.7266,-5.9095],[104.6979,-5.8778],[104.7108,-5.8331],[104.6456,-5.7456],[104.6431,-5.7341],[104.6554,-5.7261],[104.6425,-5.6902],[104.569,-5.6069],[104.548,-5.5589],[104.5308,-5.5435],[104.5587,-5.514],[104.6041,-5.4961],[104.6634,-5.5176],[104.7085,-5.5218],[104.7283,-5.559],[104.7501,-5.5683],[104.7775,-5.6055],[104.8283,-5.6211],[104.8793,-5.6605],[104.8972,-5.6645],[104.9024,-5.6569],[104.9126,-5.6859],[104.927,-5.6974],[104.9342,-5.6938],[104.94,-5.7039],[104.9593,-5.7098],[104.965,-5.693],[104.9717,-5.6992],[104.9687,-5.715],[104.9874,-5.7119],[104.9864,-5.7218],[105.0111,-5.7255],[105.0107,-5.7332],[105.0199,-5.7243],[105.0293,-5.7274],[105.0267,-5.7515],[105.0515,-5.7476],[105.0628,-5.7646],[105.0714,-5.7533],[105.0866,-5.7553],[105.0887,-5.7746],[105.1091,-5.7736],[105.0892,-5.7957],[105.1166,-5.7747],[105.1276,-5.7848],[105.1256,-5.7969],[105.1328,-5.7929],[105.1474,-5.8084],[105.1951,-5.8026],[105.1947,-5.7949],[105.1464,-5.7903],[105.1354,-5.7703],[105.1099,-5.7498],[105.0967,-5.7064],[105.0814,-5.7125],[105.0742,-5.6456],[105.05,-5.6197],[105.0308,-5.6211],[104.9931,-5.5819],[104.9519,-5.5705],[104.9069,-5.5691],[104.8891,-5.5529],[104.8985,-5.5339],[104.8912,-5.5083],[104.9001,-5.5117],[104.9165,-5.4479],[104.8867,-5.4352],[104.8921,-5.4284],[104.9125,-5.429],[104.901,-5.4223],[104.9056,-5.4167],[104.8845,-5.3868],[104.8682,-5.3781],[104.8686,-5.3373],[104.8553,-5.336],[104.8222,-5.3122],[104.8099,-5.2998],[104.8037,-5.2718],[104.7878,-5.2603],[104.7897,-5.2392],[104.7798,-5.2346],[104.7864,-5.2078],[104.7715,-5.184],[104.7935,-5.155],[104.7882,-5.145],[104.7528,-5.1279],[104.7507,-5.1181],[104.7213,-5.125],[104.701,-5.1555],[104.6835,-5.1568],[104.6518,-5.1325],[104.617,-5.1317],[104.6083,-5.1379],[104.5943,-5.1321],[104.5674,-5.1041],[104.5412,-5.0909],[104.5319,-5.1105],[104.5165,-5.1206],[104.5143,-5.1362],[104.4964,-5.1268],[104.4829,-5.141],[104.4503,-5.1502],[104.4315,-5.1714],[104.374,-5.1995],[104.3801,-5.2377],[104.364,-5.2812],[104.3891,-5.2826],[104.3992,-5.3035],[104.3601,-5.3026],[104.374,-5.3293],[104.3484,-5.3408],[104.3339,-5.3244],[104.3158,-5.3542]]],[[[104.6771,-5.9322],[104.6771,-5.9322]]],[[[104.857,-5.8327],[104.8528,-5.8019],[104.7814,-5.761],[104.7811,-5.7791],[104.8044,-5.8024],[104.8131,-5.8248],[104.8546,-5.8465],[104.857,-5.8327]]],[[[105.0173,-5.7514],[105.0173,-5.7514]]],[[[105.0837,-5.7961],[105.0837,-5.7961]]],[[[105.0939,-5.7813],[105.0939,-5.7813]]]]},"properties":{"kab":"Kabupaten Tanggamus","prov":"Lampung","n":41,"kj":2,"dd":0,"top":[{"loc":"SMPN 1 Talangpadang","n":23,"d":"2026-07-23"},{"loc":"SDN 1 Way Jaha","n":18,"d":"2025-08-06"}]}},{"type":"Feature","geometry":{"type":"Polygon","coordinates":[[[109.0764,-6.8892],[109.0746,-6.9132],[109.0823,-6.9273],[109.0707,-6.9717],[109.0748,-6.9942],[109.0668,-6.9939],[109.066,-6.9754],[109.0534,-6.9756],[109.0453,-6.9868],[109.0328,-6.9841],[109.019,-7.0237],[109.0244,-7.0449],[109.0041,-7.0411],[108.9877,-7.0606],[108.9693,-7.0604],[108.9858,-7.0958],[108.9845,-7.1113],[108.9678,-7.1262],[108.9513,-7.1275],[108.9655,-7.1509],[108.9761,-7.1378],[108.9927,-7.1357],[109.0565,-7.15],[109.0585,-7.1242],[109.0741,-7.1288],[109.0843,-7.1477],[109.0557,-7.1849],[109.0576,-7.1916],[109.1131,-7.2115],[109.1498,-7.2417],[109.1734,-7.2313],[109.1991,-7.249],[109.2139,-7.235],[109.1999,-7.2244],[109.1979,-7.1701],[109.1875,-7.1562],[109.1946,-7.1446],[109.1872,-7.1366],[109.2153,-7.1296],[109.2373,-7.0747],[109.2756,-7.0528],[109.2904,-6.9971],[109.3117,-6.9886],[109.3171,-6.9675],[109.3212,-6.9729],[109.3226,-6.9631],[109.336,-6.9564],[109.3291,-6.954],[109.3333,-6.9362],[109.3253,-6.9254],[109.3476,-6.8914],[109.356,-6.8919],[109.3581,-6.8666],[109.343,-6.8618],[109.3037,-6.8725],[109.2641,-6.8725],[109.1929,-6.8609],[109.1623,-6.8445],[109.1469,-6.8882],[109.1328,-6.8852],[109.1301,-6.8955],[109.1163,-6.8992],[109.1025,-6.8901],[109.0764,-6.8892]]]},"properties":{"kab":"Kota Tegal","prov":"Jawa Tengah","n":3,"kj":1,"dd":0,"top":[{"loc":"SMP PIUS","n":3,"d":"2026-02-23"}]}},{"type":"Feature","geometry":{"type":"Polygon","coordinates":[[[109.9658,-0.4971],[109.9748,-0.4995],[109.996,-0.4859],[109.9939,-0.4733],[110.0044,-0.4729],[110.0144,-0.4493],[110.0366,-0.4365],[110.0404,-0.399],[110.0515,-0.3873],[110.0987,-0.3975],[110.1101,-0.429],[110.1138,-0.4227],[110.1342,-0.425],[110.1551,-0.4381],[110.1973,-0.4168],[110.1981,-0.4248],[110.2142,-0.4196],[110.2587,-0.4455],[110.2777,-0.4378],[110.3036,-0.4518],[110.3211,-0.4105],[110.3502,-0.3965],[110.3784,-0.4016],[110.3762,-0.3886],[110.3831,-0.3815],[110.4074,-0.3902],[110.429,-0.3843],[110.4226,-0.3647],[110.4372,-0.3395],[110.4702,-0.3242],[110.4899,-0.3318],[110.5097,-0.3244],[110.538,-0.3509],[110.5681,-0.3477],[110.5556,-0.3423],[110.5531,-0.3261],[110.5696,-0.2861],[110.5601,-0.259],[110.5969,-0.2423],[110.6299,-0.203],[110.597,-0.1574],[110.6373,-0.1422],[110.6908,-0.168],[110.7471,-0.162],[110.7465,-0.1454],[110.7144,-0.0829],[110.7146,-0.0495],[110.7223,-0.0322],[110.7297,-0.0316],[110.7248,-0.0039],[110.7673,0.0792],[110.7653,0.0873],[110.7848,0.0883],[110.7971,0.0994],[110.8194,0.0926],[110.843,0.0961],[110.8432,0.1084],[110.8708,0.1194],[110.8785,0.148],[110.9014,0.1679],[110.8987,0.2033],[110.9108,0.2226],[110.9065,0.229],[110.8945,0.224],[110.8882,0.2334],[110.9087,0.2514],[110.9103,0.3033],[110.9268,0.3273],[110.9232,0.3397],[110.959,0.3726],[110.9587,0.3979],[110.9457,0.4035],[110.9404,0.4255],[110.9425,0.4618],[110.9581,0.4892],[110.9622,0.5174],[110.9999,0.558],[110.9888,0.5984],[111.0131,0.6594],[111.0082,0.6785],[110.9894,0.6902],[110.9887,0.7052],[111.0009,0.724],[110.9972,0.7354],[111.0116,0.7393],[110.9979,0.7459],[110.9935,0.7368],[110.9747,0.7422],[110.9679,0.7244],[110.9511,0.727],[110.9036,0.7128],[110.8807,0.7278],[110.8577,0.7277],[110.8514,0.7437],[110.8694,0.7478],[110.8693,0.7548],[110.8465,0.7554],[110.8394,0.7708],[110.823,0.775],[110.8136,0.7898],[110.7916,0.7931],[110.7728,0.8332],[110.7587,0.8422],[110.7657,0.8604],[110.8032,0.9006],[110.7839,0.9125],[110.777,0.9306],[110.7657,0.9295],[110.7648,0.9082],[110.7556,0.8993],[110.7163,0.9061],[110.6976,0.8842],[110.6946,0.8635],[110.6749,0.8783],[110.6623,0.8706],[110.6536,0.8757],[110.6516,0.9034],[110.6327,0.8947],[110.6368,0.8801],[110.6288,0.8691],[110.6018,0.8689],[110.5976,0.8588],[110.5754,0.8538],[110.5451,0.8686],[110.4905,0.8767],[110.4796,0.892],[110.4673,0.8926],[110.4627,0.9048],[110.4466,0.9075],[110.4331,0.9254],[110.439,0.9437],[110.4054,0.953],[110.4102,0.9651],[110.3964,0.9977],[110.3588,0.9835],[110.3435,0.9919],[110.3394,1.0126],[110.3252,0.9921],[110.308,1.0038],[110.2984,0.9956],[110.2763,0.9967],[110.2826,1.0113],[110.2782,1.0326],[110.2863,1.0445],[110.2603,1.0576],[110.2672,1.0663],[110.2475,1.0864],[110.2496,1.1076],[110.2413,1.1179],[110.2105,1.1186],[110.2052,1.133],[110.2127,1.1508],[110.193,1.1829],[110.1713,1.1872],[110.1591,1.1988],[110.132,1.1992],[110.1018,1.1606],[110.1041,1.1406],[110.1178,1.1294],[110.1298,1.0999],[110.1306,1.081],[110.1129,1.0625],[110.1429,1.0283],[110.1315,1.0159],[110.1353,1.0054],[110.1845,1.0025],[110.2242,0.9808],[110.2165,0.9727],[110.2248,0.9638],[110.2168,0.9555],[110.2171,0.9182],[110.259,0.8717],[110.2591,0.8595],[110.2424,0.8487],[110.2153,0.8424],[110.205,0.8479],[110.1843,0.8361],[110.1787,0.8069],[110.202,0.7512],[110.2393,0.7276],[110.245,0.6739],[110.2282,0.6609],[110.2361,0.65],[110.2182,0.6244],[110.2201,0.6016],[110.2304,0.5762],[110.2492,0.5754],[110.2438,0.5646],[110.2544,0.5498],[110.2312,0.5327],[110.2152,0.537],[110.1993,0.5258],[110.205,0.5036],[110.2002,0.4879],[110.1834,0.4875],[110.1755,0.4801],[110.1807,0.4711],[110.1639,0.4576],[110.1652,0.4461],[110.1805,0.4428],[110.1826,0.4277],[110.2062,0.4246],[110.2103,0.4105],[110.1945,0.4145],[110.1887,0.3802],[110.1593,0.3786],[110.1617,0.3501],[110.1489,0.3235],[110.1358,0.3223],[110.1333,0.3025],[110.1402,0.2778],[110.15,0.2732],[110.1258,0.2465],[110.1193,0.2499],[110.1171,0.2072],[110.0977,0.2189],[110.0865,0.2099],[110.0712,0.2223],[110.0493,0.2111],[110.0286,0.1737],[110.0238,0.1411],[109.9981,0.1446],[109.958,0.1078],[109.9365,0.1142],[109.913,0.1007],[109.9086,0.0844],[109.8904,0.0873],[109.8764,0.077],[109.8853,0.042],[109.8421,0.001],[109.8514,-0.0493],[109.9037,-0.1075],[109.9054,-0.1366],[109.921,-0.1473],[109.9475,-0.1415],[109.9444,-0.2281],[109.9547,-0.2458],[109.9515,-0.26],[109.9708,-0.2812],[109.9569,-0.3038],[109.9364,-0.3184],[109.9371,-0.33],[109.9532,-0.3479],[109.9496,-0.3551],[109.9277,-0.3587],[109.9247,-0.3923],[109.9314,-0.415],[109.9718,-0.4342],[109.9675,-0.4457],[109.9461,-0.4438],[109.9719,-0.4634],[109.9719,-0.4784],[109.9587,-0.4868],[109.9658,-0.4971]]]},"properties":{"kab":"Kabupaten Sanggau","prov":"Kalimantan Barat","n":6,"kj":1,"dd":0,"top":[{"loc":"MIS Al-Wardah","n":6,"d":"2025-09-25"}]}},{"type":"Feature","geometry":{"type":"MultiPolygon","coordinates":[[[[119.0053,-3.5334],[119.0201,-3.5155],[119.0404,-3.5162],[119.0654,-3.5026],[119.1089,-3.5162],[119.1445,-3.4917],[119.2342,-3.4856],[119.2372,-3.4719],[119.2894,-3.4467],[119.2893,-3.4406],[119.2781,-3.4489],[119.2853,-3.4296],[119.3048,-3.4255],[119.3436,-3.4338],[119.3734,-3.4633],[119.3847,-3.4502],[119.4112,-3.4667],[119.4274,-3.4593],[119.4269,-3.473],[119.4421,-3.483],[119.4441,-3.4767],[119.4529,-3.4784],[119.474,-3.5018],[119.4923,-3.4835],[119.4751,-3.4578],[119.4784,-3.4495],[119.4691,-3.4333],[119.4737,-3.4132],[119.4594,-3.3851],[119.4656,-3.3773],[119.4517,-3.3565],[119.4302,-3.3349],[119.4119,-3.3298],[119.4118,-3.3219],[119.4,-3.3221],[119.3956,-3.3096],[119.3708,-3.3082],[119.3371,-3.2895],[119.3348,-3.2705],[119.2971,-3.2636],[119.3116,-3.2398],[119.2875,-3.2137],[119.2895,-3.198],[119.2609,-3.1728],[119.2573,-3.158],[119.2687,-3.14],[119.2621,-3.1203],[119.2747,-3.0947],[119.2681,-3.0744],[119.2487,-3.0745],[119.222,-3.0842],[119.2069,-3.1016],[119.156,-3.1081],[119.1491,-3.1168],[119.131,-3.0969],[119.1122,-3.0925],[119.0983,-3.1052],[119.066,-3.1153],[119.0377,-3.0846],[119.0254,-3.0909],[119.0034,-3.0853],[118.9841,-3.0998],[118.9618,-3.0889],[118.9465,-3.1051],[118.9547,-3.1593],[118.9098,-3.1636],[118.9017,-3.1983],[118.9167,-3.2243],[118.9097,-3.2379],[118.9157,-3.2772],[118.9247,-3.2927],[118.9285,-3.3412],[118.9393,-3.3554],[118.9249,-3.3691],[118.9229,-3.3864],[118.9144,-3.3864],[118.9155,-3.4086],[118.9513,-3.4454],[118.9491,-3.4585],[118.9638,-3.4724],[118.9656,-3.4955],[118.9818,-3.498],[119.0053,-3.5334]]],[[[119.3598,-3.4861],[119.3598,-3.4861]]],[[[119.3717,-3.4683],[119.3627,-3.4713],[119.3642,-3.4843],[119.374,-3.4821],[119.3717,-3.4683]]],[[[119.4166,-3.4678],[119.4082,-3.4744],[119.4149,-3.4775],[119.4166,-3.4678]]],[[[119.3922,-3.4656],[119.3944,-3.4772],[119.3922,-3.4656]]],[[[119.3755,-3.4683],[119.3755,-3.4683]]],[[[119.3805,-3.461],[119.3805,-3.461]]]]},"properties":{"kab":"Kabupaten Polewali Mandar","prov":"Sulawesi Barat","n":21,"kj":1,"dd":0,"top":[{"loc":"SDN 10 Paku","n":21,"d":"2026-02-14"}]}},{"type":"Feature","geometry":{"type":"Polygon","coordinates":[[[98.9816,2.3945],[98.996,2.3535],[98.9869,2.3253],[98.9986,2.2696],[99.0201,2.2855],[99.0511,2.282],[99.0693,2.2925],[99.0897,2.2814],[99.1172,2.2836],[99.1243,2.2762],[99.1382,2.2778],[99.1609,2.3028],[99.1813,2.2955],[99.1969,2.2683],[99.1927,2.2368],[99.207,2.217],[99.2034,2.1902],[99.213,2.164],[99.2499,2.1221],[99.2936,2.1052],[99.3322,2.1054],[99.3408,2.1502],[99.3552,2.1566],[99.3628,2.1736],[99.3946,2.1709],[99.4275,2.218],[99.462,2.2281],[99.4793,2.2424],[99.5017,2.2473],[99.5232,2.242],[99.5382,2.2499],[99.5357,2.2565],[99.5476,2.2681],[99.5502,2.3072],[99.5573,2.31],[99.5621,2.3017],[99.5865,2.3148],[99.5812,2.3372],[99.5691,2.3422],[99.5607,2.334],[99.5205,2.3508],[99.5179,2.3701],[99.5302,2.4227],[99.5207,2.4422],[99.5282,2.4492],[99.5237,2.4591],[99.5124,2.4385],[99.5183,2.423],[99.5112,2.4135],[99.5195,2.4001],[99.5018,2.3945],[99.4187,2.4604],[99.4471,2.4954],[99.4525,2.5409],[99.4656,2.5475],[99.4485,2.5674],[99.46,2.5828],[99.4574,2.6043],[99.4424,2.5951],[99.439,2.574],[99.4162,2.5627],[99.4082,2.5643],[99.4272,2.5979],[99.4204,2.5993],[99.396,2.5853],[99.3852,2.5644],[99.3677,2.5678],[99.3486,2.5602],[99.3267,2.5659],[99.3108,2.5613],[99.3057,2.5508],[99.305,2.5741],[99.2709,2.5428],[99.2206,2.5406],[99.199,2.5314],[99.1784,2.5398],[99.1686,2.56],[99.0907,2.5766],[99.0736,2.6063],[99.0424,2.6338],[98.9934,2.6027],[98.9746,2.602],[98.9609,2.6142],[98.958,2.6461],[98.9505,2.6541],[98.8947,2.6629],[98.9053,2.5971],[98.9222,2.5699],[98.9899,2.5202],[99.0186,2.4837],[99.0189,2.4392],[98.9816,2.3945]]]},"properties":{"kab":"Kabupaten Toba","prov":"Sumatera Utara","n":121,"kj":1,"dd":0,"top":[{"loc":"SD Tanding Laguboti","n":121,"d":"2025-10-15"}]}},{"type":"Feature","geometry":{"type":"Polygon","coordinates":[[[106.9158,-6.8934],[106.901,-6.9139],[106.9007,-6.9333],[106.9115,-6.9523],[106.8738,-6.9631],[106.8752,-6.9762],[106.8889,-6.9694],[106.912,-6.9781],[106.9311,-6.9654],[106.9479,-6.9681],[106.9556,-6.9584],[106.9544,-6.9041],[106.9182,-6.9028],[106.9158,-6.8934]]]},"properties":{"kab":"Kabupaten Sukabumi","prov":"Jawa Barat","n":439,"kj":10,"dd":0,"top":[{"loc":"Pondok Pesantren Baiti Jannati","n":134,"d":"2026-08-14"},{"loc":"SMKN 1 Cibadak","n":69,"d":"2025-09-11"},{"loc":"Ponpes Az-Zain","n":47,"d":"2026-03-06"}]}},{"type":"Feature","geometry":{"type":"MultiPolygon","coordinates":[[[[110.3265,-7.3238],[110.3791,-7.3346],[110.3815,-7.3539],[110.4033,-7.3647],[110.4143,-7.4166],[110.4383,-7.4532],[110.4644,-7.4089],[110.4808,-7.4025],[110.5004,-7.4124],[110.5074,-7.4066],[110.516,-7.4168],[110.5172,-7.4389],[110.5394,-7.4343],[110.5585,-7.4494],[110.5645,-7.4285],[110.5708,-7.4372],[110.5756,-7.4255],[110.591,-7.4387],[110.586,-7.4424],[110.5971,-7.4456],[110.5941,-7.4532],[110.5826,-7.4398],[110.566,-7.4439],[110.5832,-7.448],[110.585,-7.4628],[110.5786,-7.4639],[110.6015,-7.4898],[110.6611,-7.4966],[110.6553,-7.4729],[110.6284,-7.4666],[110.6478,-7.4471],[110.6217,-7.4544],[110.6385,-7.4058],[110.6344,-7.3887],[110.6231,-7.3809],[110.6364,-7.3704],[110.6324,-7.3377],[110.6434,-7.3251],[110.6087,-7.3349],[110.5996,-7.3154],[110.5999,-7.2918],[110.6136,-7.283],[110.6241,-7.2856],[110.6255,-7.2695],[110.6371,-7.263],[110.6235,-7.2288],[110.6105,-7.2265],[110.6144,-7.199],[110.6034,-7.1946],[110.5922,-7.2031],[110.5555,-7.1869],[110.5459,-7.1946],[110.537,-7.1765],[110.5592,-7.1694],[110.5741,-7.1529],[110.5424,-7.1283],[110.5316,-7.1318],[110.5039,-7.122],[110.4969,-7.0942],[110.4591,-7.0775],[110.4497,-7.0918],[110.4226,-7.0979],[110.4166,-7.108],[110.3965,-7.1152],[110.3777,-7.1103],[110.3756,-7.0953],[110.369,-7.1086],[110.3498,-7.105],[110.3533,-7.1364],[110.3442,-7.1564],[110.3664,-7.1758],[110.3209,-7.1923],[110.2982,-7.1952],[110.285,-7.1882],[110.2809,-7.1975],[110.2568,-7.1942],[110.2501,-7.2014],[110.2538,-7.2185],[110.2729,-7.237],[110.2696,-7.2534],[110.2809,-7.2538],[110.2948,-7.2718],[110.3327,-7.2961],[110.3141,-7.3099],[110.3273,-7.3137],[110.3265,-7.3238]],[[110.4974,-7.3887],[110.4924,-7.3904],[110.4889,-7.3769],[110.4756,-7.3744],[110.4756,-7.35],[110.4704,-7.3504],[110.4758,-7.3128],[110.4663,-7.297],[110.484,-7.286],[110.489,-7.2922],[110.4971,-7.2885],[110.5023,-7.3022],[110.5222,-7.2912],[110.5167,-7.3201],[110.5351,-7.3534],[110.5283,-7.3651],[110.5154,-7.3629],[110.5091,-7.378],[110.5149,-7.3854],[110.4974,-7.3887]]],[[[110.579,-7.451],[110.579,-7.451]]]]},"properties":{"kab":"Kabupaten Semarang","prov":"Jawa Tengah","n":802,"kj":3,"dd":0,"top":[{"loc":"SMKN 6 Semarang","n":707,"d":"2026-07-31"},{"loc":"SMKN 11 Semarang","n":75,"d":"2026-01-08"},{"loc":"SDN 01 Ungaran","n":20,"d":"2025-09-30"}]}},{"type":"Feature","geometry":{"type":"MultiPolygon","coordinates":[[[[116.2228,2.0979],[116.2524,2.1063],[116.2863,2.1025],[116.2993,2.12],[116.3154,2.1151],[116.332,2.1502],[116.3473,2.1621],[116.3476,2.181],[116.3052,2.2077],[116.2897,2.235],[116.3044,2.2623],[116.3333,2.29],[116.4021,2.2979],[116.4132,2.2819],[116.4288,2.2889],[116.455,2.2769],[116.4774,2.2919],[116.4667,2.3254],[116.4826,2.337],[116.4985,2.3342],[116.5042,2.3481],[116.4981,2.3572],[116.5019,2.382],[116.4866,2.3986],[116.4963,2.4054],[116.4908,2.4439],[116.4967,2.4523],[116.527,2.4474],[116.5674,2.4535],[116.5667,2.437],[116.5779,2.4273],[116.6276,2.4154],[116.6316,2.3902],[116.6415,2.3902],[116.6503,2.4047],[116.6583,2.3849],[116.6865,2.399],[116.7076,2.3787],[116.7177,2.3832],[116.7177,2.4054],[116.7334,2.4098],[116.7306,2.4244],[116.7523,2.4383],[116.7573,2.4844],[116.7915,2.5089],[116.8064,2.4976],[116.8403,2.5195],[116.8756,2.5071],[116.8875,2.4765],[116.8983,2.5014],[116.9294,2.5026],[116.9294,2.4933],[116.9366,2.4958],[116.9616,2.476],[116.9661,2.4501],[116.982,2.44],[116.9825,2.4319],[117.0002,2.4365],[117.024,2.4586],[117.0155,2.4977],[117.0281,2.5058],[117.0322,2.526],[117.0555,2.5507],[117.0977,2.536],[117.1337,2.5362],[117.1457,2.5396],[117.1568,2.5562],[117.1642,2.5522],[117.172,2.5619],[117.1914,2.5596],[117.2061,2.5689],[117.2222,2.555],[117.2216,2.5449],[117.2058,2.5454],[117.2089,2.5296],[117.1947,2.5232],[117.1922,2.4957],[117.2296,2.4869],[117.2309,2.4794],[117.2885,2.4918],[117.2832,2.5038],[117.2981,2.5089],[117.3074,2.5333],[117.3179,2.5359],[117.3299,2.5234],[117.3353,2.535],[117.3638,2.5387],[117.3926,2.5614],[117.4115,2.5042],[117.4326,2.5015],[117.4416,2.5188],[117.4551,2.5102],[117.4619,2.479],[117.4754,2.5195],[117.471,2.5311],[117.4954,2.532],[117.4993,2.5216],[117.5396,2.5214],[117.5721,2.5015],[117.5879,2.5174],[117.6086,2.5222],[117.6697,2.4481],[117.688,2.4064],[117.7053,2.3972],[117.7213,2.3463],[117.7469,2.3269],[117.761,2.335],[117.8116,2.3264],[117.8243,2.3482],[117.8219,2.3613],[117.8638,2.3929],[117.9003,2.4047],[117.9183,2.3936],[117.9558,2.4156],[117.9587,2.4269],[117.9793,2.4265],[117.9882,2.4351],[117.944,2.4666],[117.8882,2.5378],[117.8002,2.6262],[117.7882,2.6603],[117.7852,2.7483],[117.7461,2.7519],[117.7284,2.7737],[117.6745,2.7868],[117.6769,2.7989],[117.7297,2.8072],[117.737,2.8151],[117.7295,2.8282],[117.6956,2.8375],[117.702,2.8441],[117.6912,2.8531],[117.6744,2.8487],[117.6693,2.856],[117.6843,2.867],[117.7114,2.8646],[117.7195,2.8913],[117.6924,2.8967],[117.6924,2.9034],[117.7099,2.904],[117.7159,2.9115],[117.7037,2.9318],[117.6751,2.9318],[117.6725,2.9394],[117.6961,2.9518],[117.6632,2.9635],[117.6714,2.975],[117.6673,2.9873],[117.6356,2.9787],[117.6139,2.9822],[117.6034,2.9727],[117.5871,2.972],[117.5765,2.9813],[117.6032,3.0097],[117.5995,3.0162],[117.6189,3.0178],[117.6233,3.0585],[117.571,3.046],[117.5504,3.0537],[117.5448,3.0676],[117.5212,3.0683],[117.4411,3.0491],[117.4355,3.0518],[117.4441,3.0778],[117.4787,3.0983],[117.4499,3.1228],[117.4495,3.1281],[117.4651,3.1291],[117.4443,3.1617],[117.421,3.1732],[117.4001,3.1609],[117.3666,3.1815],[117.3392,3.1809],[117.3218,3.1627],[117.3161,3.1654],[117.3076,3.2071],[117.3358,3.2126],[117.348,3.2252],[117.3791,3.2295],[117.4004,3.2613],[117.4177,3.2473],[117.4553,3.2776],[117.4593,3.2723],[117.5167,3.2759],[117.5236,3.2986],[117.5045,3.322],[117.4435,3.3411],[117.3977,3.3136],[117.3854,3.3189],[117.3792,3.308],[117.3917,3.342],[117.3708,3.3571],[117.372,3.3706],[117.353,3.3672],[117.3304,3.3756],[117.3282,3.4018],[117.3122,3.4134],[117.3039,3.4099],[117.2991,3.424],[117.2894,3.4277],[117.2783,3.4043],[117.2831,3.3932],[117.2472,3.3138],[117.226,3.3373],[117.1884,3.3343],[117.1727,3.3584],[117.1333,3.3437],[117.116,3.3483],[117.1108,3.3622],[117.0949,3.3664],[117.0912,3.3904],[117.0668,3.3883],[117.0634,3.4026],[117.0477,3.4069],[117.0026,3.3912],[116.9672,3.4044],[116.9229,3.3842],[116.9001,3.3967],[116.8402,3.3903],[116.7855,3.3708],[116.7742,3.3831],[116.7417,3.3817],[116.7351,3.3698],[116.7071,3.3712],[116.71,3.3539],[116.7244,3.3508],[116.732,3.3328],[116.7407,3.3411],[116.7508,3.3344],[116.761,3.3047],[116.7819,3.2918],[116.7798,3.2737],[116.794,3.2355],[116.78,3.2268],[116.7684,3.165],[116.7408,3.1707],[116.7436,3.1539],[116.7248,3.103],[116.7497,3.0667],[116.745,3.0416],[116.7166,3.0254],[116.6948,3.0285],[116.6631,3.007],[116.6574,2.9739],[116.6368,2.974],[116.6083,2.9484],[116.6144,2.9294],[116.6034,2.9177],[116.5865,2.9165],[116.5838,2.8904],[116.55,2.8785],[116.4927,2.8276],[116.4553,2.8258],[116.4355,2.8116],[116.4321,2.7774],[116.4087,2.7678],[116.3633,2.7145],[116.3267,2.6916],[116.3022,2.6367],[116.2921,2.6323],[116.2966,2.5877],[116.3094,2.5751],[116.3037,2.5464],[116.2706,2.4845],[116.2603,2.4779],[116.2414,2.4891],[116.2289,2.4825],[116.1949,2.44],[116.1786,2.4055],[116.1231,2.3936],[116.104,2.3569],[116.0859,2.3476],[116.0804,2.3326],[116.0602,2.3163],[116.0622,2.3034],[116.0349,2.2557],[115.9884,2.261],[116.011,2.1915],[116.0549,2.1462],[116.0701,2.1614],[116.0938,2.1698],[116.1259,2.165],[116.148,2.1526],[116.1572,2.1236],[116.1903,2.125],[116.2166,2.1126],[116.2228,2.0979]]],[[[117.3988,3.318],[117.3922,3.3192],[117.3988,3.318]]],[[[117.4489,3.0607],[117.4405,3.0554],[117.4489,3.0607]]],[[[117.4403,3.0591],[117.447,3.0692],[117.4403,3.0591]]],[[[117.4748,3.0625],[117.4654,3.0603],[117.4748,3.0625]]],[[[117.4407,3.0675],[117.4448,3.0731],[117.4407,3.0675]]],[[[117.4949,3.0726],[117.4864,3.0706],[117.4949,3.0726]]],[[[117.4945,3.0805],[117.4906,3.0862],[117.4682,3.0818],[117.4495,3.0686],[117.4505,3.0583],[117.4963,3.075],[117.4945,3.0805]]],[[[117.5272,3.0721],[117.5149,3.0722],[117.5272,3.0721]]],[[[117.5083,3.0762],[117.498,3.0722],[117.5133,3.0719],[117.5083,3.0762]]],[[[117.4464,3.0765],[117.447,3.071],[117.4616,3.0816],[117.4464,3.0765]]],[[[117.4943,3.0827],[117.4943,3.0827]]],[[[117.4804,3.0833],[117.4723,3.0839],[117.4804,3.0833]]],[[[117.5452,3.0931],[117.5156,3.0975],[117.4986,3.0816],[117.5188,3.0745],[117.5551,3.0767],[117.5676,3.0822],[117.5689,3.091],[117.5452,3.0931]]],[[[117.4946,3.0921],[117.4859,3.0934],[117.4946,3.0921]]],[[[117.5023,3.0959],[117.5052,3.1039],[117.4891,3.0957],[117.5023,3.0959]]],[[[117.5211,3.1001],[117.5298,3.1002],[117.5211,3.1001]]],[[[117.4979,3.1036],[117.5047,3.1064],[117.4979,3.1036]]],[[[117.4861,3.1051],[117.4883,3.1107],[117.4861,3.1051]]],[[[117.4839,3.1086],[117.4839,3.1086]]],[[[117.4775,3.1083],[117.4775,3.1083]]],[[[117.4707,3.1126],[117.4707,3.1126]]],[[[117.5257,3.1169],[117.5154,3.1143],[117.5257,3.1097],[117.5329,3.1132],[117.5257,3.1169]]],[[[117.4955,3.4066],[117.451,3.4045],[117.4535,3.3479],[117.5016,3.3453],[117.4955,3.4066]]],[[[117.4583,3.5498],[117.4155,3.5569],[117.4139,3.5428],[117.4462,3.5338],[117.4413,3.5108],[117.4624,3.5148],[117.4861,3.4983],[117.5099,3.5047],[117.5472,3.4712],[117.6061,3.4744],[117.6134,3.4812],[117.6094,3.5006],[117.5689,3.5202],[117.5005,3.5455],[117.4583,3.5498]]],[[[117.4842,3.5707],[117.4947,3.5747],[117.4595,3.5899],[117.4673,3.5751],[117.4842,3.5707]]],[[[117.6323,2.9926],[117.6203,2.9884],[117.6344,2.9826],[117.639,2.9876],[117.6323,2.9926]]],[[[117.6416,2.9919],[117.6364,2.9926],[117.6416,2.9919]]],[[[117.6029,3.0645],[117.6237,3.0709],[117.6031,3.0838],[117.5514,3.0718],[117.5695,3.0511],[117.6029,3.0645]]],[[[117.5449,3.0759],[117.5304,3.0744],[117.5449,3.0759]]],[[[117.6319,3.0813],[117.6239,3.0829],[117.6242,3.0768],[117.6389,3.07],[117.6319,3.0813]]],[[[117.6223,3.0824],[117.6223,3.0824]]],[[[117.5777,3.0838],[117.6074,3.0916],[117.5786,3.0932],[117.5717,3.0853],[117.5777,3.0838]]],[[[117.5556,3.0981],[117.537,3.1013],[117.5556,3.0981]]],[[[117.5587,3.1026],[117.5587,3.1026]]],[[[117.5867,3.106],[117.5829,3.1151],[117.5598,3.1058],[117.5681,3.0972],[117.5867,3.106]]],[[[117.5973,3.1255],[117.5822,3.1195],[117.5968,3.1078],[117.6198,3.1124],[117.6141,3.1239],[117.5973,3.1255]]],[[[117.6165,3.1286],[117.6165,3.1286]]],[[[117.6274,3.1578],[117.6274,3.1578]]],[[[117.6311,3.1586],[117.6311,3.1586]]],[[[117.6279,3.161],[117.6279,3.161]]],[[[117.8739,3.4673],[117.8501,3.5372],[117.8234,3.5733],[117.7987,3.5894],[117.7562,3.564],[117.7514,3.5353],[117.7605,3.5133],[117.8263,3.4753],[117.8446,3.4545],[117.8636,3.4484],[117.8739,3.4673]]],[[[117.6571,3.5263],[117.6415,3.5273],[117.6571,3.5263]]],[[[117.5616,3.5482],[117.5745,3.5486],[117.5616,3.5482]]],[[[117.6452,3.5658],[117.5673,3.5877],[117.544,3.5747],[117.5061,3.5849],[117.5347,3.5621],[117.5721,3.5587],[117.6216,3.5367],[117.659,3.5461],[117.6622,3.5541],[117.6452,3.5658]]],[[[117.853,3.5835],[117.8525,3.576],[117.853,3.5835]]]]},"properties":{"kab":"Kabupaten Bulungan","prov":"Kalimantan Utara","n":2,"kj":1,"dd":0,"top":[{"loc":"SMAN 1 Tanjung Selor","n":2,"d":"2025-09-22"}]}},{"type":"Feature","geometry":{"type":"Polygon","coordinates":[[[119.768,-0.8991],[119.7707,-0.8784],[119.7938,-0.8587],[119.8178,-0.858],[119.8308,-0.8973],[119.8221,-0.9012],[119.8334,-0.9145],[119.8323,-0.9425],[119.8744,-0.9234],[119.878,-0.934],[119.9311,-0.9475],[119.9418,-0.9364],[119.9283,-0.9215],[119.9582,-0.9161],[120.0187,-0.8762],[120.0316,-0.8803],[120.0426,-0.8376],[120.0324,-0.7936],[120.0186,-0.7816],[119.995,-0.8077],[119.9695,-0.8124],[119.9609,-0.8019],[119.9468,-0.8048],[119.9189,-0.7946],[119.9018,-0.8001],[119.8971,-0.7746],[119.8721,-0.7736],[119.8712,-0.7651],[119.8955,-0.7648],[119.9082,-0.7556],[119.8776,-0.7342],[119.9076,-0.7311],[119.9373,-0.7059],[119.9294,-0.6969],[119.8778,-0.7046],[119.8721,-0.683],[119.8799,-0.6709],[119.9063,-0.6667],[119.9248,-0.6517],[119.8745,-0.6597],[119.8436,-0.697],[119.8612,-0.7152],[119.8534,-0.736],[119.8605,-0.7553],[119.8578,-0.7785],[119.8826,-0.8217],[119.8696,-0.8831],[119.8378,-0.88],[119.8126,-0.8345],[119.8045,-0.8018],[119.7947,-0.8189],[119.7573,-0.8402],[119.7692,-0.8648],[119.7612,-0.8847],[119.768,-0.8991]]]},"properties":{"kab":"Kota Palu","prov":"Sulawesi Tengah","n":151,"kj":3,"dd":0,"top":[{"loc":"SMK Bina Potensi","n":100,"d":"2025-08-27"},{"loc":"MTs Sis Al-Jufri Tatura","n":45,"d":"2025-08-27"},{"loc":"SDN Inpres Boyaoge","n":6,"d":"2025-09-16"}]}},{"type":"Feature","geometry":{"type":"Polygon","coordinates":[[[97.9838,3.0861],[97.9921,3.0913],[98.0376,3.0782],[98.0358,3.1086],[98.059,3.1103],[98.0778,3.0749],[98.099,3.0708],[98.1095,3.056],[98.1377,3.0483],[98.1595,3.07],[98.1772,3.064],[98.182,3.069],[98.1984,3.0465],[98.1932,3.021],[98.1985,2.9901],[98.2253,2.9497],[98.2489,2.9312],[98.2963,2.9676],[98.3457,2.9659],[98.3698,2.9327],[98.4306,2.9174],[98.4382,2.8919],[98.4842,2.8702],[98.4827,2.8606],[98.5321,2.8794],[98.5408,2.8582],[98.5783,2.83],[98.5783,2.8519],[98.5649,2.8813],[98.5372,2.9042],[98.5347,2.9159],[98.5602,3.0257],[98.5848,3.0502],[98.5819,3.0712],[98.6057,3.1094],[98.6233,3.1049],[98.6294,3.1153],[98.6017,3.1644],[98.6029,3.182],[98.6151,3.1806],[98.6125,3.1948],[98.6271,3.224],[98.6217,3.2325],[98.5583,3.1998],[98.5389,3.2469],[98.4872,3.2364],[98.4714,3.2417],[98.4657,3.2304],[98.45,3.2496],[98.4325,3.2375],[98.3915,3.2708],[98.3783,3.27],[98.3515,3.289],[98.3484,3.2591],[98.3675,3.2464],[98.3577,3.2272],[98.3346,3.2187],[98.2996,3.2263],[98.2927,3.256],[98.2497,3.2529],[98.2328,3.2608],[98.2159,3.2837],[98.2004,3.2774],[98.1812,3.2847],[98.1589,3.2678],[98.1226,3.2665],[98.0963,3.3157],[98.0816,3.3221],[98.0548,3.3189],[98.0293,3.3308],[97.969,3.2737],[97.9048,3.2583],[97.921,3.2413],[97.9322,3.2104],[97.9447,3.2076],[97.9492,3.1881],[97.9406,3.1796],[97.9421,3.1648],[97.9762,3.1309],[97.9838,3.0861]]]},"properties":{"kab":"Kabupaten Karo","prov":"Sumatera Utara","n":361,"kj":1,"dd":0,"top":[{"loc":"SMP Negeri 3 Kabanjahe","n":361,"d":"2026-08-13"}]}},{"type":"Feature","geometry":{"type":"MultiPolygon","coordinates":[[[[122.0601,-5.4913],[122.0481,-5.4898],[121.9937,-5.5234],[122.0292,-5.5189],[122.0601,-5.4913]]],[[[121.9399,-5.4928],[121.9384,-5.4932],[121.9387,-5.4941],[121.9399,-5.4928]]],[[[121.9403,-5.4873],[121.9403,-5.4873]]],[[[122.0835,-5.494],[122.0918,-5.4831],[122.0868,-5.474],[122.0739,-5.4735],[122.0709,-5.4873],[122.0835,-5.494]]],[[[121.9328,-5.4289],[121.9448,-5.4484],[121.9505,-5.4944],[121.9566,-5.4952],[121.9536,-5.4821],[121.9634,-5.4768],[121.9908,-5.475],[121.9983,-5.4663],[122.015,-5.4759],[122.0313,-5.4744],[122.0495,-5.4605],[122.043,-5.4346],[122.0489,-5.4136],[121.9425,-5.4121],[121.9328,-5.4289]]],[[[122.3168,-5.1423],[122.3072,-5.1496],[122.316,-5.1861],[122.3034,-5.201],[122.3158,-5.2383],[122.2686,-5.3131],[122.2667,-5.3736],[122.2733,-5.3889],[122.3248,-5.3967],[122.3651,-5.3889],[122.3817,-5.3682],[122.3703,-5.3408],[122.3768,-5.3253],[122.3975,-5.3129],[122.4342,-5.3123],[122.4471,-5.3158],[122.3823,-5.3326],[122.3968,-5.3826],[122.413,-5.4019],[122.4648,-5.4029],[122.4738,-5.3861],[122.4681,-5.3615],[122.4838,-5.3736],[122.4982,-5.3459],[122.4803,-5.3163],[122.4797,-5.2998],[122.5111,-5.2877],[122.5382,-5.2613],[122.5414,-5.2674],[122.5305,-5.2777],[122.5204,-5.3112],[122.5395,-5.3315],[122.5248,-5.3961],[122.5125,-5.4065],[122.5198,-5.4371],[122.5464,-5.4403],[122.5659,-5.4112],[122.5953,-5.4341],[122.6,-5.4261],[122.5937,-5.4156],[122.6031,-5.407],[122.5934,-5.3916],[122.5947,-5.3643],[122.6167,-5.3456],[122.6246,-5.3462],[122.6186,-5.3715],[122.64,-5.3559],[122.6461,-5.2952],[122.64,-5.2652],[122.6233,-5.2502],[122.5792,-5.254],[122.5925,-5.2303],[122.6069,-5.2232],[122.5614,-5.2279],[122.5511,-5.2103],[122.5282,-5.1951],[122.4716,-5.2294],[122.4497,-5.2346],[122.4073,-5.2098],[122.4076,-5.1916],[122.3757,-5.1929],[122.3736,-5.1836],[122.3673,-5.1863],[122.3534,-5.1511],[122.3168,-5.1423]]]]},"properties":{"kab":"Kabupaten Buton Tengah","prov":"Sulawesi Tenggara","n":117,"kj":1,"dd":0,"top":[{"loc":"Warga Kec. Mawasangka Tengah","n":117,"d":"2025-12-16"}]}},{"type":"Feature","geometry":{"type":"Polygon","coordinates":[[[122.2481,0.9138],[122.2554,0.8634],[122.2476,0.8537],[122.264,0.8436],[122.2548,0.8394],[122.2451,0.8138],[122.2513,0.7912],[122.2823,0.7794],[122.3175,0.7962],[122.3415,0.795],[122.3596,0.7826],[122.3822,0.7802],[122.3985,0.7606],[122.4089,0.7574],[122.4106,0.7643],[122.4309,0.7551],[122.4428,0.7657],[122.4501,0.7537],[122.4718,0.7554],[122.4823,0.7343],[122.4859,0.7421],[122.4902,0.7345],[122.4933,0.7404],[122.5014,0.7358],[122.4934,0.727],[122.5068,0.7087],[122.5437,0.7003],[122.5431,0.6934],[122.5666,0.6771],[122.569,0.6598],[122.5782,0.6622],[122.5795,0.6555],[122.5861,0.6621],[122.5879,0.6535],[122.6008,0.6494],[122.5954,0.6388],[122.6038,0.6406],[122.6113,0.6075],[122.6312,0.5892],[122.6278,0.5832],[122.6392,0.566],[122.6299,0.5332],[122.6362,0.5347],[122.6502,0.515],[122.6852,0.5039],[122.6925,0.4732],[122.722,0.4851],[122.7703,0.4835],[122.7878,0.4946],[122.8158,0.4891],[122.8222,0.4976],[122.8888,0.4859],[122.9038,0.4928],[122.9291,0.4859],[122.9614,0.4933],[122.9892,0.4848],[122.9995,0.4952],[123.0098,0.4893],[123.0179,0.4967],[123.0406,0.496],[123.0376,0.5092],[123.0046,0.5302],[122.995,0.5516],[123.0061,0.5561],[123.0307,0.5474],[123.0268,0.5632],[123.0744,0.6085],[123.0606,0.6138],[123.056,0.6302],[123.0601,0.6593],[123.0777,0.6743],[123.0807,0.6956],[123.0701,0.803],[123.0377,0.7825],[123.0058,0.7829],[122.975,0.7467],[122.9761,0.7263],[122.9528,0.7122],[122.9301,0.7119],[122.9285,0.696],[122.9209,0.6918],[122.9058,0.703],[122.9069,0.7312],[122.8909,0.7512],[122.8801,0.7506],[122.8797,0.7606],[122.8489,0.7618],[122.8242,0.7458],[122.8086,0.7628],[122.785,0.7602],[122.7794,0.771],[122.7556,0.7647],[122.7465,0.777],[122.7152,0.7868],[122.7082,0.7992],[122.6868,0.8064],[122.6785,0.8241],[122.6427,0.848],[122.607,0.852],[122.5996,0.8455],[122.5959,0.863],[122.5795,0.8751],[122.5349,0.8703],[122.5072,0.8867],[122.4934,0.8716],[122.4567,0.8886],[122.4175,0.8849],[122.3585,0.9089],[122.3517,0.921],[122.3335,0.9173],[122.3249,0.9258],[122.2787,0.9103],[122.2611,0.9289],[122.2481,0.9138]]]},"properties":{"kab":"Kota Gorontalo","prov":"Gorontalo","n":11,"kj":1,"dd":0,"top":[{"loc":"SMK Tridarma","n":11,"d":"2025-10-07"}]}},{"type":"Feature","geometry":{"type":"MultiPolygon","coordinates":[[[[106.0411,-5.8761],[106.0159,-5.8941],[106.0174,-5.901],[106.0013,-5.913],[106.0041,-5.9204],[105.9917,-5.923],[106.0027,-5.9478],[105.9938,-5.981],[105.9694,-6.0105],[105.9558,-6.0147],[105.9586,-6.0191],[105.9419,-6.0213],[105.9245,-6.0484],[105.9376,-6.0526],[105.9443,-6.0459],[105.9538,-6.058],[105.9721,-6.0496],[105.987,-6.0622],[105.9848,-6.0379],[106.0035,-6.0463],[106.0296,-6.04],[106.0203,-6.0781],[106.0348,-6.0803],[106.0499,-6.0755],[106.064,-6.0465],[106.0851,-6.0356],[106.088,-6.0025],[106.0659,-5.9938],[106.0579,-5.9587],[106.0314,-5.9338],[106.0448,-5.9116],[106.0411,-5.8761]]],[[[105.989,-5.9307],[105.9876,-5.9372],[105.9937,-5.9332],[105.989,-5.9307]]],[[[105.931,-5.9025],[105.931,-5.9025]]]]},"properties":{"kab":"Kota Cilegon","prov":"Banten","n":79,"kj":3,"dd":0,"top":[{"loc":"MTs Al-Inayah","n":49,"d":"2026-04-16"},{"loc":"SDN Cikerai 2","n":19,"d":"2026-04-20"},{"loc":"SMP PGRI Citangkil","n":11,"d":"2026-04-22"}]}},{"type":"Feature","geometry":{"type":"Polygon","coordinates":[[[106.7924,-6.2078],[106.7976,-6.2293],[106.8227,-6.2027],[106.8538,-6.2066],[106.8618,-6.1939],[106.8751,-6.1923],[106.8813,-6.1625],[106.8451,-6.1534],[106.8307,-6.1351],[106.8213,-6.1369],[106.8283,-6.1623],[106.7982,-6.1614],[106.8106,-6.1889],[106.7924,-6.2078]]]},"properties":{"kab":"Jakarta Pusat","prov":"DKI Jakarta","n":48,"kj":1,"dd":0,"top":[{"loc":"SMPN 71 Jakarta Pusat","n":48,"d":"2026-04-01"}]}},{"type":"Feature","geometry":{"type":"Polygon","coordinates":[[[106.7938,-7.4368],[106.8829,-7.4349],[107.079,-7.4523],[107.2396,-7.488],[107.3512,-7.4996],[107.3998,-7.4938],[107.4067,-7.5022],[107.4261,-7.5028],[107.4204,-7.4617],[107.4314,-7.425],[107.4738,-7.4015],[107.4846,-7.3569],[107.455,-7.2923],[107.4777,-7.2552],[107.4421,-7.2426],[107.4377,-7.2521],[107.4228,-7.2569],[107.3953,-7.2449],[107.3838,-7.2514],[107.3785,-7.2396],[107.3533,-7.2355],[107.3557,-7.2175],[107.343,-7.2044],[107.3311,-7.2073],[107.3184,-7.1904],[107.3055,-7.1942],[107.3062,-7.2041],[107.289,-7.214],[107.2822,-7.2063],[107.2514,-7.2013],[107.2722,-7.1693],[107.2759,-7.1806],[107.3043,-7.1645],[107.3183,-7.1035],[107.3044,-7.0856],[107.2856,-7.0852],[107.2523,-7.0483],[107.2244,-7.0491],[107.2235,-7.0583],[107.1822,-7.0586],[107.1954,-7.0203],[107.1848,-6.9966],[107.1902,-6.9681],[107.2505,-6.9287],[107.2833,-6.9233],[107.3232,-6.8879],[107.3411,-6.8855],[107.3492,-6.8662],[107.3439,-6.8492],[107.338,-6.8576],[107.3252,-6.8528],[107.3142,-6.8007],[107.2912,-6.7884],[107.2844,-6.7744],[107.2904,-6.7367],[107.3015,-6.7253],[107.2878,-6.7078],[107.2714,-6.7074],[107.2515,-6.6941],[107.2675,-6.644],[107.2272,-6.6022],[107.2256,-6.6212],[107.2133,-6.6274],[107.2123,-6.6404],[107.1796,-6.6463],[107.1697,-6.6389],[107.1351,-6.6701],[107.121,-6.6633],[107.0685,-6.6652],[107.0513,-6.6566],[106.9925,-6.6678],[107.004,-6.6883],[106.9866,-6.7202],[106.985,-6.7447],[106.9682,-6.7544],[106.9644,-6.767],[106.9929,-6.799],[106.9961,-6.8347],[107.0311,-6.8709],[107.0318,-6.8968],[107.0483,-6.9104],[107.0485,-6.9421],[107.064,-6.9615],[107.0415,-6.9629],[107.0323,-6.9812],[107.0594,-7.0232],[107.0417,-7.0456],[107.0114,-7.0301],[106.9958,-7.0314],[106.9824,-7.0137],[106.9584,-7.0333],[106.9364,-7.1171],[106.9423,-7.1328],[106.9658,-7.1447],[106.9675,-7.1558],[106.958,-7.1651],[106.9747,-7.1854],[106.968,-7.1964],[106.9826,-7.2224],[106.98,-7.2412],[106.9675,-7.2452],[106.9606,-7.2594],[106.976,-7.285],[106.9672,-7.3122],[106.9515,-7.3215],[106.9409,-7.3177],[106.9346,-7.334],[106.9162,-7.3225],[106.9087,-7.3497],[106.8953,-7.3414],[106.8768,-7.3535],[106.8738,-7.3644],[106.8692,-7.3556],[106.8557,-7.362],[106.8579,-7.3542],[106.8226,-7.3631],[106.7947,-7.3972],[106.7771,-7.402],[106.7819,-7.4161],[106.7894,-7.409],[106.7938,-7.4368]]]},"properties":{"kab":"Kabupaten Cianjur","prov":"Jawa Barat","n":909,"kj":11,"dd":1,"top":[{"loc":"SDN Wargasari","n":300,"d":"2026-01-27"},{"loc":"MTS Al - Hidayah","n":250,"d":"2026-08-06"},{"loc":"Desa Sukasirna","n":134,"d":"2026-04-17"}]}},{"type":"Feature","geometry":{"type":"MultiPolygon","coordinates":[[[[104.7478,-4.2478],[104.774,-4.2503],[104.7925,-4.2666],[104.7967,-4.2507],[104.8279,-4.2388],[104.8556,-4.2413],[104.8641,-4.2316],[104.8725,-4.2356],[104.8751,-4.2181],[104.8901,-4.2174],[104.894,-4.2078],[104.9027,-4.21],[104.9061,-4.201],[104.9274,-4.192],[104.9462,-4.1921],[104.9676,-4.1711],[105.014,-4.1737],[105.0283,-4.1457],[105.0493,-4.1417],[105.063,-4.1258],[105.0614,-4.0972],[105.0782,-4.0859],[105.0948,-4.0458],[105.1198,-4.0471],[105.121,-4.0345],[105.1083,-4.0304],[105.1055,-4.0196],[105.1154,-3.9979],[105.1283,-3.9986],[105.1343,-3.9904],[105.1437,-3.9584],[105.1359,-3.9487],[105.1386,-3.9363],[105.1516,-3.9315],[105.1654,-3.9376],[105.1777,-3.9072],[105.2045,-3.8911],[105.2298,-3.8896],[105.245,-3.9062],[105.2776,-3.8764],[105.293,-3.8427],[105.2821,-3.8285],[105.2839,-3.7982],[105.3041,-3.7923],[105.3188,-3.7326],[105.3325,-3.7237],[105.3497,-3.7486],[105.3578,-3.7968],[105.3678,-3.7973],[105.3879,-3.7789],[105.4329,-3.7835],[105.4312,-3.8249],[105.4599,-3.8282],[105.48,-3.8217],[105.4927,-3.841],[105.5228,-3.8395],[105.5262,-3.8494],[105.5122,-3.873],[105.5239,-3.8932],[105.5321,-3.8957],[105.548,-3.8808],[105.5734,-3.901],[105.5625,-3.9284],[105.5815,-3.9371],[105.6002,-3.9254],[105.61,-3.9419],[105.59,-3.9541],[105.611,-3.9649],[105.6307,-4.0039],[105.6044,-4.0526],[105.6189,-4.0565],[105.6248,-4.0393],[105.6391,-4.0487],[105.6622,-4.0469],[105.6625,-4.055],[105.6452,-4.0644],[105.6505,-4.0846],[105.6638,-4.0903],[105.6789,-4.074],[105.685,-4.0978],[105.7085,-4.1017],[105.7003,-4.1353],[105.7267,-4.1304],[105.7454,-4.1436],[105.7686,-4.133],[105.7755,-4.1109],[105.8112,-4.1261],[105.8214,-4.1572],[105.8453,-4.16],[105.847,-4.0926],[105.8626,-4.0323],[105.8861,-3.974],[105.9516,-3.8641],[105.961,-3.8279],[105.9264,-3.7757],[105.8626,-3.7419],[105.8509,-3.743],[105.8308,-3.7107],[105.821,-3.6522],[105.8262,-3.5939],[105.8855,-3.4288],[105.899,-3.4191],[105.9298,-3.3604],[105.9448,-3.3552],[105.9538,-3.3364],[106.0119,-3.2961],[106.0841,-3.2618],[106.0965,-3.2401],[106.0954,-3.2199],[106.0476,-3.1209],[106.0555,-3.0634],[106.0417,-2.9869],[106.0149,-2.9692],[105.9751,-2.963],[105.9588,-2.9434],[105.9364,-2.9612],[105.8832,-2.9661],[105.847,-2.9508],[105.8109,-2.9152],[105.7823,-2.8567],[105.7876,-2.7614],[105.7794,-2.6826],[105.7403,-2.6896],[105.6909,-2.683],[105.6558,-2.6632],[105.626,-2.6295],[105.6101,-2.5961],[105.6036,-2.5526],[105.6079,-2.5066],[105.6335,-2.4362],[105.6224,-2.3916],[105.5804,-2.4182],[105.5255,-2.4231],[105.4952,-2.4401],[105.4948,-2.451],[105.4808,-2.4466],[105.4707,-2.4554],[105.4724,-2.4643],[105.4264,-2.4484],[105.4015,-2.4574],[105.3774,-2.4452],[105.3616,-2.4531],[105.3512,-2.4455],[105.3347,-2.4481],[105.3349,-2.4606],[105.3064,-2.4887],[105.3119,-2.4998],[105.2854,-2.5091],[105.2595,-2.5485],[105.247,-2.5548],[105.2404,-2.5433],[105.23,-2.5416],[105.2129,-2.5604],[105.1989,-2.5891],[105.2098,-2.6073],[105.2052,-2.631],[105.1996,-2.6374],[105.1801,-2.6344],[105.1739,-2.6462],[105.1958,-2.6574],[105.2145,-2.6849],[105.2155,-2.7183],[105.2058,-2.7323],[105.2204,-2.7478],[105.255,-2.7559],[105.2491,-2.808],[105.2782,-2.8267],[105.2786,-2.8516],[105.2571,-2.8558],[105.2589,-2.8818],[105.2702,-2.898],[105.2852,-2.8827],[105.299,-2.9041],[105.3009,-2.934],[105.2897,-2.9386],[105.2885,-2.958],[105.305,-2.9792],[105.293,-2.994],[105.2818,-2.9756],[105.2609,-2.9817],[105.2543,-3.004],[105.2326,-3.0213],[105.2171,-3.1014],[105.209,-3.1097],[105.1891,-3.1068],[105.1806,-3.0594],[105.1543,-2.9865],[105.1409,-2.9518],[105.1268,-2.9415],[105.0833,-3.0001],[105.0843,-3.1049],[105.0625,-3.1041],[105.0444,-3.114],[105.0503,-3.1485],[105.0004,-3.1572],[104.9837,-3.1531],[104.9614,-3.1684],[104.9425,-3.1581],[104.9232,-3.1594],[104.9019,-3.1489],[104.9026,-3.1415],[104.8838,-3.1422],[104.8869,-3.1073],[104.88,-3.0989],[104.8549,-3.11],[104.8303,-3.0908],[104.8301,-3.074],[104.7967,-3.0726],[104.7919,-3.1136],[104.7999,-3.1206],[104.793,-3.1309],[104.8141,-3.1328],[104.8182,-3.1437],[104.8053,-3.1539],[104.8123,-3.1576],[104.809,-3.168],[104.7991,-3.1732],[104.807,-3.1786],[104.7986,-3.1863],[104.8109,-3.2032],[104.8134,-3.2376],[104.7906,-3.2378],[104.793,-3.2484],[104.7871,-3.2494],[104.7878,-3.258],[104.8013,-3.2662],[104.7989,-3.2739],[104.8089,-3.2729],[104.8264,-3.3187],[104.8058,-3.4121],[104.8141,-3.4174],[104.8161,-3.4506],[104.7855,-3.4671],[104.7683,-3.4607],[104.7606,-3.4794],[104.7483,-3.4873],[104.7352,-3.484],[104.726,-3.4665],[104.7009,-3.4666],[104.6682,-3.499],[104.6608,-3.4959],[104.6595,-3.5171],[104.649,-3.5286],[104.6493,-3.5607],[104.6395,-3.5736],[104.6434,-3.5817],[104.6513,-3.5759],[104.6355,-3.5906],[104.632,-3.6152],[104.66,-3.6504],[104.6648,-3.6395],[104.6517,-3.6353],[104.6474,-3.6219],[104.6684,-3.6342],[104.6723,-3.6234],[104.6645,-3.6274],[104.6588,-3.616],[104.6712,-3.6193],[104.6814,-3.6377],[104.7047,-3.6201],[104.6953,-3.6473],[104.6983,-3.6602],[104.7185,-3.6568],[104.711,-3.6655],[104.7218,-3.6791],[104.752,-3.6848],[104.7601,-3.7052],[104.7733,-3.7088],[104.7771,-3.7292],[104.8017,-3.7355],[104.7994,-3.757],[104.8351,-3.7479],[104.8771,-3.81],[104.8717,-3.8387],[104.877,-3.8626],[104.8606,-3.8739],[104.8493,-3.911],[104.8872,-3.9098],[104.8977,-3.9251],[104.8546,-3.9535],[104.8681,-3.9573],[104.8996,-3.9417],[104.9297,-3.9496],[104.9113,-4.0064],[104.8726,-4.021],[104.8532,-4.0362],[104.8464,-4.0538],[104.8284,-4.0639],[104.8345,-4.0994],[104.8225,-4.1093],[104.8036,-4.1108],[104.7905,-4.127],[104.7855,-4.1714],[104.7773,-4.1739],[104.76,-4.2128],[104.745,-4.2266],[104.7478,-4.2478]]],[[[106.216,-3.2161],[106.2191,-3.2214],[106.216,-3.2161]]]]},"properties":{"kab":"Kabupaten Ogan Komering Ilir","prov":"Sumatera Selatan","n":80,"kj":1,"dd":0,"top":[{"loc":"SD Negeri 1 Pedamaran","n":80,"d":"2025-09-02"}]}},{"type":"Feature","geometry":{"type":"MultiPolygon","coordinates":[[[[105.196,-4.5943],[105.216,-4.6005],[105.2121,-4.6354],[105.2452,-4.6404],[105.2621,-4.6352],[105.2632,-4.6224],[105.273,-4.6257],[105.2934,-4.6169],[105.3121,-4.5797],[105.3281,-4.575],[105.3398,-4.5531],[105.3534,-4.5506],[105.3537,-4.5387],[105.369,-4.5218],[105.3884,-4.5145],[105.412,-4.5186],[105.419,-4.5077],[105.4438,-4.5028],[105.4516,-4.4926],[105.4647,-4.4966],[105.4719,-4.4898],[105.4782,-4.4968],[105.4915,-4.4825],[105.4971,-4.4948],[105.5103,-4.4916],[105.535,-4.5091],[105.5336,-4.5203],[105.5706,-4.5193],[105.5816,-4.5354],[105.5905,-4.5139],[105.6023,-4.5218],[105.6202,-4.5181],[105.632,-4.4825],[105.6453,-4.4831],[105.6412,-4.5019],[105.6472,-4.5094],[105.6717,-4.4989],[105.6804,-4.4851],[105.6973,-4.4954],[105.6929,-4.5125],[105.7063,-4.5182],[105.7085,-4.5283],[105.7233,-4.5279],[105.732,-4.5372],[105.7519,-4.5215],[105.7581,-4.5317],[105.7733,-4.5323],[105.771,-4.5529],[105.7838,-4.5566],[105.7897,-4.5495],[105.7975,-4.5567],[105.7936,-4.5796],[105.8046,-4.586],[105.779,-4.6048],[105.7814,-4.6343],[105.8095,-4.6537],[105.8274,-4.6404],[105.8376,-4.6197],[105.844,-4.6303],[105.8573,-4.6326],[105.8534,-4.6762],[105.8978,-4.6831],[105.9147,-4.6422],[105.89,-4.628],[105.8825,-4.5872],[105.9054,-4.5508],[105.8989,-4.4938],[105.9128,-4.4387],[105.89,-4.4383],[105.8649,-4.4113],[105.8522,-4.4108],[105.8576,-4.3778],[105.8376,-4.3644],[105.8199,-4.3385],[105.8138,-4.2969],[105.8259,-4.1914],[105.8129,-4.1282],[105.7704,-4.1127],[105.7695,-4.1311],[105.755,-4.1443],[105.7547,-4.1949],[105.7217,-4.1984],[105.7198,-4.1855],[105.6829,-4.189],[105.6524,-4.1962],[105.6527,-4.2176],[105.6168,-4.2232],[105.6059,-4.2193],[105.6048,-4.1959],[105.5297,-4.1659],[105.5069,-4.1659],[105.5031,-4.1356],[105.4672,-4.135],[105.467,-4.1624],[105.4593,-4.1665],[105.4225,-4.1625],[105.4247,-4.1221],[105.4138,-4.1191],[105.4002,-4.1197],[105.4007,-4.1383],[105.3902,-4.1411],[105.3878,-4.1313],[105.366,-4.1296],[105.3667,-4.1589],[105.3122,-4.1568],[105.2761,-4.1845],[105.2216,-4.1957],[105.2266,-4.2097],[105.2155,-4.2146],[105.2196,-4.2248],[105.1887,-4.2422],[105.189,-4.2686],[105.1563,-4.2676],[105.1578,-4.3002],[105.1782,-4.2968],[105.2021,-4.3258],[105.1946,-4.3546],[105.2229,-4.3436],[105.2206,-4.3301],[105.2356,-4.3291],[105.2255,-4.3371],[105.2254,-4.348],[105.2329,-4.3513],[105.2362,-4.3684],[105.2072,-4.3524],[105.1954,-4.3563],[105.2162,-4.3917],[105.2453,-4.3855],[105.2553,-4.4016],[105.2442,-4.3973],[105.2254,-4.4167],[105.213,-4.4158],[105.2129,-4.4284],[105.203,-4.4286],[105.2045,-4.4636],[105.1844,-4.4735],[105.1779,-4.5231],[105.1589,-4.5429],[105.1755,-4.5465],[105.1711,-4.5632],[105.1802,-4.5649],[105.196,-4.5943]]],[[[105.8976,-4.6282],[105.8976,-4.6282]]]]},"properties":{"kab":"Kabupaten Tulang Bawang","prov":"Lampung","n":35,"kj":1,"dd":0,"top":[{"loc":"SDN 1 Kibang","n":35,"d":"2026-02-24"}]}},{"type":"Feature","geometry":{"type":"MultiPolygon","coordinates":[[[[108.9785,0.9974],[109.0473,1.0081],[109.0833,1.001],[109.0931,0.9904],[109.0957,1.0047],[109.1295,1.0179],[109.1462,1.0095],[109.1503,0.9787],[109.1627,0.9714],[109.1738,0.9785],[109.1726,0.966],[109.1903,0.9587],[109.2127,0.9724],[109.223,1.0002],[109.2417,1.0185],[109.3134,1.0269],[109.378,0.9981],[109.3892,1.0165],[109.4062,1.0216],[109.4247,1.0449],[109.4418,1.0431],[109.445,1.0295],[109.4782,1.0144],[109.5032,1.0234],[109.5232,1.0675],[109.5216,1.0858],[109.5326,1.114],[109.546,1.1318],[109.5534,1.1311],[109.5615,1.1887],[109.5901,1.1992],[109.5911,1.2153],[109.6206,1.2414],[109.6183,1.2907],[109.6254,1.3197],[109.6068,1.3284],[109.6158,1.3622],[109.5769,1.3805],[109.6079,1.3888],[109.6022,1.3998],[109.6098,1.4309],[109.6397,1.4423],[109.6529,1.4346],[109.6783,1.4475],[109.7039,1.4749],[109.7193,1.4762],[109.7535,1.527],[109.7467,1.5437],[109.7218,1.5628],[109.707,1.5864],[109.6968,1.5882],[109.6885,1.6098],[109.662,1.6174],[109.6578,1.6366],[109.667,1.6519],[109.6609,1.6932],[109.6699,1.6993],[109.6677,1.7331],[109.6855,1.7821],[109.6354,1.8054],[109.5863,1.7919],[109.5792,1.805],[109.5865,1.8126],[109.5824,1.8355],[109.5762,1.8467],[109.5637,1.8433],[109.5533,1.8536],[109.558,1.8718],[109.5496,1.8773],[109.5388,1.9118],[109.5381,1.9271],[109.5562,1.9288],[109.567,1.9457],[109.5517,1.9562],[109.5533,1.9659],[109.5764,1.9778],[109.6006,1.9739],[109.6273,1.9907],[109.6382,2.0277],[109.6303,2.0459],[109.6449,2.0815],[109.6255,2.065],[109.5849,1.9901],[109.4765,1.9824],[109.4525,1.9743],[109.4318,1.9513],[109.3376,1.9433],[109.3222,1.9267],[109.3435,1.8747],[109.3346,1.8575],[109.34,1.8624],[109.3374,1.8336],[109.2877,1.7769],[109.3004,1.7678],[109.2819,1.7217],[109.2703,1.7153],[109.255,1.6641],[109.22,1.6324],[109.1186,1.5793],[109.0539,1.5171],[109.0369,1.4572],[109.0426,1.3559],[109.035,1.3285],[108.9895,1.276],[108.9874,1.255],[108.9644,1.2187],[108.9623,1.1988],[108.979,1.1847],[108.9689,1.1851],[108.97,1.1747],[108.9561,1.166],[108.9274,1.1756],[108.9034,1.168],[108.9318,1.0972],[108.9668,1.0445],[108.9785,0.9974]]],[[[108.982,1.27],[108.982,1.27]]]]},"properties":{"kab":"Kabupaten Sambas","prov":"Kalimantan Barat","n":15,"kj":1,"dd":0,"top":[{"loc":"SD (Spesiftik tidak disebutkan)","n":15,"d":"2026-05-22"}]}},{"type":"Feature","geometry":{"type":"MultiPolygon","coordinates":[[[[96.9425,3.5739],[97.0027,3.5461],[97.0503,3.456],[97.0605,3.4541],[97.0631,3.4301],[97.0719,3.4276],[97.0857,3.3941],[97.1244,3.3505],[97.1277,3.3188],[97.1436,3.3104],[97.1694,3.2576],[97.1796,3.2498],[97.1937,3.2608],[97.198,3.2511],[97.2237,3.2426],[97.2241,3.2317],[97.2426,3.2354],[97.2585,3.2198],[97.2776,3.1812],[97.316,3.0551],[97.391,2.9661],[97.447,2.9239],[97.4853,2.9212],[97.5405,2.8842],[97.5546,2.8931],[97.578,2.8915],[97.5935,2.8791],[97.6146,2.8334],[97.65,2.6761],[97.6632,2.3996],[97.665,2.3949],[97.7279,2.4195],[97.791,2.4984],[97.7955,2.5484],[97.8252,2.6369],[97.8134,2.6531],[97.8172,2.6673],[97.7665,2.7881],[97.7876,2.7995],[97.7846,2.8049],[97.8577,2.843],[97.8586,2.8819],[97.9057,2.9118],[97.9071,2.9551],[97.9004,2.9663],[97.8148,2.983],[97.8073,2.9607],[97.7982,2.975],[97.7722,2.9609],[97.7536,2.9271],[97.6381,2.9565],[97.6335,3.0072],[97.6429,3.0299],[97.6145,3.0941],[97.5169,3.1705],[97.4774,3.217],[97.4641,3.2679],[97.4747,3.3232],[97.4403,3.3961],[97.3983,3.4504],[97.4509,3.5359],[97.4839,3.5427],[97.4842,3.5591],[97.4697,3.5741],[97.4623,3.6196],[97.4351,3.6361],[97.4035,3.6156],[97.3929,3.6329],[97.3733,3.6389],[97.3575,3.6221],[97.295,3.5952],[97.2811,3.6469],[97.2596,3.6526],[97.2201,3.6792],[97.1545,3.7415],[97.1417,3.7253],[97.1311,3.6843],[97.1064,3.6692],[97.0671,3.6261],[97.0469,3.6177],[97.036,3.6012],[97.0003,3.6168],[96.9695,3.6183],[96.9425,3.5739]]],[[[97.0003,3.5263],[97.0003,3.5263]]],[[[97.5176,2.8813],[97.5176,2.8813]]],[[[97.5138,2.8874],[97.5138,2.8874]]]]},"properties":{"kab":"Kabupaten Aceh Selatan","prov":"Nanggroe Aceh Darussalam","n":18,"kj":1,"dd":0,"top":[{"loc":"PAUD (Spesifik tidak disebutkan)","n":18,"d":"2026-02-26"}]}},{"type":"Feature","geometry":{"type":"Polygon","coordinates":[[[119.6969,-3.3867],[119.702,-3.4248],[119.6926,-3.4266],[119.6951,-3.4466],[119.6855,-3.451],[119.7062,-3.4728],[119.705,-3.4871],[119.6922,-3.5019],[119.7018,-3.5236],[119.6998,-3.5449],[119.7221,-3.5643],[119.7239,-3.5889],[119.7402,-3.6148],[119.7437,-3.6487],[119.765,-3.6864],[119.7588,-3.7125],[119.7982,-3.7288],[119.8161,-3.7447],[119.8232,-3.7673],[119.8459,-3.779],[119.8605,-3.8113],[119.873,-3.8187],[119.9067,-3.8227],[119.9374,-3.803],[119.9438,-3.8097],[119.9606,-3.804],[119.9693,-3.789],[119.9489,-3.778],[119.9404,-3.7614],[119.9383,-3.7195],[119.9321,-3.7197],[119.9372,-3.7086],[119.925,-3.7007],[119.9229,-3.6854],[119.9516,-3.6603],[119.9708,-3.6673],[119.9705,-3.6605],[119.9955,-3.6596],[119.9921,-3.6304],[120.0073,-3.6227],[120.0272,-3.5957],[120.0373,-3.5474],[120.0615,-3.5371],[120.1003,-3.4773],[120.0751,-3.446],[120.0598,-3.4061],[120.0398,-3.4096],[120.0254,-3.3881],[120.0414,-3.3683],[120.0017,-3.3343],[120.0059,-3.3185],[119.9975,-3.3031],[119.9882,-3.3079],[119.9663,-3.2914],[119.9379,-3.2937],[119.921,-3.2645],[119.8819,-3.2568],[119.878,-3.2697],[119.8613,-3.2697],[119.8503,-3.2808],[119.8422,-3.263],[119.829,-3.2653],[119.8151,-3.2455],[119.7817,-3.2376],[119.7739,-3.2454],[119.7704,-3.2742],[119.7305,-3.294],[119.7158,-3.2868],[119.7133,-3.3137],[119.7238,-3.3299],[119.7254,-3.3828],[119.6969,-3.3867]]]},"properties":{"kab":"Kabupaten Enrekang","prov":"Sulawesi Selatan","n":17,"kj":1,"dd":0,"top":[{"loc":"SDN 120 Baroko","n":17,"d":"2026-03-31"}]}},{"type":"Feature","geometry":{"type":"Polygon","coordinates":[[[119.3668,-9.3789],[119.3249,-9.3714],[119.2985,-9.3571],[119.2562,-9.3698],[119.2197,-9.391],[119.1948,-9.3752],[119.1781,-9.3748],[119.1013,-9.4215],[119.0813,-9.4191],[119.033,-9.431],[118.9898,-9.4563],[118.965,-9.4817],[118.9404,-9.5168],[118.9279,-9.5576],[118.9861,-9.6077],[119.026,-9.6747],[119.1178,-9.7265],[119.1425,-9.7291],[119.1486,-9.7186],[119.1411,-9.6907],[119.1522,-9.6853],[119.1661,-9.6585],[119.1872,-9.6489],[119.2028,-9.653],[119.2036,-9.6706],[119.228,-9.6882],[119.2647,-9.6786],[119.2779,-9.6844],[119.3089,-9.6343],[119.3344,-9.6287],[119.3547,-9.6132],[119.366,-9.6158],[119.3828,-9.5813],[119.4036,-9.5601],[119.4051,-9.5478],[119.393,-9.5387],[119.3951,-9.5174],[119.3671,-9.4667],[119.3769,-9.4233],[119.3725,-9.4162],[119.3815,-9.4132],[119.3668,-9.3789]]]},"properties":{"kab":"Kabupaten Sumba Barat Daya","prov":"Nusa Tenggara Timur","n":327,"kj":4,"dd":0,"top":[{"loc":"SMA Manda Elu","n":252,"d":"2025-11-10"},{"loc":"SMAN 1 Kota Tambolaka","n":58,"d":"2025-07-23"},{"loc":"SMK Don Bosco","n":10,"d":"2025-07-23"}]}},{"type":"Feature","geometry":{"type":"MultiPolygon","coordinates":[[[[102.6439,-1.1269],[102.6436,-1.1192],[102.6832,-1.0959],[102.6816,-1.0814],[102.6913,-1.0855],[102.7047,-1.075],[102.7102,-1.0818],[102.7149,-1.0743],[102.729,-1.0802],[102.7317,-1.0497],[102.751,-1.044],[102.7532,-1.0238],[102.7809,-1.0322],[102.7693,-1.0116],[102.7858,-0.9792],[102.86,-0.9278],[102.9278,-0.8661],[103.0036,-0.7547],[103.0808,-0.7619],[103.1118,-0.7466],[103.2082,-0.7571],[103.2776,-0.7763],[103.2908,-0.7719],[103.3015,-0.7813],[103.3025,-0.7655],[103.3122,-0.7647],[103.3464,-0.7792],[103.3528,-0.7992],[103.4017,-0.7873],[103.4089,-0.77],[103.4372,-0.7781],[103.4458,-0.75],[103.4411,-0.7317],[103.4279,-0.7342],[103.4372,-0.7115],[103.4062,-0.7063],[103.4045,-0.6922],[103.4256,-0.6659],[103.4214,-0.6548],[103.4066,-0.6475],[103.4067,-0.6372],[103.4251,-0.6281],[103.4321,-0.6125],[103.4239,-0.5992],[103.4378,-0.5386],[103.4213,-0.5297],[103.4214,-0.5219],[103.4563,-0.5059],[103.5074,-0.5166],[103.5437,-0.5035],[103.6064,-0.4361],[103.6061,-0.4202],[103.5841,-0.4009],[103.5909,-0.3913],[103.6215,-0.3904],[103.6954,-0.3553],[103.7857,-0.342],[103.7596,-0.3004],[103.7089,-0.2564],[103.665,-0.2535],[103.6397,-0.2254],[103.5579,-0.2161],[103.5305,-0.2236],[103.5115,-0.2016],[103.4713,-0.2096],[103.4556,-0.1838],[103.5011,-0.1471],[103.495,-0.1327],[103.4692,-0.12],[103.4735,-0.1021],[103.4948,-0.0841],[103.5138,-0.0916],[103.5808,-0.0623],[103.5956,-0.0389],[103.5872,-0.032],[103.5695,-0.0355],[103.6141,-0.0061],[103.6297,-0.0159],[103.6631,-0.0156],[103.685,-0.0277],[103.762,-0.0094],[103.8077,-0.0117],[103.8136,-0.0036],[103.7807,0.0751],[103.7578,0.2108],[103.713,0.2963],[103.6565,0.3344],[103.6029,0.3458],[103.5853,0.3933],[103.5347,0.4379],[103.4879,0.46],[103.4125,0.522],[103.3474,0.5385],[103.3516,0.4848],[103.2691,0.438],[103.2114,0.3688],[103.0736,0.3134],[102.8469,0.1522],[102.7874,0.1183],[102.7169,0.0935],[102.7168,-0.1639],[102.6899,-0.163],[102.69,-0.2402],[102.6903,-0.246],[102.7168,-0.2447],[102.7201,-0.4621],[102.7074,-0.4773],[102.6921,-0.4692],[102.6864,-0.5126],[102.7057,-0.5277],[102.7186,-0.5584],[102.6861,-0.564],[102.6906,-0.6529],[102.6509,-0.6811],[102.6409,-0.7078],[102.6374,-0.7446],[102.6679,-0.7634],[102.6766,-0.7777],[102.6288,-0.8178],[102.5805,-0.8732],[102.5646,-0.9182],[102.5746,-1.0068],[102.6014,-1.0425],[102.6067,-1.0978],[102.6302,-1.1075],[102.6321,-1.1242],[102.6439,-1.1269]]],[[[103.5115,-0.1062],[103.5182,-0.1029],[103.5003,-0.0864],[103.4732,-0.1072],[103.5011,-0.1197],[103.5033,-0.1066],[103.5115,-0.1062]]],[[[103.5582,-0.4922],[103.5532,-0.4934],[103.5582,-0.4922]]],[[[103.5523,-0.1764],[103.516,-0.1815],[103.4788,-0.2014],[103.5144,-0.198],[103.5307,-0.2055],[103.5657,-0.1952],[103.5664,-0.1807],[103.5523,-0.1764]]],[[[103.5983,-0.1184],[103.5899,-0.1211],[103.5983,-0.1184]]],[[[103.582,-0.0808],[103.5773,-0.0741],[103.5236,-0.0898],[103.5151,-0.0946],[103.5192,-0.1043],[103.5042,-0.1069],[103.5046,-0.1182],[103.5329,-0.1227],[103.5616,-0.1137],[103.5892,-0.098],[103.5923,-0.091],[103.582,-0.0808]]],[[[103.667,-0.0525],[103.681,-0.039],[103.665,-0.0235],[103.6354,-0.0166],[103.6483,-0.0446],[103.667,-0.0525]]],[[[103.6264,-0.0161],[103.6136,-0.0093],[103.6004,-0.0221],[103.6261,-0.0458],[103.6475,-0.0495],[103.639,-0.0219],[103.6264,-0.0161]]],[[[103.6624,-0.0167],[103.6544,-0.0166],[103.6624,-0.0167]]],[[[103.5678,0.44],[103.5468,0.4492],[103.5407,0.4422],[103.5881,0.4076],[103.5851,0.4234],[103.5678,0.44]]]]},"properties":{"kab":"Kabupaten Indragiri Hilir","prov":"Riau","n":28,"kj":1,"dd":0,"top":[{"loc":"SDN 032 Tembilahan","n":28,"d":"2025-08-22"}]}},{"type":"Feature","geometry":{"type":"Polygon","coordinates":[[[96.3433,5.2265],[96.335,5.1505],[96.3482,5.1255],[96.3458,5.1104],[96.3552,5.0921],[96.3479,5.0798],[96.3644,5.0385],[96.3462,5.0154],[96.3471,4.9953],[96.3273,4.9624],[96.34,4.9453],[96.3652,4.942],[96.3766,4.9304],[96.4025,4.9411],[96.4346,4.9374],[96.4638,4.9142],[96.4709,4.8913],[96.4807,4.8892],[96.5159,4.9046],[96.5387,4.936],[96.6277,4.9685],[96.6662,4.9603],[96.682,4.972],[96.746,4.966],[96.7787,4.9515],[96.7865,4.94],[96.821,4.9954],[96.8202,5.0381],[96.838,5.0619],[96.8336,5.0888],[96.8757,5.1172],[96.8781,5.1366],[96.8912,5.1519],[96.8914,5.179],[96.9111,5.188],[96.9162,5.2062],[96.9253,5.2113],[96.9109,5.2156],[96.9169,5.2226],[96.9081,5.2221],[96.9146,5.2244],[96.9062,5.2442],[96.9116,5.2483],[96.8796,5.2489],[96.8645,5.2716],[96.8485,5.2768],[96.7299,5.2489],[96.6407,5.2141],[96.581,5.2114],[96.532,5.1984],[96.489,5.2068],[96.4653,5.237],[96.3983,5.2096],[96.3433,5.2265]]]},"properties":{"kab":"Kabupaten Bireuen","prov":"Nanggroe Aceh Darussalam","n":140,"kj":1,"dd":0,"top":[{"loc":"warga Simpang Mamplam dan Pandrah","n":140,"d":"2026-02-26"}]}},{"type":"Feature","geometry":{"type":"Polygon","coordinates":[[[108.5592,-7.3323],[108.5466,-7.3443],[108.535,-7.3438],[108.5243,-7.359],[108.4892,-7.35],[108.4701,-7.3614],[108.4782,-7.3694],[108.4695,-7.3804],[108.5286,-7.414],[108.5548,-7.4192],[108.5671,-7.4445],[108.6002,-7.3945],[108.6156,-7.4058],[108.6315,-7.3821],[108.6505,-7.3882],[108.6648,-7.3469],[108.648,-7.337],[108.6445,-7.3457],[108.5834,-7.3498],[108.5757,-7.3345],[108.5592,-7.3323]]]},"properties":{"kab":"Kota Banjar","prov":"Jawa Barat","n":79,"kj":1,"dd":0,"top":[{"loc":"SMPN 3 Banjar","n":79,"d":"2025-10-01"}]}},{"type":"Feature","geometry":{"type":"MultiPolygon","coordinates":[[[[112.0815,-7.3826],[112.1059,-7.3835],[112.2113,-7.3486],[112.25,-7.3632],[112.2755,-7.3569],[112.2948,-7.3595],[112.2934,-7.3647],[112.3023,-7.3571],[112.3128,-7.3647],[112.3078,-7.3518],[112.3458,-7.3451],[112.3593,-7.3265],[112.3888,-7.3215],[112.4102,-7.3053],[112.4124,-7.2729],[112.3973,-7.2649],[112.4191,-7.2318],[112.4348,-7.2285],[112.4557,-7.2072],[112.5015,-7.1918],[112.5059,-7.1636],[112.47,-7.1588],[112.476,-7.1257],[112.4981,-7.1255],[112.5013,-7.1068],[112.5172,-7.1075],[112.5343,-7.0974],[112.5317,-7.082],[112.5525,-7.0505],[112.5414,-7.0534],[112.5243,-7.0391],[112.5192,-7.0471],[112.4985,-7.0308],[112.497,-7.0242],[112.5118,-7.0127],[112.5014,-7.0109],[112.498,-7.0174],[112.495,-7.0083],[112.4804,-7.0107],[112.4805,-7.0029],[112.4529,-7.0158],[112.4513,-7.0009],[112.4272,-7.0022],[112.3924,-6.986],[112.3669,-6.9869],[112.3766,-6.9529],[112.4052,-6.9605],[112.425,-6.9515],[112.4301,-6.9301],[112.4214,-6.9245],[112.4241,-6.9109],[112.4484,-6.8848],[112.4374,-6.8698],[112.4178,-6.8617],[112.4047,-6.8723],[112.3822,-6.8758],[112.358,-6.8637],[112.3427,-6.8701],[112.3334,-6.8612],[112.2985,-6.8741],[112.2869,-6.8653],[112.2698,-6.8784],[112.2174,-6.8741],[112.1707,-6.8973],[112.1804,-6.9131],[112.203,-6.9183],[112.2144,-7.0092],[112.2033,-7.0294],[112.2225,-7.0373],[112.2157,-7.0441],[112.2188,-7.0687],[112.1898,-7.0844],[112.1793,-7.0751],[112.1747,-7.0871],[112.1839,-7.0887],[112.1783,-7.0978],[112.1522,-7.1094],[112.1541,-7.1198],[112.1644,-7.1131],[112.1656,-7.1185],[112.1513,-7.1582],[112.1402,-7.1575],[112.1093,-7.2225],[112.0884,-7.2291],[112.0838,-7.2551],[112.0944,-7.2692],[112.0852,-7.2894],[112.09,-7.304],[112.0765,-7.3147],[112.0726,-7.3333],[112.089,-7.3585],[112.0815,-7.3826]]],[[[112.3298,-7.3482],[112.3298,-7.3482]]],[[[112.4465,-6.8744],[112.4558,-6.8841],[112.4465,-6.8744]]]]},"properties":{"kab":"Kabupaten Lamongan","prov":"Jawa Timur","n":18,"kj":1,"dd":0,"top":[{"loc":"SMAN 2 Lamongan","n":18,"d":"2025-09-17"}]}},{"type":"Feature","geometry":{"type":"MultiPolygon","coordinates":[[[[119.0053,-3.5334],[118.9818,-3.498],[118.9656,-3.4955],[118.9638,-3.4724],[118.9491,-3.4585],[118.9513,-3.4454],[118.9155,-3.4086],[118.9144,-3.3864],[118.9229,-3.3864],[118.9249,-3.3691],[118.9393,-3.3554],[118.9285,-3.3412],[118.9247,-3.2927],[118.9157,-3.2772],[118.9097,-3.2379],[118.9167,-3.2243],[118.9008,-3.1904],[118.9107,-3.1629],[118.9547,-3.1593],[118.9465,-3.1051],[118.9602,-3.0893],[118.9841,-3.0998],[119.0034,-3.0853],[119.0254,-3.0909],[119.0377,-3.0846],[119.0629,-3.1141],[119.0741,-3.1117],[119.0664,-3.1077],[119.0567,-3.0539],[119.0759,-3.0383],[119.0822,-3.0179],[119.0667,-2.9865],[119.0261,-2.9604],[119.001,-2.9608],[118.9803,-2.9451],[118.9741,-2.9281],[118.9547,-2.928],[118.9427,-2.9148],[118.8954,-2.9348],[118.8768,-2.9222],[118.8689,-2.9569],[118.8486,-2.9875],[118.8478,-3.0069],[118.8596,-3.0318],[118.84,-3.0788],[118.8238,-3.0889],[118.7962,-3.071],[118.7945,-3.0834],[118.7783,-3.0813],[118.7758,-3.1041],[118.79,-3.1366],[118.8292,-3.1701],[118.8396,-3.2134],[118.8312,-3.2325],[118.8587,-3.302],[118.8425,-3.3261],[118.8524,-3.3443],[118.8457,-3.3789],[118.8786,-3.4406],[118.8791,-3.4757],[118.8947,-3.4859],[118.8956,-3.5045],[118.9358,-3.5696],[118.9451,-3.5664],[118.9494,-3.5502],[118.9655,-3.545],[118.9848,-3.5607],[119.001,-3.5632],[118.9947,-3.5537],[119.0053,-3.5334]]],[[[118.8432,-3.3396],[118.8432,-3.3396]]]]},"properties":{"kab":"Kabupaten Majene","prov":"Sulawesi Barat","n":61,"kj":1,"dd":0,"top":[{"loc":"Desa Tubo","n":61,"d":"2026-01-12"}]}},{"type":"Feature","geometry":{"type":"Polygon","coordinates":[[[106.5247,-6.7624],[106.5471,-6.752],[106.5755,-6.7175],[106.59,-6.7443],[106.6331,-6.7549],[106.656,-6.7477],[106.6589,-6.7319],[106.6732,-6.7316],[106.6826,-6.7463],[106.6943,-6.7447],[106.7252,-6.7184],[106.7395,-6.7154],[106.7783,-6.755],[106.7932,-6.7524],[106.8144,-6.7686],[106.918,-6.7875],[106.947,-6.7608],[106.9652,-6.7705],[106.9682,-6.7544],[106.985,-6.7447],[106.9866,-6.7202],[107.004,-6.6883],[106.9925,-6.6678],[107.0513,-6.6566],[107.0685,-6.6652],[107.121,-6.6633],[107.1351,-6.6701],[107.1697,-6.6389],[107.1796,-6.6463],[107.2123,-6.6404],[107.2133,-6.6274],[107.2256,-6.6212],[107.2272,-6.6022],[107.2205,-6.5907],[107.1931,-6.5783],[107.1786,-6.5517],[107.1647,-6.5109],[107.173,-6.4849],[107.0556,-6.4357],[107.0584,-6.4232],[107.0512,-6.4172],[107.0612,-6.3981],[107.0516,-6.3944],[107.0305,-6.4113],[107.019,-6.4002],[107.0087,-6.4016],[107.0064,-6.378],[106.9976,-6.3788],[106.9918,-6.3637],[106.9807,-6.3642],[106.9663,-6.3426],[106.9759,-6.3407],[106.9807,-6.3155],[106.971,-6.3027],[106.9612,-6.3085],[106.9648,-6.3248],[106.9436,-6.359],[106.9455,-6.3684],[106.9223,-6.3888],[106.9147,-6.415],[106.9055,-6.4127],[106.8928,-6.4265],[106.8822,-6.4564],[106.8554,-6.4556],[106.8497,-6.4361],[106.8251,-6.4616],[106.8233,-6.4444],[106.7943,-6.4511],[106.7886,-6.4395],[106.7384,-6.4388],[106.7188,-6.3587],[106.5939,-6.3627],[106.5774,-6.3387],[106.5577,-6.3402],[106.5157,-6.3244],[106.5151,-6.3323],[106.5316,-6.3399],[106.5193,-6.3549],[106.4763,-6.3507],[106.4842,-6.3255],[106.4679,-6.3036],[106.4255,-6.3495],[106.4339,-6.3934],[106.454,-6.4144],[106.4446,-6.4223],[106.4546,-6.4272],[106.4405,-6.4495],[106.4025,-6.453],[106.4119,-6.468],[106.4038,-6.5167],[106.422,-6.5499],[106.4171,-6.5623],[106.4295,-6.5776],[106.4291,-6.6802],[106.45,-6.7086],[106.4515,-6.7284],[106.4634,-6.7369],[106.4668,-6.751],[106.498,-6.752],[106.5247,-6.7624]],[[106.7952,-6.6438],[106.7848,-6.6604],[106.7721,-6.6539],[106.7905,-6.6276],[106.7618,-6.5824],[106.7492,-6.5723],[106.7413,-6.5755],[106.7356,-6.5655],[106.7399,-6.5423],[106.7628,-6.5495],[106.7651,-6.5155],[106.7882,-6.5146],[106.7963,-6.5509],[106.803,-6.5382],[106.8075,-6.5463],[106.8114,-6.5388],[106.824,-6.5425],[106.8379,-6.5799],[106.8317,-6.6121],[106.8482,-6.6461],[106.8481,-6.6762],[106.8309,-6.6809],[106.8089,-6.6564],[106.8105,-6.6464],[106.8058,-6.6522],[106.7952,-6.6438]]]},"properties":{"kab":"Kota Bogor","prov":"Jawa Barat","n":427,"kj":15,"dd":0,"top":[{"loc":"Warga Tanjung Sari","n":107,"d":"2026-04-06"},{"loc":"SMP Bosowa Bina Insani","n":96,"d":"2025-05-09"},{"loc":"SDN 2 Batu Tulis","n":50,"d":"2025-11-14"}]}},{"type":"Feature","geometry":{"type":"MultiPolygon","coordinates":[[[[103.2626,-1.3662],[103.2774,-1.3604],[103.3136,-1.382],[103.301,-1.3989],[103.3045,-1.4092],[103.3241,-1.4146],[103.3282,-1.4271],[103.3669,-1.451],[103.3844,-1.4838],[103.4155,-1.4787],[103.432,-1.4664],[103.4442,-1.4758],[103.4502,-1.4677],[103.4681,-1.4728],[103.4667,-1.4981],[103.4565,-1.5137],[103.4664,-1.5331],[103.4478,-1.5684],[103.4558,-1.5878],[103.4493,-1.5992],[103.4178,-1.6085],[103.4243,-1.6215],[103.4144,-1.6322],[103.3881,-1.632],[103.3863,-1.6409],[103.4148,-1.644],[103.4165,-1.651],[103.4185,-1.6855],[103.3979,-1.713],[103.396,-1.7576],[103.4223,-1.7861],[103.4292,-1.8126],[103.3998,-1.8262],[103.3955,-1.8687],[103.3146,-1.8685],[103.3143,-1.9654],[103.3349,-1.9654],[103.3328,-2.0017],[103.3695,-2.0019],[103.3749,-2.0559],[103.4465,-2.0623],[103.447,-2.1741],[103.4584,-2.181],[103.507,-2.1737],[103.5593,-2.1371],[103.546,-2.1363],[103.5173,-2.1142],[103.5169,-2.0922],[103.5323,-2.0915],[103.5322,-2.0727],[103.5246,-2.073],[103.5536,-2.0422],[103.5631,-2.0422],[103.5639,-2.0168],[103.5566,-2.0177],[103.5427,-1.986],[103.5,-1.9822],[103.5003,-1.9599],[103.5214,-1.9067],[103.5862,-1.8617],[103.6303,-1.8412],[103.6607,-1.8465],[103.7661,-1.8161],[103.7953,-1.8253],[103.85,-1.8167],[103.8719,-1.8028],[103.8733,-1.7886],[104.0449,-1.7469],[104.3625,-1.6467],[104.3384,-1.6453],[104.3163,-1.6278],[104.2967,-1.6034],[104.2863,-1.5734],[104.2355,-1.5434],[104.1728,-1.462],[104.0853,-1.3214],[104.0948,-1.325],[104.1082,-1.3103],[104.0916,-1.2942],[104.0794,-1.2942],[104.0553,-1.3183],[103.7893,-1.3486],[103.6714,-1.3704],[103.6336,-1.3922],[103.5807,-1.3902],[103.5809,-1.3549],[103.5585,-1.3539],[103.559,-1.3157],[103.5071,-1.3163],[103.5069,-1.3323],[103.4413,-1.3299],[103.4414,-1.3415],[103.4327,-1.3416],[103.417,-1.3283],[103.4165,-1.3064],[103.3932,-1.2923],[103.3912,-1.2799],[103.3354,-1.2774],[103.3298,-1.2655],[103.3382,-1.2372],[103.2711,-1.2346],[103.2705,-1.3153],[103.2585,-1.3367],[103.2626,-1.3662]],[[103.5481,-1.6799],[103.5242,-1.6761],[103.5268,-1.6496],[103.5378,-1.6451],[103.5483,-1.6115],[103.535,-1.5892],[103.5466,-1.5879],[103.5472,-1.5682],[103.5674,-1.5742],[103.6108,-1.5467],[103.6491,-1.5507],[103.6551,-1.6074],[103.6799,-1.6128],[103.6693,-1.6405],[103.6498,-1.6572],[103.6308,-1.6529],[103.6233,-1.6657],[103.613,-1.6568],[103.6078,-1.6605],[103.6287,-1.6765],[103.6213,-1.6961],[103.5814,-1.6694],[103.573,-1.6678],[103.5683,-1.6805],[103.5481,-1.6799]]],[[[103.2206,-1.3745],[103.2204,-1.3893],[103.2327,-1.3944],[103.2632,-1.3787],[103.25,-1.3748],[103.2416,-1.3613],[103.2401,-1.3306],[103.2246,-1.3312],[103.2246,-1.3592],[103.2329,-1.3592],[103.2383,-1.3745],[103.2206,-1.3745]]]]},"properties":{"kab":"Kabupaten Muaro Jambi","prov":"Jambi","n":150,"kj":1,"dd":0,"top":[{"loc":"TK (Spesifik tidak disebutkan)","n":150,"d":"2026-01-30"}]}},{"type":"Feature","geometry":{"type":"MultiPolygon","coordinates":[[[[121.431,-3.2754],[121.4238,-3.3135],[121.4285,-3.3323],[121.4409,-3.3407],[121.4568,-3.3828],[121.493,-3.4404],[121.5222,-3.4674],[121.535,-3.5109],[121.5308,-3.5327],[121.5674,-3.5881],[121.5629,-3.6069],[121.5755,-3.6355],[121.5748,-3.6528],[121.5862,-3.6576],[121.5904,-3.6858],[121.6088,-3.6869],[121.6113,-3.7347],[121.6499,-3.7379],[121.6484,-3.7322],[121.6689,-3.7299],[121.6851,-3.7439],[121.6794,-3.7529],[121.6963,-3.7637],[121.7004,-3.7779],[121.7589,-3.7585],[121.774,-3.7674],[121.8228,-3.7552],[121.8305,-3.7671],[121.8278,-3.7808],[121.8743,-3.7844],[121.8849,-3.8138],[121.8973,-3.8172],[121.9037,-3.8302],[121.9529,-3.8344],[121.9536,-3.8721],[121.963,-3.8728],[121.9722,-3.8922],[121.9641,-3.9],[121.9721,-3.9047],[121.9667,-3.9181],[121.9574,-3.9245],[121.9692,-3.9508],[121.9518,-3.9789],[121.9655,-3.9977],[121.9528,-4.0288],[121.9514,-4.0568],[121.9668,-4.0834],[121.9888,-4.0988],[121.992,-4.1148],[121.9813,-4.1222],[121.9882,-4.1295],[122.0404,-4.1272],[122.0658,-4.1147],[122.0865,-4.1188],[122.092,-4.1028],[122.1792,-4.0649],[122.1794,-4.044],[122.2226,-4.0055],[122.2694,-4.0031],[122.27,-3.9837],[122.2854,-4.0055],[122.3027,-3.9975],[122.2948,-4.0072],[122.2956,-4.0244],[122.3111,-4.0021],[122.3133,-4.0217],[122.3359,-4.0126],[122.3393,-4.0225],[122.354,-4.025],[122.3496,-4.0087],[122.3632,-3.9964],[122.373,-4.0134],[122.4429,-4.0116],[122.4494,-3.965],[122.4574,-3.9623],[122.4568,-3.9354],[122.4877,-3.9038],[122.5127,-3.9085],[122.5242,-3.9414],[122.5494,-3.9431],[122.5596,-3.9324],[122.5746,-3.9408],[122.5909,-3.9318],[122.5954,-3.9443],[122.6259,-3.9484],[122.6276,-3.9379],[122.6482,-3.934],[122.6471,-3.9247],[122.6647,-3.9252],[122.6665,-3.8984],[122.6512,-3.8922],[122.5882,-3.8942],[122.5686,-3.9052],[122.5681,-3.8994],[122.5228,-3.8933],[122.5069,-3.8814],[122.5071,-3.857],[122.4794,-3.8204],[122.46,-3.8209],[122.4516,-3.8527],[122.4562,-3.867],[122.449,-3.8704],[122.4421,-3.8592],[122.4233,-3.8693],[122.3602,-3.8573],[122.3362,-3.8282],[122.3127,-3.8237],[122.2881,-3.8059],[122.2901,-3.7867],[122.2681,-3.7676],[122.22,-3.7605],[122.2114,-3.745],[122.1812,-3.7405],[122.1636,-3.7236],[122.1451,-3.719],[122.1226,-3.7287],[122.121,-3.7191],[122.102,-3.7175],[122.1063,-3.6965],[122.0873,-3.6862],[122.0937,-3.6591],[122.0876,-3.6422],[122.0706,-3.6307],[122.0637,-3.6455],[122.0393,-3.6164],[122.0173,-3.6186],[122.0037,-3.5868],[121.9832,-3.5722],[121.9752,-3.581],[121.9534,-3.5638],[121.9303,-3.5692],[121.9059,-3.558],[121.89,-3.5735],[121.8524,-3.5597],[121.8232,-3.5651],[121.8008,-3.5851],[121.775,-3.5518],[121.7788,-3.5393],[121.7663,-3.5082],[121.7683,-3.4895],[121.7499,-3.4835],[121.7325,-3.4933],[121.7149,-3.4907],[121.6746,-3.4743],[121.6605,-3.4567],[121.6758,-3.4365],[121.6693,-3.422],[121.6189,-3.4255],[121.588,-3.3984],[121.6098,-3.3699],[121.6136,-3.3357],[121.6077,-3.319],[121.5835,-3.2991],[121.5734,-3.2649],[121.5528,-3.2459],[121.5469,-3.2098],[121.5952,-3.1595],[121.6162,-3.1676],[121.6335,-3.158],[121.6554,-3.1701],[121.6657,-3.1923],[121.6823,-3.2024],[121.6751,-3.2236],[121.7105,-3.2292],[121.7101,-3.239],[121.7234,-3.2447],[121.7338,-3.2472],[121.7525,-3.2349],[121.766,-3.2521],[121.7733,-3.2513],[121.7829,-3.2387],[121.7977,-3.2417],[121.8334,-3.227],[121.8461,-3.2011],[121.9266,-3.123],[121.951,-3.0483],[121.9412,-3.0283],[121.8842,-3.0096],[121.8659,-2.968],[121.8342,-2.973],[121.7958,-2.9469],[121.7722,-2.9437],[121.757,-2.9256],[121.7383,-2.9259],[121.7274,-2.9162],[121.6951,-2.9212],[121.6827,-2.9027],[121.6343,-2.8936],[121.5924,-2.9042],[121.5617,-2.922],[121.5478,-2.9178],[121.5389,-2.929],[121.5162,-2.9252],[121.5037,-2.9422],[121.4878,-2.9441],[121.4724,-2.9718],[121.4828,-2.9842],[121.4616,-3.0114],[121.4437,-3.0116],[121.4327,-3.0018],[121.4175,-3.0159],[121.3955,-3.0164],[121.3612,-2.9876],[121.3696,-3.0117],[121.3609,-3.0515],[121.3854,-3.0777],[121.3882,-3.0974],[121.4121,-3.1097],[121.4169,-3.1431],[121.4416,-3.1695],[121.431,-3.2754]]],[[[122.7614,-3.9789],[122.7614,-3.9789]]],[[[122.6653,-3.9412],[122.6653,-3.9412]]],[[[122.703,-3.9066],[122.7132,-3.9107],[122.7264,-3.8961],[122.7012,-3.8924],[122.703,-3.9066]]],[[[122.8162,-3.8777],[122.8162,-3.8777]]]]},"properties":{"kab":"Kabupaten Konawe","prov":"Sulawesi Tenggara","n":16,"kj":1,"dd":0,"top":[{"loc":"siswa SDIT","n":16,"d":"2025-09-26"}]}},{"type":"Feature","geometry":{"type":"Polygon","coordinates":[[[109.6758,-6.9338],[109.6859,-6.9542],[109.7026,-6.9647],[109.7059,-6.9851],[109.7214,-6.9862],[109.7312,-7.0031],[109.744,-6.9953],[109.749,-6.9997],[109.7589,-7.0308],[109.7512,-7.0447],[109.7594,-7.0689],[109.7536,-7.0906],[109.7387,-7.1003],[109.7439,-7.1116],[109.7714,-7.1137],[109.7707,-7.1407],[109.7849,-7.1629],[109.833,-7.1895],[109.8478,-7.1777],[109.8775,-7.1905],[109.887,-7.1787],[109.9038,-7.1956],[109.9301,-7.1801],[109.9399,-7.1417],[109.9633,-7.0946],[109.9774,-7.0818],[109.9743,-7.0337],[110.0137,-7.0182],[110.025,-6.9975],[110.0508,-6.9804],[110.048,-6.9587],[110.0535,-6.9551],[110.0504,-6.9409],[110.0401,-6.942],[110.0308,-6.9301],[110.045,-6.9212],[110.0289,-6.9121],[109.9824,-6.9243],[109.9271,-6.9122],[109.8756,-6.9162],[109.7109,-6.867],[109.7033,-6.8687],[109.7114,-6.8835],[109.7028,-6.9069],[109.6945,-6.9099],[109.697,-6.9262],[109.6758,-6.9338]]]},"properties":{"kab":"Kabupaten Batang","prov":"Jawa Tengah","n":863,"kj":3,"dd":0,"top":[{"loc":"SMK Kandeman","n":800,"d":"2025-10-31"},{"loc":"SDN 5 Proyonanggan","n":60,"d":"2025-04-14"},{"loc":"TK Islam Al Karomah","n":3,"d":"2025-04-14"}]}},{"type":"Feature","geometry":{"type":"Polygon","coordinates":[[[112.5898,-7.765],[112.6324,-7.7976],[112.6542,-7.797],[112.7111,-7.8239],[112.7328,-7.818],[112.7388,-7.8383],[112.76,-7.8544],[112.7619,-7.876],[112.7792,-7.8722],[112.7837,-7.9003],[112.8055,-7.9255],[112.8396,-7.9385],[112.8535,-7.9339],[112.8842,-7.9519],[112.9039,-7.947],[112.9132,-7.9567],[112.9154,-7.9513],[112.9333,-7.9563],[112.9527,-7.9451],[112.9566,-7.9166],[112.9496,-7.9054],[112.9682,-7.9005],[112.9693,-7.8877],[113.0473,-7.8198],[113.0547,-7.7483],[113.085,-7.7098],[113.1001,-7.7024],[113.0879,-7.7035],[113.0637,-7.6693],[113.0285,-7.6485],[113.028,-7.6413],[113.0171,-7.6515],[112.9847,-7.6564],[112.9684,-7.6468],[112.9544,-7.6212],[112.943,-7.6556],[112.9232,-7.6754],[112.8978,-7.6858],[112.8935,-7.6755],[112.8814,-7.6723],[112.887,-7.6601],[112.8787,-7.6552],[112.8725,-7.6614],[112.8725,-7.6338],[112.8747,-7.6268],[112.8843,-7.6319],[112.8859,-7.6234],[112.9026,-7.6252],[112.8829,-7.6067],[112.8696,-7.5716],[112.8456,-7.5775],[112.832,-7.5524],[112.7531,-7.5752],[112.7239,-7.569],[112.7057,-7.545],[112.6892,-7.5517],[112.684,-7.5466],[112.6571,-7.5681],[112.6521,-7.5978],[112.6306,-7.6165],[112.6208,-7.6152],[112.6287,-7.6426],[112.6236,-7.6668],[112.5748,-7.7326],[112.5898,-7.765]]]},"properties":{"kab":"Kabupaten Pasuruan","prov":"Jawa Timur","n":14,"kj":1,"dd":0,"top":[{"loc":"SMAN 1 Pandaan","n":14,"d":"2026-07-22"}]}},{"type":"Feature","geometry":{"type":"Polygon","coordinates":[[[111.6221,-6.9864],[111.6514,-6.9998],[111.6576,-7.037],[111.6933,-7.054],[111.6941,-7.0686],[111.7115,-7.0806],[111.8132,-7.086],[111.8242,-7.1004],[111.8567,-7.1155],[111.8615,-7.1294],[111.8778,-7.1333],[111.8863,-7.1217],[111.9002,-7.1287],[111.8992,-7.1363],[111.9296,-7.1325],[111.9326,-7.1599],[111.9426,-7.1549],[111.952,-7.1322],[111.9701,-7.1378],[111.9806,-7.165],[111.9951,-7.1145],[112.0106,-7.1303],[112.0032,-7.1093],[112.0146,-7.1014],[112.0063,-7.0934],[112.0207,-7.0865],[112.0178,-7.0681],[112.0319,-7.0791],[112.0428,-7.0705],[112.0413,-7.0817],[112.0828,-7.0659],[112.0866,-7.0861],[112.1246,-7.0894],[112.1174,-7.0976],[112.1219,-7.1077],[112.1313,-7.097],[112.1443,-7.1063],[112.1506,-7.1005],[112.1462,-7.1067],[112.1593,-7.1104],[112.165,-7.0986],[112.1775,-7.0986],[112.1839,-7.0887],[112.1747,-7.0871],[112.1793,-7.0751],[112.1898,-7.0844],[112.2169,-7.0745],[112.2157,-7.0441],[112.2225,-7.0373],[112.2033,-7.0294],[112.2141,-6.9996],[112.1988,-6.9128],[112.1804,-6.9131],[112.1707,-6.8973],[112.1234,-6.9026],[112.0532,-6.8871],[112.0106,-6.8343],[111.9801,-6.7732],[111.9609,-6.7605],[111.8797,-6.7954],[111.8375,-6.801],[111.7657,-6.7717],[111.7189,-6.7697],[111.6914,-6.7542],[111.6759,-6.7754],[111.6689,-6.7639],[111.6595,-6.7854],[111.6681,-6.8017],[111.6564,-6.8263],[111.6355,-6.8288],[111.6192,-6.8217],[111.6077,-6.9037],[111.6023,-6.9117],[111.5775,-6.9171],[111.568,-6.9467],[111.5723,-6.9569],[111.6155,-6.9717],[111.6221,-6.9864]]]},"properties":{"kab":"Kabupaten Tuban","prov":"Jawa Timur","n":28,"kj":3,"dd":0,"top":[{"loc":"SMPN 1 Montong","n":14,"d":"2026-01-27"},{"loc":"SMKN Tambakboyo","n":8,"d":"2025-10-14"},{"loc":"SMKN 1 Palang","n":6,"d":"2025-09-24"}]}},{"type":"Feature","geometry":{"type":"MultiPolygon","coordinates":[[[[103.8167,0.9228],[103.8167,0.9228]]],[[[103.7709,0.9365],[103.7709,0.9365]]],[[[103.7739,0.9481],[103.7672,0.9463],[103.7715,0.9321],[103.7778,0.9396],[103.7739,0.9481]]],[[[103.7897,0.9398],[103.7849,0.9442],[103.7897,0.9398]]],[[[103.7663,0.9469],[103.7663,0.9469]]],[[[103.7889,0.9663],[103.7806,0.9637],[103.7935,0.957],[103.7889,0.9663]]],[[[103.765,0.9654],[103.765,0.9654]]],[[[103.8052,0.9698],[103.799,0.9673],[103.8026,0.9609],[103.8052,0.9698]]],[[[103.7128,0.9666],[103.7128,0.9666]]],[[[103.7739,0.9776],[103.7655,0.9771],[103.7717,0.9693],[103.7739,0.9776]]],[[[103.7787,0.9796],[103.7787,0.9796]]],[[[103.8144,0.98],[103.8089,0.9874],[103.8144,0.98]]],[[[103.8128,0.9909],[103.8128,0.9909]]],[[[103.8116,1.0027],[103.8093,0.9982],[103.8116,1.0027]]],[[[103.7699,1.0028],[103.7697,1.0106],[103.7699,1.0028]]],[[[103.7662,1.0087],[103.7662,1.0087]]],[[[103.7758,1.05],[103.7687,1.0485],[103.7705,1.0339],[103.7489,1.0288],[103.7763,1.0027],[103.7745,0.9893],[103.7826,0.978],[103.798,0.9689],[103.8055,0.973],[103.7963,0.9973],[103.7996,1.0246],[103.7917,1.0463],[103.7875,1.0378],[103.7758,1.05]]],[[[103.7571,1.016],[103.7585,1.0035],[103.7571,1.016]]],[[[103.7601,1.014],[103.7601,1.014]]],[[[103.806,1.0183],[103.806,1.0183]]],[[[103.7968,1.0292],[103.7968,1.0292]]],[[[103.805,1.031],[103.8021,1.0251],[103.805,1.031]]],[[[103.8069,1.0379],[103.8014,1.038],[103.8069,1.0379]]],[[[103.7972,1.0406],[103.7972,1.0406]]],[[[103.7976,1.0453],[103.7976,1.0453]]],[[[103.8194,1.0555],[103.8105,1.0516],[103.8194,1.0555]]],[[[103.8146,1.0581],[103.8146,1.0581]]],[[[103.8066,1.0615],[103.8066,1.0615]]],[[[103.817,1.0706],[103.817,1.0706]]],[[[103.7799,1.0895],[103.7799,1.0895]]],[[[103.7964,1.1076],[103.7908,1.0972],[103.7989,1.0862],[103.8137,1.0853],[103.8125,1.0956],[103.7964,1.1076]]],[[[103.7808,1.0979],[103.7808,1.0979]]],[[[103.7141,1.1174],[103.7141,1.1174]]],[[[103.6566,1.1515],[103.6605,1.141],[103.6566,1.1515]]],[[[103.8321,0.942],[103.8321,0.942]]],[[[103.8319,0.9613],[103.8319,0.9613]]],[[[103.8467,0.965],[103.8423,0.9605],[103.8467,0.965]]],[[[103.824,0.9641],[103.8214,0.97],[103.824,0.9641]]],[[[103.818,0.9801],[103.818,0.9801]]],[[[103.8288,0.9995],[103.8275,1.0059],[103.8242,0.9949],[103.8288,0.9995]]],[[[103.8216,1.0073],[103.8216,1.0073]]],[[[103.8368,1.0364],[103.8368,1.0364]]],[[[103.8257,1.0405],[103.8202,1.0395],[103.8257,1.0405]]],[[[103.8195,1.0456],[103.8195,1.0456]]],[[[103.8311,1.0527],[103.8183,1.0488],[103.8289,1.0439],[103.8311,1.0527]]],[[[103.8328,1.0551],[103.8328,1.0551]]],[[[103.8217,1.0551],[103.8217,1.0551]]],[[[103.8191,1.0665],[103.8121,1.0634],[103.8195,1.056],[103.825,1.0594],[103.8191,1.0665]]],[[[103.8262,1.0638],[103.8262,1.0638]]],[[[103.8289,1.075],[103.8177,1.0709],[103.826,1.0666],[103.8289,1.075]]],[[[103.8246,1.0866],[103.8246,1.0866]]],[[[103.8289,1.0938],[103.8289,1.0938]]],[[[103.8478,1.1129],[103.8478,1.1129]]],[[[103.8411,1.1225],[103.8357,1.1163],[103.8411,1.1225]]],[[[103.828,1.1274],[103.828,1.1274]]],[[[103.8299,1.1355],[103.8299,1.1355]]],[[[103.8406,1.1345],[103.836,1.1367],[103.8406,1.1345]]],[[[103.8702,1.036],[103.8534,1.0338],[103.8545,1.0235],[103.848,1.0243],[103.8591,1.0069],[103.8342,1.0176],[103.8343,0.9767],[103.9437,0.9097],[103.9427,0.9255],[103.963,0.9375],[103.9668,0.9677],[103.9227,1.0088],[103.9002,0.9994],[103.8841,1.0151],[103.878,1.0122],[103.8748,1.0188],[103.8836,1.0285],[103.8702,1.036]]],[[[103.8516,1.0262],[103.8516,1.0262]]],[[[103.8631,1.0347],[103.8631,1.0347]]],[[[103.8448,1.0745],[103.8328,1.0628],[103.8389,1.0277],[103.8466,1.0277],[103.8436,1.0371],[103.876,1.0392],[103.8682,1.0489],[103.882,1.0529],[103.8448,1.0745]]],[[[103.8762,1.0719],[103.8762,1.0719]]],[[[103.8609,1.0821],[103.8594,1.07],[103.8697,1.064],[103.8609,1.0821]]],[[[103.875,1.0753],[103.875,1.0753]]],[[[103.8718,1.0818],[103.8703,1.0767],[103.8718,1.0818]]],[[[103.8517,1.0802],[103.8517,1.0802]]],[[[103.8679,1.0839],[103.8679,1.0839]]],[[[103.8717,1.0855],[103.8717,1.0855]]],[[[103.8543,1.0894],[103.8543,1.0894]]],[[[103.8629,1.0913],[103.8629,1.0913]]],[[[103.869,1.0968],[103.8625,1.0948],[103.8663,1.0874],[103.874,1.0913],[103.869,1.0968]]],[[[103.8716,1.0968],[103.8716,1.0968]]],[[[103.8687,1.1007],[103.8597,1.0969],[103.8687,1.1007]]],[[[103.8736,1.1019],[103.8736,1.1019]]],[[[103.8598,1.1024],[103.8598,1.1024]]],[[[103.8581,1.1045],[103.8581,1.1045]]],[[[103.8628,1.1085],[103.8628,1.1085]]],[[[103.8773,1.1189],[103.8773,1.1189]]],[[[103.8734,1.1198],[103.8734,1.1198]]],[[[103.879,1.1289],[103.8735,1.1246],[103.879,1.1289]]],[[[103.8536,1.1271],[103.85,1.133],[103.8536,1.1271]]],[[[103.8751,1.132],[103.8751,1.132]]],[[[103.8774,1.1347],[103.8774,1.1347]]],[[[103.8742,1.1532],[103.8688,1.1528],[103.8714,1.1444],[103.8742,1.1532]]],[[[103.8665,1.1579],[103.8665,1.1579]]],[[[103.9426,0.9069],[103.9426,0.9069]]],[[[103.9035,0.9158],[103.9035,0.9158]]],[[[103.9184,0.9216],[103.9184,0.9216]]],[[[103.8923,0.9392],[103.8873,0.9361],[103.8923,0.9392]]],[[[103.8997,1.0012],[103.8997,1.0012]]],[[[103.9306,1.0039],[103.9334,0.9988],[103.9306,1.0039]]],[[[103.908,1.0193],[103.8954,1.0391],[103.8943,1.0306],[103.8847,1.0302],[103.9009,1.0037],[103.9198,1.0122],[103.908,1.0193]]],[[[103.8796,1.0161],[103.8796,1.0161]]],[[[103.8887,1.0115],[103.8846,1.0235],[103.8887,1.0115]]],[[[103.9254,1.0204],[103.9314,1.0132],[103.9254,1.0204]]],[[[103.9151,1.0211],[103.9151,1.0211]]],[[[103.9217,1.023],[103.9217,1.023]]],[[[103.9353,1.0159],[103.9577,1.005],[103.9813,1.0082],[103.9909,1.0175],[104.0078,0.9868],[104.0341,0.9802],[104.0522,0.9963],[104.067,0.9835],[104.0713,0.999],[104.0842,0.9851],[104.0998,0.9836],[104.0789,1.0245],[104.0975,1.0267],[104.1042,1.0431],[104.1106,1.0329],[104.117,1.0406],[104.1199,1.031],[104.1368,1.0403],[104.1353,1.0929],[104.1413,1.0922],[104.1443,1.1105],[104.1553,1.1185],[104.1554,1.1249],[104.1456,1.1261],[104.144,1.163],[104.1038,1.1972],[104.0833,1.195],[104.0682,1.1734],[104.0715,1.1612],[104.0932,1.1556],[104.0892,1.1411],[104.0785,1.1435],[104.0783,1.1255],[104.0627,1.1356],[104.0539,1.1312],[104.0504,1.1491],[104.0587,1.1583],[104.0439,1.1604],[104.049,1.1699],[104.0251,1.1768],[104.0256,1.1902],[104.0169,1.1924],[103.999,1.1793],[104.003,1.1702],[103.9963,1.1676],[104.0021,1.165],[103.9938,1.1567],[104.0013,1.1498],[103.9877,1.1416],[103.9971,1.1247],[103.9778,1.1376],[103.9664,1.1272],[103.9613,1.1424],[103.9568,1.1364],[103.9479,1.1454],[103.9428,1.137],[103.9207,1.1434],[103.9238,1.1265],[103.94,1.1123],[103.9295,1.1116],[103.9365,1.0825],[103.9249,1.0715],[103.9231,1.0822],[103.9107,1.0847],[103.9114,1.0983],[103.8895,1.0933],[103.9068,1.0662],[103.911,1.0379],[103.9353,1.0159]]],[[[103.8793,1.0454],[103.8791,1.0365],[103.8883,1.0324],[103.8901,1.0407],[103.8793,1.0454]]],[[[103.8886,1.0457],[103.8886,1.0457]]],[[[103.8806,1.0484],[103.8806,1.0484]]],[[[103.8983,1.0613],[103.892,1.0591],[103.8927,1.0402],[103.8997,1.0388],[103.8983,1.0613]]],[[[103.8823,1.0935],[103.8823,1.0935]]],[[[103.9061,1.1012],[103.9061,1.1012]]],[[[103.9227,1.1021],[103.9227,1.1021]]],[[[103.9053,1.1087],[103.8956,1.1027],[103.9111,1.1031],[103.9116,1.11],[103.9053,1.1087]]],[[[103.9201,1.1098],[103.9119,1.1083],[103.9201,1.1098]]],[[[103.9061,1.1115],[103.9061,1.1115]]],[[[103.9054,1.1128],[103.9054,1.1128]]],[[[103.9086,1.1145],[103.9086,1.1145]]],[[[103.9173,1.1187],[103.9098,1.1108],[103.9173,1.1187]]],[[[103.906,1.1156],[103.9055,1.1171],[103.9048,1.1163],[103.906,1.1156]]],[[[103.9081,1.1186],[103.9081,1.1186]]],[[[103.8875,1.1192],[103.8875,1.1192]]],[[[103.8893,1.1235],[103.8893,1.1235]]],[[[103.9138,1.1205],[103.9129,1.1277],[103.9138,1.1205]]],[[[103.8853,1.1255],[103.8784,1.1248],[103.8853,1.1255]]],[[[103.8934,1.1259],[103.8934,1.1259]]],[[[103.8938,1.1494],[103.8872,1.1586],[103.8739,1.143],[103.8938,1.1494]]],[[[103.8803,1.1625],[103.8768,1.1551],[103.8803,1.1625]]],[[[103.8997,1.1633],[103.9047,1.1554],[103.8997,1.1633]]],[[[103.8911,1.1713],[103.8911,1.1713]]],[[[103.9716,0.8673],[103.9726,0.8684],[103.9708,0.8684],[103.9716,0.8673]]],[[[103.9638,0.8799],[103.9638,0.8799]]],[[[103.972,0.8802],[103.966,0.8816],[103.972,0.8802]]],[[[103.9706,0.8839],[103.9706,0.8839]]],[[[103.9809,0.8876],[103.9809,0.8876]]],[[[103.9728,0.8869],[103.9728,0.8869]]],[[[103.9535,0.8939],[103.9535,0.8939]]],[[[103.9571,0.9044],[103.9503,0.9033],[103.9576,0.8928],[103.9571,0.9044]]],[[[103.9494,0.9036],[103.9494,0.9036]]],[[[103.9645,0.9048],[103.9645,0.9048]]],[[[103.9546,0.9229],[103.9472,0.9237],[103.9523,0.9061],[103.9647,0.9083],[103.9648,0.9186],[103.9546,0.9229]]],[[[103.9442,0.9194],[103.9442,0.9194]]],[[[103.9675,0.9207],[103.9675,0.9207]]],[[[103.9453,0.9228],[103.9453,0.9228]]],[[[103.9697,0.9229],[103.9697,0.9229]]],[[[103.9545,0.9242],[103.9545,0.9242]]],[[[103.9483,0.9267],[103.9546,0.928],[103.9483,0.9267]]],[[[103.9651,0.9343],[103.9651,0.9343]]],[[[103.9821,0.9398],[103.9821,0.9398]]],[[[104.009,0.943],[104.0131,0.9365],[104.009,0.943]]],[[[103.9782,0.9512],[103.9762,0.9577],[103.9782,0.9512]]],[[[103.9701,0.9514],[103.9692,0.9657],[103.9701,0.9514]]],[[[103.9975,0.9611],[103.9928,0.9653],[103.995,0.9516],[103.9975,0.9611]]],[[[103.982,0.9596],[103.9774,0.9625],[103.982,0.9596]]],[[[103.9835,0.9752],[103.9799,0.9672],[103.991,0.9456],[103.9927,0.9628],[103.9835,0.9752]]],[[[103.9761,0.9657],[103.9761,0.9657]]],[[[103.9827,0.986],[103.9827,0.986]]],[[[103.9741,0.9879],[103.9779,0.9835],[103.9741,0.9879]]],[[[103.9519,0.999],[103.9436,0.9986],[103.9489,0.9914],[103.9754,0.9742],[103.978,0.9819],[103.9519,0.999]]],[[[103.97,0.9899],[103.97,0.9899]]],[[[103.9633,0.9932],[103.9633,0.9932]]],[[[103.9772,0.9975],[103.9715,0.998],[103.9772,0.9975]]],[[[103.9662,1.0006],[103.9662,1.0006]]],[[[103.9708,1.0018],[103.9748,1.006],[103.9708,1.0018]]],[[[103.9533,1.0044],[103.9533,1.0044]]],[[[103.9695,1.0063],[103.9695,1.0063]]],[[[103.9933,1.01],[103.9822,1.0039],[103.9915,1.0006],[103.9933,1.01]]],[[[103.9737,1.148],[103.9751,1.1428],[103.9737,1.148]]],[[[103.9456,1.147],[103.9456,1.147]]],[[[104.0349,0.6336],[104.0349,0.6336]]],[[[104.0405,0.633],[104.0405,0.633]]],[[[104.0394,0.8876],[104.0318,0.8872],[104.0394,0.8876]]],[[[104.05,0.9205],[104.0391,0.913],[104.0439,0.9103],[104.0333,0.9015],[104.0351,0.8926],[104.0503,0.9009],[104.057,0.9166],[104.05,0.9205]]],[[[104.0388,0.9258],[104.0388,0.9258]]],[[[104.0517,0.9248],[104.0517,0.9248]]],[[[104.0621,0.9668],[104.0591,0.9741],[104.0463,0.9656],[104.0448,0.9376],[104.0683,0.9144],[104.0797,0.9493],[104.0621,0.9668]]],[[[104.0232,0.9626],[104.0277,0.9517],[104.0232,0.9626]]],[[[104.0646,0.9601],[104.0646,0.9601]]],[[[104.0619,0.9614],[104.0633,0.9613],[104.0629,0.9624],[104.0619,0.9614]]],[[[104.0398,0.9607],[104.0398,0.9607]]],[[[104.0707,0.965],[104.0748,0.9615],[104.0707,0.965]]],[[[104.0363,0.9669],[104.0363,0.9669]]],[[[104.0245,0.9694],[104.0245,0.9694]]],[[[104.0191,0.9712],[104.0191,0.9712]]],[[[104.0566,0.976],[104.0499,0.9684],[104.0573,0.9688],[104.0566,0.976]]],[[[104.0296,0.9734],[104.0296,0.9734]]],[[[104.0463,0.9781],[104.0404,0.9747],[104.0463,0.9781]]],[[[104.0745,0.988],[104.0689,0.9835],[104.0745,0.988]]],[[[104.0745,0.9961],[104.0745,0.9961]]],[[[104.0726,1.1376],[104.0722,1.1321],[104.0726,1.1376]]],[[[104.1021,0.6071],[104.1021,0.6071]]],[[[104.0867,0.643],[104.0776,0.6433],[104.0834,0.6027],[104.0893,0.6168],[104.1036,0.624],[104.0867,0.643]]],[[[104.0773,0.6374],[104.0773,0.6374]]],[[[104.1477,0.8023],[104.1419,0.8199],[104.1477,0.8023]]],[[[104.1504,0.9339],[104.1504,0.9339]]],[[[104.1476,0.9371],[104.1476,0.9371]]],[[[104.0865,0.9611],[104.0865,0.9611]]],[[[104.1002,0.9647],[104.1002,0.9647]]],[[[104.085,0.9716],[104.0951,0.9585],[104.085,0.9716]]],[[[104.0924,0.9728],[104.0924,0.9728]]],[[[104.0884,0.9731],[104.0884,0.9731]]],[[[104.1117,0.983],[104.1033,0.9741],[104.1209,0.9656],[104.1117,0.983]]],[[[104.0758,0.9826],[104.07,0.9806],[104.0786,0.9755],[104.0758,0.9826]]],[[[104.0988,0.9896],[104.0988,0.9896]]],[[[104.1175,0.9961],[104.1163,0.9867],[104.1316,0.9886],[104.1175,0.9961]]],[[[104.1391,0.9993],[104.1461,0.9852],[104.1391,0.9993]]],[[[104.1329,1.0068],[104.1292,1.0027],[104.1329,1.0068]]],[[[104.136,1.0079],[104.136,1.0079]]],[[[104.14,1.0085],[104.14,1.0085]]],[[[104.1464,1.0094],[104.1464,1.0094]]],[[[104.1151,1.0164],[104.1021,1.0149],[104.1,1.0049],[104.1085,1.005],[104.1151,1.0164]]],[[[104.1037,1.0235],[104.0932,1.0172],[104.0953,1.0064],[104.1037,1.0235]]],[[[104.1446,1.0186],[104.1384,1.0145],[104.1446,1.0186]]],[[[104.1182,1.0174],[104.1211,1.0224],[104.1182,1.0174]]],[[[104.0866,1.025],[104.0811,1.0213],[104.0883,1.0184],[104.0866,1.025]]],[[[104.143,1.0252],[104.143,1.0252]]],[[[104.1374,1.03],[104.1355,1.0347],[104.1286,1.0271],[104.1374,1.03]]],[[[104.112,1.0298],[104.1159,1.0357],[104.112,1.0298]]],[[[104.0772,1.2014],[104.0799,1.206],[104.0772,1.2014]]],[[[104.1974,0.5445],[104.1974,0.5445]]],[[[104.2248,0.5561],[104.2225,0.5353],[104.2405,0.5326],[104.2344,0.5535],[104.2248,0.5561]]],[[[104.2372,0.5535],[104.2372,0.5535]]],[[[104.2408,0.5562],[104.2347,0.5623],[104.2317,0.5576],[104.2408,0.5562]]],[[[104.2176,0.5674],[104.2112,0.5565],[104.2203,0.56],[104.2176,0.5674]]],[[[104.2096,0.5622],[104.2096,0.5622]]],[[[104.2116,0.5648],[104.2116,0.5648]]],[[[104.2079,0.5662],[104.2079,0.5662]]],[[[104.2112,0.5653],[104.2112,0.5653]]],[[[104.2092,0.5674],[104.2092,0.5674]]],[[[104.2131,0.5699],[104.2062,0.5731],[104.2131,0.5699]]],[[[104.1972,0.6092],[104.1845,0.5884],[104.1954,0.5457],[104.1922,0.5694],[104.1981,0.561],[104.207,0.5756],[104.2299,0.5702],[104.1972,0.6092]]],[[[104.1811,0.5844],[104.1811,0.5844]]],[[[104.237,0.6542],[104.2405,0.6478],[104.237,0.6542]]],[[[104.2446,0.6533],[104.2446,0.6533]]],[[[104.2406,0.6591],[104.2406,0.6591]]],[[[104.2436,0.6653],[104.2436,0.6653]]],[[[104.2242,0.6677],[104.2242,0.6677]]],[[[104.2087,0.7172],[104.2087,0.7172]]],[[[104.1838,0.7381],[104.1838,0.7381]]],[[[104.1796,0.7415],[104.1796,0.7415]]],[[[104.2605,0.8015],[104.2174,0.7851],[104.2018,0.7961],[104.1979,0.7845],[104.1702,0.7779],[104.1901,0.75],[104.1882,0.7333],[104.196,0.7214],[104.2003,0.7284],[104.207,0.7201],[104.2192,0.7228],[104.2527,0.6926],[104.2677,0.706],[104.2745,0.7014],[104.2781,0.7091],[104.3095,0.7099],[104.2732,0.7298],[104.2644,0.7425],[104.2586,0.7702],[104.2782,0.7945],[104.2608,0.7951],[104.2605,0.8015]]],[[[104.1802,0.7794],[104.1802,0.7794]]],[[[104.1873,0.7842],[104.1873,0.7842]]],[[[104.1979,0.7855],[104.1981,0.7907],[104.1979,0.7855]]],[[[104.2159,0.7912],[104.2159,0.7912]]],[[[104.2192,0.7982],[104.2124,0.7975],[104.2192,0.7982]]],[[[104.2115,0.7971],[104.2115,0.7971]]],[[[104.2046,0.7982],[104.2046,0.7982]]],[[[104.2286,0.8066],[104.2349,0.809],[104.2286,0.8066]]],[[[104.2384,0.8648],[104.2342,0.8759],[104.2134,0.8807],[104.1844,0.868],[104.1809,0.8782],[104.1673,0.867],[104.1699,0.8986],[104.1653,0.9049],[104.1507,0.8931],[104.1563,0.9222],[104.1409,0.9422],[104.1257,0.9359],[104.1198,0.9622],[104.1109,0.9539],[104.1053,0.9611],[104.0902,0.953],[104.0777,0.9595],[104.0839,0.9518],[104.0781,0.9429],[104.0945,0.9254],[104.0919,0.8704],[104.1008,0.8796],[104.1164,0.8776],[104.121,0.8632],[104.1444,0.8567],[104.1682,0.7866],[104.1811,0.7828],[104.2022,0.806],[104.2143,0.8033],[104.2451,0.8199],[104.2431,0.8317],[104.2599,0.8397],[104.2653,0.8593],[104.2576,0.8661],[104.2384,0.8648]]],[[[104.185,0.8847],[104.185,0.8773],[104.185,0.8847]]],[[[104.2115,0.9233],[104.1986,0.9171],[104.1935,0.9017],[104.2073,0.9053],[104.2115,0.9233]]],[[[104.1772,0.9381],[104.1583,0.9262],[104.1612,0.9106],[104.1884,0.9193],[104.191,0.9307],[104.1772,0.9381]]],[[[104.1892,0.9374],[104.1892,0.9374]]],[[[104.2056,0.9468],[104.2056,0.9468]]],[[[104.1695,0.9609],[104.1424,0.9549],[104.152,0.9344],[104.1967,0.9451],[104.1695,0.9609]]],[[[104.1447,0.9749],[104.1533,0.9578],[104.1743,0.9689],[104.1447,0.9749]]],[[[104.1777,0.976],[104.1777,0.976]]],[[[104.1793,1.0276],[104.1657,1.0137],[104.1551,1.0154],[104.1579,0.9968],[104.1758,1.0005],[104.1839,1.0146],[104.1793,1.0276]]],[[[104.1568,1.0222],[104.1518,1.0193],[104.1568,1.0222]]],[[[104.151,1.0339],[104.151,1.0339]]],[[[104.1705,1.065],[104.1641,1.0653],[104.1649,1.0489],[104.1548,1.0416],[104.1634,1.038],[104.1675,1.0223],[104.1841,1.0509],[104.1705,1.065]]],[[[104.1807,1.0681],[104.1753,1.0643],[104.1807,1.0681]]],[[[104.3028,0.4643],[104.3028,0.4643]]],[[[104.3008,0.4652],[104.3008,0.4652]]],[[[104.2642,0.5018],[104.2568,0.4996],[104.2742,0.4841],[104.2642,0.5018]]],[[[104.289,0.5219],[104.2822,0.527],[104.2819,0.5178],[104.2958,0.4749],[104.289,0.5219]]],[[[104.3065,0.5319],[104.3065,0.5319]]],[[[104.2498,0.5409],[104.2498,0.5409]]],[[[104.2948,0.6236],[104.2965,0.6186],[104.2948,0.6236]]],[[[104.2915,0.631],[104.2915,0.631]]],[[[104.2626,0.6333],[104.2626,0.6333]]],[[[104.2414,0.6461],[104.2499,0.6368],[104.2414,0.6461]]],[[[104.2555,0.6426],[104.2555,0.6426]]],[[[104.2161,0.7181],[104.2095,0.7106],[104.2215,0.6839],[104.2271,0.6877],[104.2341,0.6704],[104.246,0.6685],[104.264,0.6218],[104.2738,0.6243],[104.2881,0.611],[104.2814,0.6685],[104.26,0.6885],[104.2611,0.6763],[104.242,0.6888],[104.2161,0.7181]]],[[[104.3066,0.6697],[104.3066,0.6697]]],[[[104.3042,0.6726],[104.3042,0.6726]]],[[[104.3189,0.6844],[104.3082,0.6688],[104.3289,0.6599],[104.3189,0.6844]]],[[[104.3358,0.6783],[104.3307,0.6737],[104.3424,0.6712],[104.3358,0.6783]]],[[[104.276,0.6746],[104.276,0.6746]]],[[[104.2986,0.6788],[104.3013,0.6723],[104.2986,0.6788]]],[[[104.3053,0.6781],[104.3053,0.6781]]],[[[104.3433,0.6788],[104.3383,0.6775],[104.3433,0.6788]]],[[[104.2953,0.69],[104.2706,0.6833],[104.2794,0.6736],[104.2945,0.6724],[104.2953,0.69]]],[[[104.3164,0.6999],[104.3087,0.6985],[104.3202,0.6856],[104.3362,0.6823],[104.3164,0.6999]]],[[[104.263,0.6957],[104.263,0.6957]]],[[[104.3691,0.7395],[104.3691,0.7395]]],[[[104.3101,0.763],[104.3015,0.7549],[104.3158,0.7487],[104.3279,0.7538],[104.3566,0.7404],[104.3548,0.7496],[104.3101,0.763]]],[[[104.2829,0.8216],[104.2778,0.8162],[104.2829,0.8216]]],[[[104.301,0.8206],[104.2917,0.8193],[104.301,0.8206]]]]},"properties":{"kab":"Kota Batam","prov":"Kepulauan Riau","n":253,"kj":2,"dd":0,"top":[{"loc":"MAN 2 Kota Batam","n":235,"d":"2025-11-11"},{"loc":"SDN 016 Seilekop","n":18,"d":"2025-09-29"}]}},{"type":"Feature","geometry":{"type":"MultiPolygon","coordinates":[[[[111.4875,-8.361],[111.4875,-8.361]]],[[[111.4816,-8.3291],[111.4816,-8.3291]]],[[[111.4035,-8.2704],[111.4115,-8.2779],[111.4222,-8.2586],[111.4423,-8.2622],[111.4567,-8.2771],[111.446,-8.3039],[111.462,-8.3229],[111.4784,-8.3054],[111.4827,-8.3195],[111.4947,-8.3151],[111.4942,-8.3226],[111.5051,-8.3223],[111.5161,-8.3334],[111.5337,-8.3329],[111.5314,-8.3176],[111.5502,-8.306],[111.5704,-8.3134],[111.5717,-8.334],[111.5875,-8.334],[111.5987,-8.3219],[111.6055,-8.3394],[111.6126,-8.3206],[111.624,-8.3223],[111.6343,-8.3405],[111.626,-8.3539],[111.635,-8.3477],[111.6476,-8.3516],[111.6528,-8.3665],[111.6674,-8.3559],[111.6735,-8.3704],[111.6832,-8.3747],[111.6886,-8.3664],[111.702,-8.3831],[111.7039,-8.3671],[111.7238,-8.3688],[111.7135,-8.3517],[111.6884,-8.3354],[111.6954,-8.3218],[111.7133,-8.3219],[111.7069,-8.3026],[111.7129,-8.2909],[111.7304,-8.2879],[111.7452,-8.3042],[111.7489,-8.3112],[111.739,-8.3326],[111.7487,-8.3398],[111.7808,-8.3253],[111.7687,-8.3139],[111.7762,-8.3064],[111.7686,-8.2941],[111.7771,-8.2904],[111.7504,-8.2883],[111.7479,-8.2579],[111.7273,-8.2422],[111.7401,-8.2032],[111.7302,-8.2056],[111.7169,-8.1911],[111.7185,-8.1687],[111.7336,-8.1422],[111.8223,-8.1347],[111.8469,-8.1064],[111.8389,-8.0919],[111.813,-8.0874],[111.7802,-8.0392],[111.7545,-8.0308],[111.7605,-7.9879],[111.7381,-7.9585],[111.744,-7.9324],[111.7612,-7.9229],[111.7515,-7.8827],[111.7409,-7.8792],[111.7013,-7.8962],[111.7067,-7.9065],[111.6881,-7.9331],[111.6678,-7.9446],[111.6543,-7.9422],[111.6474,-7.9581],[111.6635,-7.9681],[111.6534,-7.9834],[111.6533,-8.0205],[111.6482,-8.0209],[111.6477,-8.0038],[111.6372,-8.0021],[111.6058,-8.0194],[111.5905,-8.0194],[111.5727,-8.0482],[111.5353,-8.0597],[111.5435,-8.0665],[111.5269,-8.0811],[111.5279,-8.1074],[111.4836,-8.1081],[111.4729,-8.1616],[111.4774,-8.1731],[111.4378,-8.1632],[111.4248,-8.1704],[111.4243,-8.1914],[111.4035,-8.197],[111.4086,-8.2131],[111.3922,-8.2332],[111.4064,-8.2584],[111.4035,-8.2704]]],[[[111.515,-8.3698],[111.515,-8.3698]]],[[[111.6264,-8.3568],[111.6264,-8.3568]]],[[[111.6514,-8.3799],[111.6514,-8.3799]]]]},"properties":{"kab":"Kabupaten Trenggalek","prov":"Jawa Timur","n":423,"kj":1,"dd":0,"top":[{"loc":"SDI Lukman Al Hakim","n":423,"d":"2026-08-11"}]}},{"type":"Feature","geometry":{"type":"MultiPolygon","coordinates":[[[[111.148,-7.5254],[111.1525,-7.5618],[111.1683,-7.5902],[111.193,-7.604],[111.1951,-7.6201],[111.2585,-7.5985],[111.2912,-7.6037],[111.3015,-7.5868],[111.3149,-7.583],[111.316,-7.5891],[111.3544,-7.5704],[111.3695,-7.5738],[111.3743,-7.5607],[111.3682,-7.5549],[111.3836,-7.5371],[111.4203,-7.5365],[111.4399,-7.5177],[111.4603,-7.5175],[111.4618,-7.5093],[111.5032,-7.516],[111.5118,-7.5236],[111.5082,-7.5369],[111.5296,-7.5464],[111.5411,-7.5359],[111.5615,-7.5468],[111.5598,-7.5364],[111.5476,-7.5378],[111.5503,-7.5274],[111.5871,-7.5213],[111.5804,-7.5125],[111.5909,-7.5065],[111.613,-7.4663],[111.6231,-7.4685],[111.6516,-7.451],[111.6509,-7.439],[111.6736,-7.4107],[111.6307,-7.3897],[111.6138,-7.3698],[111.5749,-7.3486],[111.5665,-7.36],[111.5536,-7.3587],[111.5451,-7.3701],[111.5282,-7.3721],[111.5135,-7.3629],[111.4721,-7.3574],[111.4561,-7.3673],[111.4625,-7.3781],[111.433,-7.3652],[111.4202,-7.3457],[111.372,-7.3406],[111.3607,-7.3301],[111.3449,-7.3352],[111.3447,-7.3192],[111.3335,-7.3209],[111.287,-7.29],[111.2436,-7.285],[111.2194,-7.2502],[111.2011,-7.2449],[111.1992,-7.2556],[111.1778,-7.2646],[111.1503,-7.2602],[111.1355,-7.2945],[111.1405,-7.3081],[111.1553,-7.3133],[111.1419,-7.3324],[111.1432,-7.3744],[111.1186,-7.4199],[111.1288,-7.4612],[111.1372,-7.4655],[111.1352,-7.4836],[111.1527,-7.4995],[111.148,-7.5254]]],[[[111.4135,-7.5456],[111.4172,-7.5412],[111.4135,-7.5456]]]]},"properties":{"kab":"Kabupaten Ngawi","prov":"Jawa Timur","n":430,"kj":5,"dd":0,"top":[{"loc":"Ponpes Absoru Sunah","n":220,"d":"2025-12-04"},{"loc":"SDN 2 Jenggrik","n":87,"d":"2025-11-26"},{"loc":"Ponpes Al hijrah","n":67,"d":"2026-02-13"}]}},{"type":"Feature","geometry":{"type":"Polygon","coordinates":[[[114.5137,-3.5429],[114.605,-3.535],[114.6821,-3.5178],[114.6746,-3.4608],[114.7194,-3.3775],[114.7366,-3.3841],[114.7358,-3.3984],[114.7392,-3.3897],[114.7476,-3.3911],[114.7838,-3.4212],[114.8294,-3.4305],[114.8402,-3.4263],[114.8451,-3.4375],[114.865,-3.4458],[114.8737,-3.4392],[114.9048,-3.4545],[114.9014,-3.475],[114.8908,-3.4722],[114.9064,-3.4973],[114.9052,-3.5321],[114.8851,-3.5566],[114.894,-3.5666],[114.9067,-3.5622],[114.9108,-3.5676],[114.9348,-3.6126],[114.932,-3.6233],[114.957,-3.6262],[114.9631,-3.6341],[114.9603,-3.6509],[114.9268,-3.7043],[114.9305,-3.7122],[114.9236,-3.7218],[114.9311,-3.7288],[114.9504,-3.7264],[114.9926,-3.7011],[115.0272,-3.6931],[115.0316,-3.7023],[115.0423,-3.7017],[115.069,-3.6804],[115.0801,-3.6821],[115.1113,-3.6385],[115.1237,-3.64],[115.187,-3.6081],[115.2256,-3.599],[115.236,-3.5782],[115.2698,-3.5589],[115.305,-3.5167],[115.3516,-3.5034],[115.4115,-3.4517],[115.3907,-3.4374],[115.3961,-3.3624],[115.404,-3.3401],[115.4166,-3.3369],[115.4159,-3.3159],[115.4289,-3.296],[115.3921,-3.2504],[115.4022,-3.2363],[115.4246,-3.2596],[115.4365,-3.2599],[115.4475,-3.2408],[115.4457,-3.225],[115.4206,-3.228],[115.4147,-3.2223],[115.4245,-3.2013],[115.4184,-3.1816],[115.4236,-3.1419],[115.4324,-3.1361],[115.4341,-3.1198],[115.445,-3.123],[115.4604,-3.1082],[115.4713,-3.1128],[115.479,-3.0959],[115.4877,-3.0962],[115.4916,-3.0868],[115.4811,-3.0759],[115.4834,-3.0628],[115.4959,-3.0589],[115.4995,-3.0424],[115.5191,-3.0327],[115.5113,-3.0107],[115.5261,-2.998],[115.5276,-2.9842],[115.5422,-2.9773],[115.5573,-2.9846],[115.5542,-2.9445],[115.5772,-2.9309],[115.5958,-2.8916],[115.5773,-2.8835],[115.5716,-2.8516],[115.5557,-2.8311],[115.5447,-2.832],[115.5237,-2.8716],[115.4854,-2.9173],[115.4777,-2.9403],[115.4653,-2.9411],[115.4465,-2.9571],[115.435,-2.9769],[115.4125,-2.9822],[115.3986,-2.9959],[115.3875,-2.979],[115.3536,-2.9834],[115.3451,-2.9653],[115.3225,-2.9689],[115.3128,-2.9818],[115.2778,-2.9979],[115.2604,-3.0286],[115.2386,-3.0479],[115.2163,-3.0473],[115.1969,-3.0855],[115.168,-3.1147],[115.1812,-3.1307],[115.2114,-3.1254],[115.2419,-3.1358],[115.2444,-3.1557],[115.2376,-3.1668],[115.2002,-3.1746],[115.1898,-3.1628],[115.1752,-3.1625],[115.1657,-3.1882],[115.1486,-3.1854],[115.1231,-3.1961],[115.0646,-3.1678],[115.0547,-3.1724],[115.0251,-3.1629],[115.0313,-3.1448],[115.0258,-3.1342],[114.8284,-3.0153],[114.8306,-3.0945],[114.8692,-3.064],[114.8691,-3.1366],[114.8256,-3.1651],[114.8219,-3.2007],[114.7984,-3.2101],[114.7888,-3.2031],[114.7889,-3.22],[114.7804,-3.2305],[114.7672,-3.227],[114.6386,-3.2756],[114.6283,-3.3131],[114.6596,-3.3356],[114.657,-3.3484],[114.6329,-3.3465],[114.6159,-3.3684],[114.5957,-3.3668],[114.5862,-3.3821],[114.5666,-3.3736],[114.5699,-3.3668],[114.549,-3.374],[114.5223,-3.3634],[114.5068,-3.388],[114.5198,-3.4328],[114.5151,-3.5017],[114.5127,-3.5132],[114.4988,-3.5189],[114.5137,-3.5429]]]},"properties":{"kab":"Kabupaten Banjar","prov":"Kalimantan Selatan","n":134,"kj":1,"dd":0,"top":[{"loc":"Sekolah Islam Terpadu Assalam","n":134,"d":"2025-10-09"}]}},{"type":"Feature","geometry":{"type":"Polygon","coordinates":[[[109.7522,-7.4463],[109.7613,-7.4795],[109.755,-7.4962],[109.7734,-7.5191],[109.7411,-7.5309],[109.7381,-7.5535],[109.7306,-7.559],[109.7384,-7.5607],[109.7632,-7.6033],[109.8037,-7.6111],[109.8449,-7.5653],[109.8724,-7.5479],[109.8676,-7.5313],[109.8748,-7.5265],[109.8806,-7.5332],[109.9012,-7.5177],[109.9411,-7.534],[109.9737,-7.535],[109.9683,-7.5629],[109.9789,-7.5769],[109.9954,-7.5754],[110.0008,-7.5896],[110.0168,-7.5855],[110.0142,-7.5663],[110.0354,-7.5522],[110.0338,-7.5329],[110.0454,-7.5347],[110.0521,-7.4818],[110.0649,-7.46],[110.0595,-7.4218],[110.0743,-7.3851],[110.0316,-7.348],[110.0183,-7.3212],[109.9963,-7.301],[109.9901,-7.281],[109.9944,-7.2603],[109.9227,-7.1868],[109.9107,-7.2],[109.907,-7.2212],[109.8617,-7.2328],[109.8398,-7.2864],[109.7966,-7.3273],[109.7831,-7.3628],[109.7512,-7.3887],[109.7929,-7.4122],[109.8295,-7.4198],[109.8328,-7.4465],[109.7866,-7.4478],[109.7672,-7.4362],[109.7522,-7.4463]]]},"properties":{"kab":"Kabupaten Wonosobo","prov":"Jawa Tengah","n":26,"kj":1,"dd":0,"top":[{"loc":"SD Negeri 1 Kapulogo","n":26,"d":"2026-02-06"}]}},{"type":"Feature","geometry":{"type":"Polygon","coordinates":[[[128.0847,-3.7224],[128.0995,-3.7139],[128.1057,-3.6944],[128.117,-3.6866],[128.1584,-3.6661],[128.2016,-3.659],[128.1947,-3.6414],[128.2326,-3.6281],[128.2447,-3.6387],[128.1985,-3.664],[128.1718,-3.7012],[128.1572,-3.7049],[128.1298,-3.7556],[128.1044,-3.7717],[128.0897,-3.7924],[128.1513,-3.7714],[128.1592,-3.7497],[128.1827,-3.7441],[128.1957,-3.7519],[128.2271,-3.7482],[128.2644,-3.7292],[128.2697,-3.7051],[128.2981,-3.6952],[128.301,-3.6838],[128.2916,-3.6589],[128.257,-3.6307],[128.2614,-3.6181],[128.2712,-3.6179],[128.2691,-3.5988],[128.242,-3.5753],[128.229,-3.5843],[128.2142,-3.624],[128.2026,-3.6305],[128.1871,-3.6278],[128.1798,-3.641],[128.1619,-3.6454],[128.1218,-3.6441],[128.1004,-3.6518],[128.0678,-3.6765],[128.0665,-3.694],[128.0847,-3.7224]]]},"properties":{"kab":"Kota Ambon","prov":"Maluku","n":16,"kj":1,"dd":0,"top":[{"loc":"SD Inpres 35 Passo","n":16,"d":"2025-09-19"}]}},{"type":"Feature","geometry":{"type":"MultiPolygon","coordinates":[[[[120.9359,-1.6505],[121.0021,-1.6467],[121.0898,-1.5967],[121.1342,-1.5981],[121.1421,-1.5702],[121.1969,-1.5733],[121.2307,-1.5232],[121.2458,-1.5139],[121.2627,-1.5153],[121.2674,-1.4999],[121.2901,-1.4778],[121.3342,-1.4554],[121.3766,-1.4497],[121.3994,-1.4336],[121.4694,-1.3657],[121.488,-1.3322],[121.6042,-1.3736],[121.6428,-1.406],[121.6952,-1.416],[121.7587,-1.3693],[121.8203,-1.3],[121.8662,-1.2736],[121.8897,-1.2788],[121.9321,-1.3059],[121.9848,-1.3919],[121.9896,-1.3766],[122.0032,-1.3837],[122.0135,-1.3789],[122.0169,-1.351],[122.0256,-1.3526],[122.0383,-1.3406],[122.1106,-1.3761],[122.1304,-1.344],[122.1194,-1.3315],[122.1314,-1.3235],[122.1211,-1.2814],[122.1268,-1.2752],[122.1105,-1.2589],[122.0572,-1.2471],[122.0661,-1.2256],[122.0528,-1.2121],[122.0441,-1.1704],[122.033,-1.171],[122.0095,-1.1508],[122.0034,-1.1313],[121.9704,-1.1239],[121.9555,-1.1113],[121.948,-1.1271],[121.9367,-1.1298],[121.9204,-1.0959],[121.8955,-1.0891],[121.8834,-1.0722],[121.8754,-1.0724],[121.8538,-1.0135],[121.8552,-0.969],[121.8332,-0.969],[121.8134,-0.9571],[121.8067,-0.9641],[121.7934,-0.9605],[121.7783,-0.9707],[121.7614,-0.971],[121.7296,-0.9517],[121.7109,-0.9496],[121.7114,-0.9407],[121.6969,-0.9268],[121.6579,-0.9134],[121.658,-0.8855],[121.6695,-0.8571],[121.6637,-0.8129],[121.6547,-0.8022],[121.6339,-0.807],[121.608,-0.8264],[121.5972,-0.8249],[121.5899,-0.8355],[121.6014,-0.8509],[121.5887,-0.866],[121.5383,-0.8728],[121.4805,-0.8996],[121.4501,-0.9723],[121.396,-1.0053],[121.3919,-1.0354],[121.3494,-1.0543],[121.3047,-1.1018],[121.2789,-1.1586],[121.2535,-1.1748],[121.2454,-1.1932],[121.222,-1.2025],[121.2228,-1.2161],[121.2049,-1.24],[121.208,-1.2617],[121.1933,-1.2727],[121.1939,-1.2945],[121.1814,-1.3262],[121.1606,-1.3491],[121.1632,-1.3671],[121.1355,-1.3838],[121.1318,-1.4028],[121.1116,-1.4297],[121.0903,-1.4402],[121.058,-1.4404],[121.038,-1.4339],[121.0382,-1.4141],[121.0158,-1.42],[120.9809,-1.3995],[120.9499,-1.4151],[120.8877,-1.411],[120.8941,-1.51],[120.9255,-1.6019],[120.9239,-1.6411],[120.9359,-1.6505]]],[[[121.6283,-0.5939],[121.6271,-0.5828],[121.6213,-0.5904],[121.6283,-0.5939]]],[[[121.6564,-0.1812],[121.6536,-0.1357],[121.6287,-0.1212],[121.5973,-0.1323],[121.564,-0.1602],[121.5668,-0.1824],[121.6035,-0.2138],[121.6365,-0.2084],[121.6564,-0.1812]]],[[[121.6637,-0.8864],[121.6637,-0.8864]]],[[[121.6665,-0.8835],[121.6665,-0.8835]]],[[[121.6711,-0.5753],[121.6589,-0.5831],[121.6781,-0.5863],[121.6711,-0.5753]]],[[[121.704,-0.5559],[121.7129,-0.5283],[121.7223,-0.5248],[121.7379,-0.4949],[121.7468,-0.4975],[121.7468,-0.5111],[121.7638,-0.5012],[121.7793,-0.5028],[121.7823,-0.4944],[121.8065,-0.5164],[121.8255,-0.5213],[121.831,-0.5324],[121.8437,-0.5206],[121.8625,-0.5173],[121.8564,-0.5045],[121.8546,-0.5099],[121.8344,-0.4963],[121.863,-0.4964],[121.8781,-0.5268],[121.8714,-0.5349],[121.8862,-0.5397],[121.9185,-0.512],[121.9092,-0.4996],[121.9121,-0.4867],[121.922,-0.4887],[121.9156,-0.4824],[121.9213,-0.4749],[121.9136,-0.4723],[121.9148,-0.4415],[121.8981,-0.4247],[121.851,-0.4087],[121.8071,-0.441],[121.7914,-0.4447],[121.7895,-0.4386],[121.7831,-0.4498],[121.7786,-0.4227],[121.77,-0.4157],[121.7723,-0.4228],[121.7674,-0.4178],[121.755,-0.4291],[121.7688,-0.4604],[121.7633,-0.4639],[121.7564,-0.4507],[121.739,-0.4487],[121.7213,-0.4731],[121.6974,-0.4719],[121.7056,-0.4809],[121.6928,-0.4796],[121.6947,-0.4893],[121.6731,-0.5132],[121.6694,-0.5324],[121.6504,-0.5408],[121.6614,-0.5549],[121.6552,-0.5674],[121.6602,-0.5772],[121.6797,-0.5616],[121.7,-0.5631],[121.704,-0.5559]]],[[[121.6882,-0.4914],[121.6882,-0.4914]]],[[[121.6924,-0.4771],[121.6924,-0.4771]]],[[[121.6968,-0.4727],[121.6968,-0.4727]]],[[[121.6964,-0.4707],[121.6951,-0.4697],[121.6945,-0.4706],[121.6964,-0.4707]]],[[[121.7008,-0.467],[121.7008,-0.467]]],[[[121.7706,-0.7405],[121.7568,-0.7416],[121.7681,-0.755],[121.7706,-0.7405]]],[[[121.7602,-0.5096],[121.7602,-0.5096]]],[[[121.7659,-0.5037],[121.7659,-0.5037]]],[[[121.7162,-0.4736],[121.7162,-0.4736]]],[[[121.7093,-0.4675],[121.7093,-0.4675]]],[[[121.7632,-0.4599],[121.7632,-0.4599]]],[[[121.7651,-0.4604],[121.7651,-0.4604]]],[[[121.7631,-0.4575],[121.7631,-0.4575]]],[[[121.7622,-0.4461],[121.7622,-0.4461]]],[[[121.7846,-0.4399],[121.7846,-0.4399]]],[[[121.7927,-0.4374],[121.7927,-0.4374]]],[[[121.7825,-0.4351],[121.7825,-0.4351]]],[[[121.7885,-0.4357],[121.7885,-0.4357]]],[[[121.7893,-0.416],[121.7959,-0.4105],[121.7893,-0.416]]],[[[121.7962,-0.4014],[121.7962,-0.4014]]],[[[121.901,-0.5313],[121.901,-0.5313]]],[[[121.8727,-0.5238],[121.8711,-0.5136],[121.861,-0.5243],[121.8727,-0.5303],[121.8727,-0.5238]]],[[[121.9166,-0.4409],[121.9158,-0.4491],[121.9166,-0.4409]]],[[[121.8035,-0.427],[121.8047,-0.427],[121.804,-0.4254],[121.8035,-0.427]]],[[[121.8069,-0.4223],[121.8047,-0.4156],[121.7936,-0.4275],[121.8069,-0.4223]]],[[[121.9078,-0.4349],[121.919,-0.4395],[121.9674,-0.4176],[121.9776,-0.4255],[121.9851,-0.4177],[122.0045,-0.4238],[122.0053,-0.4162],[122.0109,-0.4212],[122.0038,-0.4059],[122.0101,-0.3996],[122.0174,-0.4188],[122.0273,-0.4144],[122.027,-0.4233],[122.0416,-0.426],[122.0546,-0.4209],[122.0533,-0.4014],[122.0611,-0.4074],[122.0683,-0.3962],[122.0545,-0.373],[122.0616,-0.372],[122.06,-0.3485],[122.0401,-0.3389],[122.0396,-0.3588],[122.0195,-0.3533],[122.0238,-0.3664],[122.0119,-0.3729],[122.0042,-0.3552],[121.9802,-0.3549],[121.991,-0.3412],[121.9717,-0.3475],[121.9684,-0.3434],[121.9791,-0.3415],[121.9722,-0.3417],[121.9694,-0.3262],[121.9594,-0.3314],[121.9418,-0.3236],[121.9256,-0.3277],[121.9318,-0.3284],[121.9248,-0.3349],[121.9321,-0.344],[121.9456,-0.3432],[121.9492,-0.3343],[121.954,-0.3374],[121.9475,-0.3486],[121.9612,-0.3431],[121.9592,-0.3508],[121.9716,-0.3538],[121.9663,-0.3615],[121.9579,-0.3555],[121.9578,-0.3652],[121.9519,-0.3534],[121.9474,-0.3643],[121.9451,-0.3563],[121.9404,-0.3643],[121.935,-0.3577],[121.9361,-0.3694],[121.9275,-0.371],[121.9163,-0.3379],[121.8883,-0.3409],[121.8723,-0.3599],[121.8847,-0.3609],[121.8748,-0.372],[121.8631,-0.3697],[121.8596,-0.3839],[121.8765,-0.3919],[121.8705,-0.3949],[121.8762,-0.4138],[121.8982,-0.422],[121.9078,-0.4349]]],[[[121.8,-0.4169],[121.8,-0.4169]]],[[[121.8276,-0.4158],[121.8276,-0.4158]]],[[[121.8196,-0.3923],[121.8141,-0.3907],[121.8158,-0.4084],[121.8274,-0.3973],[121.8196,-0.3923]]],[[[121.875,-0.3541],[121.847,-0.3532],[121.8413,-0.3599],[121.8564,-0.3655],[121.875,-0.3541]]],[[[121.8498,-0.3543],[121.8498,-0.3543]]],[[[121.8487,-0.3513],[121.8487,-0.3513]]],[[[121.8354,-0.3527],[121.8298,-0.3524],[121.8354,-0.3527]]],[[[121.8831,-0.3434],[121.8831,-0.3434]]],[[[121.9076,-0.3352],[121.8963,-0.3393],[121.9083,-0.3407],[121.9076,-0.3352]]],[[[121.9285,-0.4741],[121.9285,-0.4741]]],[[[121.9228,-0.4717],[121.9228,-0.4717]]],[[[121.9215,-0.4591],[121.9215,-0.4591]]],[[[121.9261,-0.4411],[121.9191,-0.4398],[121.9233,-0.449],[121.9261,-0.4411]]],[[[121.9416,-0.4331],[121.937,-0.4369],[121.9416,-0.4331]]],[[[122.0178,-0.4297],[122.0217,-0.4356],[122.0178,-0.4297]]],[[[121.9815,-0.4283],[121.9815,-0.4283]]],[[[122.0634,-0.4279],[122.0634,-0.4279]]],[[[122.0303,-0.4247],[122.0303,-0.4247]]],[[[122.0698,-0.4263],[122.0698,-0.4263]]],[[[122.0156,-0.4244],[122.0156,-0.4244]]],[[[122.0223,-0.3638],[122.0184,-0.3687],[122.0223,-0.3638]]],[[[121.982,-0.3529],[121.982,-0.3529]]],[[[122.0136,-0.3519],[122.0136,-0.3519]]],[[[121.9417,-0.3421],[121.9409,-0.3473],[121.9417,-0.3421]]],[[[121.9996,-0.3388],[121.9937,-0.3429],[121.9996,-0.3388]]],[[[121.9802,-0.3362],[121.9802,-0.3362]]],[[[122.0334,-0.327],[122.0359,-0.3212],[122.0334,-0.327]]],[[[121.9499,-0.3165],[121.9395,-0.3151],[121.9499,-0.3165]]],[[[121.9862,-0.3139],[121.979,-0.313],[121.9862,-0.3139]]],[[[121.963,-0.3131],[121.963,-0.3131]]],[[[122.0138,-0.2859],[122.0179,-0.2765],[122.0061,-0.2854],[122.0138,-0.2859]]],[[[122.0825,-0.2642],[122.0942,-0.2531],[122.0868,-0.241],[122.0436,-0.2555],[122.0284,-0.2747],[122.0471,-0.2762],[122.0695,-0.2607],[122.0825,-0.2642]]],[[[122.102,-0.4449],[122.102,-0.4449]]],[[[122.0721,-0.4435],[122.0721,-0.4435]]],[[[122.0821,-0.442],[122.0821,-0.442]]],[[[122.1024,-0.4397],[122.1024,-0.4397]]],[[[122.0705,-0.442],[122.0705,-0.442]]],[[[122.0958,-0.4398],[122.0958,-0.4398]]],[[[122.0851,-0.4396],[122.0851,-0.4396]]],[[[122.1025,-0.4356],[122.1025,-0.4356]]],[[[122.1125,-0.4372],[122.1125,-0.4372]]],[[[122.0735,-0.4342],[122.0735,-0.4342]]],[[[122.0715,-0.4307],[122.0715,-0.4307]]],[[[122.0781,-0.4328],[122.0781,-0.4328]]],[[[122.0738,-0.4251],[122.0746,-0.431],[122.0738,-0.4251]]],[[[122.1055,-0.4256],[122.1055,-0.4256]]],[[[122.1173,-0.424],[122.1173,-0.424]]],[[[122.0787,-0.4181],[122.0661,-0.4256],[122.0766,-0.426],[122.0787,-0.4181]]],[[[122.1289,-0.4177],[122.1328,-0.4124],[122.1361,-0.421],[122.1385,-0.411],[122.1456,-0.4189],[122.1406,-0.4069],[122.1529,-0.3965],[122.1481,-0.3734],[122.137,-0.3671],[122.1458,-0.3562],[122.1415,-0.3403],[122.1337,-0.346],[122.1381,-0.3561],[122.1209,-0.3391],[122.1105,-0.3398],[122.117,-0.3321],[122.1048,-0.3277],[122.1105,-0.3109],[122.104,-0.3116],[122.1075,-0.3037],[122.0906,-0.2717],[122.0809,-0.3076],[122.0709,-0.3027],[122.0768,-0.3219],[122.0672,-0.3289],[122.0749,-0.3448],[122.0601,-0.355],[122.0626,-0.3682],[122.0688,-0.3663],[122.0673,-0.3919],[122.0838,-0.3951],[122.0636,-0.4094],[122.0783,-0.4149],[122.0796,-0.4283],[122.0904,-0.4301],[122.0874,-0.4408],[122.0973,-0.4472],[122.0933,-0.428],[122.1079,-0.4344],[122.1032,-0.4186],[122.0913,-0.4113],[122.0941,-0.3999],[122.1255,-0.4235],[122.1289,-0.4177]]],[[[122.0997,-0.4073],[122.0997,-0.4073]]],[[[122.0971,-0.4036],[122.0971,-0.4036]]],[[[122.08,-0.3992],[122.0748,-0.3979],[122.08,-0.3992]]],[[[122.1302,-0.3443],[122.1302,-0.3443]]],[[[122.1102,-0.3243],[122.1102,-0.3243]]],[[[122.1169,-0.2542],[122.1148,-0.2683],[122.1283,-0.2661],[122.1169,-0.2542]]],[[[122.1629,-0.4738],[122.1629,-0.4738]]],[[[122.3833,-0.3618],[122.383,-0.3481],[122.368,-0.3298],[122.3741,-0.3237],[122.3697,-0.3162],[122.3787,-0.3132],[122.3728,-0.3012],[122.3841,-0.2938],[122.3774,-0.287],[122.3799,-0.2734],[122.3606,-0.2719],[122.3541,-0.2569],[122.3115,-0.2358],[122.2915,-0.2475],[122.2822,-0.2218],[122.2646,-0.2385],[122.2591,-0.2174],[122.2496,-0.2204],[122.2393,-0.2059],[122.2292,-0.2119],[122.2331,-0.2365],[122.2504,-0.2587],[122.2527,-0.2535],[122.2768,-0.2681],[122.2852,-0.2566],[122.2925,-0.2685],[122.3017,-0.2579],[122.3034,-0.2686],[122.3297,-0.2939],[122.3407,-0.285],[122.3614,-0.3469],[122.3955,-0.3892],[122.3833,-0.3618]]],[[[122.1426,-0.3362],[122.1426,-0.3362]]],[[[122.2331,-0.3136],[122.2331,-0.3136]]],[[[122.2383,-0.3045],[122.2323,-0.3031],[122.2352,-0.3095],[122.2383,-0.3045]]],[[[122.3286,-0.3056],[122.3286,-0.3056]]],[[[122.3169,-0.2881],[122.3169,-0.2881]]],[[[122.2672,-0.2891],[122.2672,-0.2891]]],[[[122.274,-0.2861],[122.274,-0.2861]]],[[[122.3155,-0.2848],[122.3155,-0.2848]]],[[[122.2449,-0.2818],[122.2506,-0.2808],[122.2441,-0.2735],[122.2283,-0.2729],[122.233,-0.258],[122.2148,-0.2612],[122.2187,-0.2484],[122.2024,-0.2455],[122.1923,-0.2572],[122.1855,-0.2517],[122.211,-0.2183],[122.2078,-0.2101],[122.1862,-0.2147],[122.1475,-0.2446],[122.1515,-0.2628],[122.1773,-0.2513],[122.1725,-0.2601],[122.1805,-0.2804],[122.2072,-0.2734],[122.202,-0.2787],[122.2133,-0.2915],[122.2389,-0.2811],[122.2295,-0.2926],[122.2333,-0.2982],[122.2453,-0.2925],[122.2449,-0.2818]]],[[[122.1526,-0.265],[122.1494,-0.2768],[122.1526,-0.265]]],[[[122.2456,-0.2596],[122.2456,-0.2596]]],[[[122.285,-0.2205],[122.285,-0.2205]]]]},"properties":{"kab":"Kabupaten Tojo Una Una","prov":"Sulawesi Tengah","n":5,"kj":1,"dd":0,"top":[{"loc":"SDN Tampanombo","n":5,"d":"2025-12-11"}]}},{"type":"Feature","geometry":{"type":"Polygon","coordinates":[[[102.2576,-3.7557],[102.2713,-3.7432],[102.2986,-3.7411],[102.3147,-3.7746],[102.3298,-3.7734],[102.3314,-3.7803],[102.3249,-3.781],[102.335,-3.7851],[102.3324,-3.7976],[102.3542,-3.8127],[102.3493,-3.8243],[102.3617,-3.8551],[102.3919,-3.8546],[102.3924,-3.8707],[102.4146,-3.8693],[102.4621,-3.8437],[102.4896,-3.8598],[102.4901,-3.8513],[102.5106,-3.837],[102.5325,-3.829],[102.5533,-3.833],[102.5634,-3.8082],[102.5741,-3.8037],[102.606,-3.8112],[102.6203,-3.8022],[102.5984,-3.7665],[102.597,-3.748],[102.583,-3.7454],[102.5798,-3.7042],[102.5735,-3.6989],[102.5779,-3.6834],[102.5515,-3.6767],[102.5451,-3.6608],[102.5282,-3.6561],[102.5288,-3.6429],[102.5127,-3.6208],[102.5136,-3.5928],[102.4912,-3.5754],[102.4832,-3.5566],[102.4337,-3.5491],[102.4464,-3.5291],[102.4245,-3.5241],[102.4293,-3.5108],[102.4168,-3.4762],[102.3904,-3.4956],[102.3693,-3.4947],[102.3299,-3.5304],[102.2604,-3.5515],[102.2585,-3.6049],[102.2425,-3.6077],[102.2442,-3.5818],[102.2332,-3.5618],[102.199,-3.593],[102.2121,-3.6083],[102.2067,-3.6256],[102.2156,-3.6331],[102.1997,-3.6474],[102.2383,-3.6841],[102.2453,-3.7034],[102.2339,-3.7178],[102.2576,-3.7557]]]},"properties":{"kab":"Kabupaten Bengkulu Tengah","prov":"Bengkulu","n":8,"kj":1,"dd":0,"top":[{"loc":"SMP Negeri 3 Bengkulu Tengah","n":8,"d":"2026-04-23"}]}},{"type":"Feature","geometry":{"type":"Polygon","coordinates":[[[108.8738,0.8402],[108.9181,0.7954],[108.9675,0.7717],[108.9547,0.7582],[108.9744,0.764],[108.9837,0.7621],[108.9934,0.7456],[109.0511,0.7452],[109.048,0.7584],[109.0715,0.756],[109.0765,0.7829],[109.0515,0.7883],[109.0507,0.8365],[109.094,0.8434],[109.1129,0.8602],[109.1127,0.871],[109.1453,0.8815],[109.1743,0.9068],[109.1569,0.9378],[109.1759,0.9624],[109.1738,0.9785],[109.1627,0.9714],[109.1503,0.9787],[109.1462,1.0095],[109.1295,1.0179],[109.0957,1.0047],[109.0931,0.9904],[109.0833,1.001],[109.0473,1.0081],[108.9785,0.9974],[108.9739,0.9538],[108.9537,0.9064],[108.9132,0.8635],[108.893,0.8703],[108.8915,0.8582],[108.8738,0.8402]]]},"properties":{"kab":"Kota Singkawang","prov":"Kalimantan Barat","n":56,"kj":1,"dd":0,"top":[{"loc":"MAN Model Singkawang","n":56,"d":"2026-02-05"}]}},{"type":"Feature","geometry":{"type":"MultiPolygon","coordinates":[[[[114.0275,-8.6465],[114.0275,-8.6465]]],[[[114.0264,-8.6455],[114.0264,-8.6455]]],[[[114.084,-8.6331],[114.084,-8.6331]]],[[[113.9936,-8.6162],[113.9936,-8.6162]]],[[[113.9929,-8.6134],[113.9929,-8.6134]]],[[[113.9948,-8.6091],[113.9948,-8.6091]]],[[[114.0259,-8.6065],[114.0259,-8.6065]]],[[[113.8376,-8.5537],[113.8533,-8.5498],[113.8643,-8.5614],[113.8761,-8.557],[113.9094,-8.579],[113.9233,-8.5737],[113.9257,-8.5602],[113.9355,-8.5666],[113.9346,-8.5606],[113.9467,-8.5589],[113.9688,-8.5838],[113.9661,-8.5963],[113.9475,-8.5995],[113.9565,-8.6135],[113.9886,-8.6057],[113.9901,-8.5987],[113.9964,-8.6074],[113.9971,-8.5929],[114.0148,-8.5897],[114.0299,-8.5994],[114.0316,-8.6297],[114.0481,-8.6373],[114.0499,-8.6465],[114.0593,-8.6267],[114.0844,-8.6289],[114.0873,-8.6173],[114.0961,-8.6147],[114.2207,-8.6448],[114.2297,-8.6202],[114.2265,-8.6036],[114.2588,-8.6018],[114.3288,-8.6295],[114.3698,-8.6706],[114.3766,-8.7048],[114.3671,-8.7223],[114.3428,-8.7348],[114.345,-8.7425],[114.3695,-8.7504],[114.4469,-8.7528],[114.5324,-8.7802],[114.5885,-8.7623],[114.6053,-8.7173],[114.5702,-8.6607],[114.5143,-8.6501],[114.4804,-8.6179],[114.449,-8.6391],[114.4229,-8.6046],[114.4013,-8.5433],[114.4093,-8.5095],[114.397,-8.4945],[114.3952,-8.4531],[114.3826,-8.4488],[114.3877,-8.4836],[114.3761,-8.5321],[114.3575,-8.5365],[114.3513,-8.5253],[114.3706,-8.48],[114.3557,-8.4701],[114.3407,-8.4171],[114.3606,-8.3358],[114.3658,-8.2792],[114.3902,-8.2344],[114.3862,-8.206],[114.3823,-8.2104],[114.3802,-8.2041],[114.4021,-8.1487],[114.3985,-8.1211],[114.4301,-8.0649],[114.434,-8.0306],[114.426,-8.0157],[114.424,-7.9355],[114.4125,-7.9399],[114.3967,-7.9269],[114.3332,-7.9069],[114.3063,-7.8852],[114.2933,-7.8888],[114.2497,-7.9394],[114.2251,-7.983],[114.2407,-8.0134],[114.2358,-8.031],[114.2488,-8.0448],[114.2368,-8.0649],[114.2197,-8.0737],[114.2141,-8.0995],[114.1952,-8.1036],[114.1837,-8.121],[114.1765,-8.1203],[114.1729,-8.1076],[114.1465,-8.101],[114.0917,-8.1162],[114.0794,-8.1266],[114.0468,-8.1252],[114.038,-8.1399],[114.0221,-8.1419],[113.9897,-8.1834],[113.9707,-8.1896],[113.9576,-8.207],[113.9679,-8.22],[113.9645,-8.2382],[113.9354,-8.2704],[113.9212,-8.3084],[113.9284,-8.32],[113.9242,-8.3349],[113.9104,-8.3446],[113.9212,-8.3575],[113.9247,-8.3855],[113.9473,-8.4017],[113.9344,-8.4232],[113.9103,-8.442],[113.8992,-8.4344],[113.8904,-8.4104],[113.8547,-8.43],[113.8422,-8.4949],[113.8551,-8.5196],[113.8376,-8.5537]]],[[[113.9147,-8.5849],[113.9147,-8.5849]]],[[[114.3819,-8.2082],[114.3815,-8.2022],[114.3819,-8.2082]]],[[[114.46,-8.0368],[114.46,-8.0368]]]]},"properties":{"kab":"Kabupaten Banyuwangi","prov":"Jawa Timur","n":245,"kj":2,"dd":0,"top":[{"loc":"SMPN 3 Kalipuro","n":133,"d":"2025-10-24"},{"loc":"MAN 1 Banyuwangi","n":112,"d":"2025-10-23"}]}},{"type":"Feature","geometry":{"type":"MultiPolygon","coordinates":[[[[111.7792,-8.3686],[111.7792,-8.3686]]],[[[111.7827,-8.3668],[111.7827,-8.3668]]],[[[111.7997,-8.3581],[111.7997,-8.3581]]],[[[111.7474,-8.347],[111.7474,-8.347]]],[[[111.7697,-8.2888],[111.7784,-8.2782],[111.7699,-8.2701],[111.7756,-8.2591],[111.7951,-8.2553],[111.8036,-8.2626],[111.7997,-8.2697],[111.8087,-8.2641],[111.8424,-8.2818],[111.8351,-8.2645],[111.8403,-8.2586],[111.8536,-8.2706],[111.8625,-8.2687],[111.8751,-8.2902],[111.8992,-8.3042],[111.9115,-8.2967],[111.937,-8.3064],[111.9439,-8.2965],[111.9364,-8.2867],[111.9501,-8.2772],[111.9749,-8.2812],[111.9935,-8.297],[112.0317,-8.3109],[112.022,-8.2269],[112.0289,-8.1681],[112.0786,-8.1875],[112.1037,-8.1584],[112.1165,-8.1576],[112.121,-8.126],[112.0946,-8.1107],[112.0789,-8.1189],[112.0337,-8.0989],[111.9969,-8.0921],[111.9882,-8.0764],[111.9947,-8.0592],[111.9725,-8.0436],[111.9448,-7.9532],[111.9277,-7.9629],[111.8836,-7.9479],[111.863,-7.9077],[111.8304,-7.8774],[111.8027,-7.8657],[111.7992,-7.8366],[111.7858,-7.8335],[111.7714,-7.8561],[111.7785,-7.865],[111.7712,-7.8867],[111.7562,-7.8943],[111.7612,-7.9229],[111.744,-7.9324],[111.7381,-7.9585],[111.7605,-7.9879],[111.7552,-8.0318],[111.7802,-8.0392],[111.813,-8.0874],[111.8389,-8.0919],[111.8469,-8.1064],[111.8223,-8.1347],[111.7336,-8.1422],[111.7185,-8.1687],[111.7169,-8.1911],[111.7302,-8.2056],[111.7401,-8.2032],[111.7273,-8.2422],[111.7479,-8.2579],[111.7504,-8.2883],[111.7697,-8.2888]]]]},"properties":{"kab":"Kabupaten Tulungagung","prov":"Jawa Timur","n":333,"kj":5,"dd":0,"top":[{"loc":"SMKN 3 Boyolangu","n":123,"d":"2026-01-20"},{"loc":"Warga (Pelajar, Guru, Balita, Bumil dan Busui)","n":103,"d":"2026-07-27"},{"loc":"SDN 1 Tanggung","n":68,"d":"2025-10-13"}]}},{"type":"Feature","geometry":{"type":"MultiPolygon","coordinates":[[[[106.4118,-6.0242],[106.4075,-6.0309],[106.3931,-6.0277],[106.3797,-6.0389],[106.3673,-6.0381],[106.3519,-6.0498],[106.3504,-6.062],[106.3394,-6.0632],[106.3534,-6.0922],[106.3506,-6.1096],[106.3772,-6.1289],[106.3926,-6.152],[106.3908,-6.1791],[106.374,-6.1912],[106.3793,-6.2005],[106.3664,-6.2148],[106.3871,-6.2302],[106.3828,-6.2612],[106.3952,-6.2804],[106.3989,-6.3026],[106.3919,-6.3139],[106.3991,-6.3164],[106.4048,-6.3395],[106.4277,-6.3485],[106.4431,-6.3241],[106.4693,-6.3035],[106.4842,-6.3255],[106.4763,-6.3507],[106.5193,-6.3549],[106.5316,-6.3399],[106.5135,-6.3254],[106.5271,-6.3248],[106.5577,-6.3402],[106.5774,-6.3387],[106.5939,-6.3627],[106.6562,-6.36],[106.647,-6.3404],[106.6622,-6.3173],[106.6555,-6.3158],[106.6575,-6.2898],[106.6462,-6.2783],[106.6518,-6.2691],[106.6393,-6.2312],[106.6116,-6.2272],[106.6125,-6.2159],[106.6011,-6.2055],[106.5906,-6.2215],[106.5829,-6.2207],[106.5649,-6.2112],[106.5691,-6.2063],[106.553,-6.1993],[106.5515,-6.19],[106.5918,-6.1586],[106.5904,-6.1482],[106.6134,-6.1478],[106.6139,-6.1267],[106.6323,-6.1201],[106.6358,-6.1061],[106.6428,-6.1086],[106.6414,-6.1226],[106.6726,-6.1195],[106.6758,-6.0986],[106.725,-6.0896],[106.7087,-6.0558],[106.7126,-6.0406],[106.6791,-6.0127],[106.6635,-6.0223],[106.6468,-6.0047],[106.5848,-6.0325],[106.5517,-6.0249],[106.5352,-6.0105],[106.5234,-6.0329],[106.4851,-6.0487],[106.4118,-6.0242]]],[[[106.6441,-6.0055],[106.6324,-6.0099],[106.6441,-6.0055]]]]},"properties":{"kab":"Kota Tangerang","prov":"Banten","n":133,"kj":2,"dd":0,"top":[{"loc":"TK (Spesifik tidak disebutkan)","n":100,"d":"2026-04-08"},{"loc":"TBA (Tidak disebutkan)","n":33,"d":"2026-04-29"}]}},{"type":"Feature","geometry":{"type":"Polygon","coordinates":[[[104.6766,-3.0486],[104.7105,-3.0578],[104.7245,-3.0907],[104.7505,-3.0392],[104.7754,-3.0353],[104.778,-3.0516],[104.7902,-3.0535],[104.7858,-3.0376],[104.7918,-3.0266],[104.8048,-3.0294],[104.8108,-3.0407],[104.8086,-3.0204],[104.8363,-3.0136],[104.8346,-2.9867],[104.8618,-2.9684],[104.8641,-2.9462],[104.8548,-2.9474],[104.8427,-2.9201],[104.8513,-2.9078],[104.8332,-2.8958],[104.8196,-2.9164],[104.7902,-2.9076],[104.7885,-2.9007],[104.7682,-2.9158],[104.7273,-2.8969],[104.725,-2.8714],[104.714,-2.866],[104.7101,-2.8759],[104.7013,-2.8702],[104.6966,-2.8776],[104.688,-2.8708],[104.6741,-2.8756],[104.6664,-2.8918],[104.6821,-2.9087],[104.675,-2.9177],[104.6793,-2.9637],[104.6562,-2.974],[104.6346,-2.9571],[104.6449,-2.9511],[104.6434,-2.9343],[104.6234,-2.9283],[104.6119,-2.9593],[104.6489,-2.9841],[104.6388,-2.9987],[104.6337,-2.9942],[104.6375,-3.013],[104.6315,-3.0172],[104.6644,-3.0415],[104.6729,-3.035],[104.6766,-3.0486]]]},"properties":{"kab":"Kota Palembang","prov":"Sumatera Selatan","n":62,"kj":4,"dd":0,"top":[{"loc":"SMAN 2 Palembang","n":23,"d":"2025-11-26"},{"loc":"Pondok Pesantren Ma’had Zaadul Ma’ad","n":20,"d":"2025-11-05"},{"loc":"SDN 178 Palembang","n":15,"d":"2025-09-25"}]}},{"type":"Feature","geometry":{"type":"MultiPolygon","coordinates":[[[[117.5476,-2.9429],[117.5543,-2.9542],[117.5664,-2.9397],[117.5642,-2.9281],[117.5476,-2.9429]]],[[[118.7648,-2.875],[118.7648,-2.875]]],[[[118.7601,-2.802],[118.7601,-2.8039],[118.7609,-2.804],[118.7601,-2.802]]],[[[117.9453,-2.5399],[117.941,-2.537],[117.9453,-2.5399]]],[[[117.3637,-2.4919],[117.3637,-2.4919]]],[[[117.3766,-2.4588],[117.3766,-2.4588]]],[[[117.3228,-2.4506],[117.3262,-2.4548],[117.3228,-2.4506]]],[[[117.6521,-2.4543],[117.656,-2.4497],[117.6521,-2.4543]]],[[[117.5448,-2.4521],[117.5448,-2.4521]]],[[[117.4818,-2.4478],[117.4818,-2.4478]]],[[[117.5517,-2.4395],[117.5498,-2.4442],[117.5517,-2.4395]]],[[[117.4014,-2.4335],[117.4014,-2.4335]]],[[[117.5943,-2.4201],[117.5943,-2.4201]]],[[[117.3249,-2.3597],[117.3249,-2.3597]]],[[[117.2298,-2.3162],[117.2298,-2.3162]]],[[[117.6621,-2.277],[117.6621,-2.277]]],[[[117.0634,-2.2711],[117.0648,-2.2595],[117.0585,-2.2663],[117.0634,-2.2711]]],[[[117.1411,-2.24],[117.1383,-2.2387],[117.138,-2.2399],[117.1411,-2.24]]],[[[117.4096,-2.2233],[117.4096,-2.2233]]],[[[119.1302,-2.2984],[119.1348,-2.3081],[119.1232,-2.3119],[119.122,-2.3236],[119.1427,-2.3932],[119.1353,-2.4502],[119.1267,-2.4647],[119.1438,-2.4602],[119.1461,-2.4687],[119.042,-2.5089],[119.0325,-2.5316],[119.0298,-2.5825],[119.0088,-2.5854],[119.0103,-2.5998],[118.9987,-2.6043],[118.9991,-2.6139],[118.9819,-2.6285],[118.967,-2.6279],[118.9594,-2.6407],[118.9428,-2.6393],[118.9114,-2.6664],[118.8679,-2.6795],[118.8235,-2.622],[118.8162,-2.6217],[118.7979,-2.6656],[118.7792,-2.6893],[118.775,-2.7214],[118.7822,-2.7466],[118.7643,-2.7535],[118.7603,-2.7649],[118.7576,-2.7899],[118.7712,-2.8109],[118.77,-2.867],[118.8095,-2.851],[118.8306,-2.8573],[118.8518,-2.852],[118.885,-2.8867],[118.8853,-2.9113],[118.8776,-2.9224],[118.8843,-2.931],[118.8981,-2.9347],[118.9427,-2.9148],[118.9547,-2.928],[118.9749,-2.9288],[118.9803,-2.9451],[119.001,-2.9608],[119.0261,-2.9604],[119.0326,-2.9263],[119.0463,-2.9235],[119.0551,-2.9081],[119.035,-2.9094],[119.0222,-2.8982],[119.0253,-2.8886],[119.0134,-2.8674],[119.023,-2.852],[119.0254,-2.8055],[119.0131,-2.7736],[119.0263,-2.7429],[119.0448,-2.7369],[119.0618,-2.704],[119.0803,-2.7025],[119.1022,-2.6691],[119.1366,-2.6537],[119.1377,-2.6849],[119.1495,-2.6706],[119.1866,-2.6574],[119.2058,-2.6738],[119.2178,-2.7039],[119.2367,-2.7139],[119.2993,-2.7094],[119.3236,-2.6925],[119.3475,-2.6911],[119.346,-2.7032],[119.3686,-2.709],[119.3641,-2.72],[119.3798,-2.7436],[119.4015,-2.7537],[119.4004,-2.7627],[119.4231,-2.7604],[119.4354,-2.7716],[119.449,-2.7689],[119.4538,-2.7554],[119.4718,-2.7466],[119.4824,-2.7497],[119.4884,-2.7411],[119.5171,-2.7377],[119.5255,-2.7428],[119.5528,-2.7286],[119.5693,-2.7317],[119.5697,-2.7405],[119.5838,-2.7479],[119.6087,-2.7392],[119.6146,-2.7506],[119.6312,-2.7547],[119.6797,-2.7566],[119.7299,-2.7184],[119.7478,-2.7144],[119.7459,-2.6835],[119.7552,-2.6766],[119.7506,-2.6442],[119.7563,-2.6368],[119.744,-2.6106],[119.7605,-2.5881],[119.7622,-2.5719],[119.7453,-2.5352],[119.7108,-2.5159],[119.7101,-2.489],[119.7245,-2.467],[119.7227,-2.4353],[119.7088,-2.4186],[119.7229,-2.393],[119.7108,-2.3785],[119.6878,-2.3712],[119.6805,-2.3281],[119.699,-2.314],[119.6763,-2.2705],[119.7122,-2.2562],[119.7472,-2.2214],[119.7382,-2.1884],[119.7083,-2.1381],[119.6803,-2.1423],[119.6594,-2.1356],[119.6378,-2.1471],[119.5973,-2.1509],[119.5807,-2.1456],[119.5756,-2.1338],[119.5589,-2.134],[119.5424,-2.1161],[119.5267,-2.1248],[119.5145,-2.1176],[119.4995,-2.1205],[119.4715,-2.139],[119.4684,-2.1597],[119.4514,-2.1751],[119.4455,-2.1722],[119.4322,-2.1936],[119.4126,-2.1859],[119.3893,-2.1963],[119.3713,-2.1925],[119.3571,-2.2082],[119.3487,-2.2008],[119.3224,-2.2089],[119.3134,-2.2277],[119.294,-2.2274],[119.2892,-2.22],[119.2747,-2.2435],[119.2518,-2.2489],[119.2007,-2.3133],[119.1302,-2.2984]]],[[[118.8917,-2.6134],[118.8783,-2.6254],[118.8792,-2.6424],[118.889,-2.6534],[118.8976,-2.6312],[118.8917,-2.6134]]],[[[119.1224,-2.4702],[119.1224,-2.4702]]],[[[119.134,-2.3056],[119.134,-2.3056]]]]},"properties":{"kab":"Kabupaten Mamuju","prov":"Sulawesi Barat","n":50,"kj":2,"dd":0,"top":[{"loc":"SDN Taan Galung","n":25,"d":"2025-09-24"},{"loc":"MTS Darus Qur’an Nur Hadis Nahdatul Waton Gentungan","n":25,"d":"2025-10-21"}]}},{"type":"Feature","geometry":{"type":"Polygon","coordinates":[[[110.4452,-7.5412],[110.455,-7.5548],[110.4685,-7.6178],[110.4918,-7.7668],[110.5112,-7.7707],[110.5305,-7.798],[110.547,-7.7903],[110.555,-7.7951],[110.5531,-7.7871],[110.5636,-7.7818],[110.582,-7.789],[110.5759,-7.8059],[110.5862,-7.8027],[110.5862,-7.8086],[110.6,-7.8068],[110.6043,-7.7983],[110.6253,-7.8031],[110.6496,-7.7925],[110.6577,-7.8048],[110.6697,-7.7863],[110.6817,-7.8062],[110.7108,-7.8034],[110.7193,-7.7778],[110.7304,-7.7624],[110.7427,-7.7611],[110.7706,-7.7161],[110.7676,-7.7005],[110.7742,-7.6938],[110.7675,-7.6885],[110.7765,-7.6779],[110.7818,-7.6812],[110.7781,-7.6647],[110.7901,-7.6624],[110.7867,-7.6553],[110.7939,-7.657],[110.7917,-7.6475],[110.7989,-7.6418],[110.7635,-7.6359],[110.7672,-7.6235],[110.7473,-7.6165],[110.7439,-7.5992],[110.6908,-7.5872],[110.6412,-7.5862],[110.6002,-7.5691],[110.5971,-7.5883],[110.5732,-7.5821],[110.5446,-7.6041],[110.5508,-7.6102],[110.5417,-7.6164],[110.5439,-7.6255],[110.531,-7.6261],[110.5142,-7.6086],[110.5224,-7.6032],[110.4905,-7.5819],[110.4743,-7.5523],[110.4566,-7.5399],[110.4452,-7.5412]]]},"properties":{"kab":"Kabupaten Klaten","prov":"Jawa Tengah","n":1320,"kj":7,"dd":0,"top":[{"loc":"SMPN 1 Tulung","n":584,"d":"2026-04-28"},{"loc":"MIM Srebegan","n":313,"d":"2026-09-03"},{"loc":"SDIT Muhammadiyah Sinar Fajar","n":178,"d":"2026-08-14"}]}},{"type":"Feature","geometry":{"type":"Polygon","coordinates":[[[107.5257,-6.9212],[107.5423,-6.9188],[107.564,-6.9328],[107.569,-6.9104],[107.5564,-6.8897],[107.5762,-6.891],[107.5618,-6.873],[107.563,-6.8557],[107.5549,-6.8536],[107.5477,-6.8282],[107.5396,-6.832],[107.5348,-6.8605],[107.5237,-6.8648],[107.5119,-6.8893],[107.5158,-6.9129],[107.5257,-6.9212]]]},"properties":{"kab":"Kota Cimahi","prov":"Jawa Barat","n":46,"kj":1,"dd":0,"top":[{"loc":"TK PGRI","n":46,"d":"2026-02-25"}]}},{"type":"Feature","geometry":{"type":"MultiPolygon","coordinates":[[[[105.5505,-6.9954],[105.5226,-7.001],[105.5211,-7.0089],[105.5653,-7.0155],[105.5701,-7.0071],[105.5505,-6.9954]]],[[[105.4432,-6.8086],[105.4432,-6.8086]]],[[[105.8269,-6.2478],[105.8261,-6.2872],[105.8396,-6.2958],[105.841,-6.3082],[105.8282,-6.3187],[105.8196,-6.3607],[105.8187,-6.3811],[105.826,-6.3916],[105.8192,-6.3983],[105.8272,-6.4061],[105.8229,-6.4373],[105.798,-6.4915],[105.7721,-6.5165],[105.7333,-6.5187],[105.7299,-6.5288],[105.7147,-6.5327],[105.674,-6.5093],[105.6765,-6.4753],[105.6659,-6.4716],[105.6635,-6.483],[105.6501,-6.4812],[105.6164,-6.5587],[105.6168,-6.5748],[105.6261,-6.5856],[105.6113,-6.6329],[105.5934,-6.6512],[105.57,-6.657],[105.5757,-6.6649],[105.5709,-6.6814],[105.5619,-6.6808],[105.5553,-6.6966],[105.5067,-6.7304],[105.5122,-6.7572],[105.5034,-6.7655],[105.4997,-6.7929],[105.4796,-6.8076],[105.4801,-6.8182],[105.4681,-6.828],[105.4445,-6.8235],[105.4358,-6.8106],[105.4416,-6.7994],[105.4347,-6.7989],[105.4303,-6.7675],[105.4236,-6.7739],[105.4076,-6.7508],[105.3894,-6.7412],[105.3873,-6.7341],[105.4017,-6.7271],[105.401,-6.7177],[105.3705,-6.6465],[105.3271,-6.6681],[105.3304,-6.6959],[105.2793,-6.735],[105.2634,-6.7611],[105.2343,-6.7577],[105.2126,-6.7456],[105.2104,-6.7639],[105.2258,-6.7714],[105.2389,-6.7963],[105.2411,-6.8396],[105.2722,-6.8426],[105.2942,-6.8059],[105.3091,-6.8019],[105.3588,-6.8085],[105.3959,-6.8241],[105.4123,-6.8362],[105.414,-6.8538],[105.4216,-6.852],[105.4217,-6.8393],[105.439,-6.8361],[105.4786,-6.8647],[105.5049,-6.862],[105.5384,-6.8742],[105.5654,-6.8564],[105.6163,-6.8434],[105.658,-6.8447],[105.6702,-6.8373],[105.7126,-6.8368],[105.7739,-6.8503],[105.8405,-6.8347],[105.8829,-6.8383],[105.8884,-6.8208],[105.8781,-6.8223],[105.8792,-6.8137],[105.8695,-6.8106],[105.8778,-6.7948],[105.863,-6.7813],[105.8843,-6.7636],[105.8962,-6.7162],[105.9004,-6.7216],[105.9195,-6.7176],[105.9375,-6.6636],[105.9462,-6.6602],[105.9428,-6.6295],[105.9287,-6.6166],[105.9662,-6.554],[105.9828,-6.5421],[105.9747,-6.5173],[105.9851,-6.515],[105.9836,-6.5046],[106.0237,-6.4448],[106.0224,-6.4324],[106.0364,-6.4284],[106.0428,-6.4113],[106.0557,-6.4144],[106.0554,-6.4067],[106.0635,-6.4051],[106.0905,-6.4239],[106.1099,-6.4273],[106.1181,-6.4205],[106.113,-6.3993],[106.1315,-6.3775],[106.1238,-6.3565],[106.1295,-6.3577],[106.1321,-6.3463],[106.1302,-6.3267],[106.1515,-6.325],[106.1563,-6.2986],[106.1723,-6.2908],[106.1802,-6.2574],[106.1698,-6.2504],[106.135,-6.2577],[106.128,-6.2505],[106.1087,-6.2524],[106.1048,-6.2391],[106.085,-6.2276],[106.0775,-6.2516],[106.0605,-6.2668],[106.0013,-6.2754],[105.9819,-6.2655],[105.9774,-6.2457],[105.9492,-6.248],[105.9458,-6.2377],[105.9345,-6.2403],[105.9303,-6.281],[105.9164,-6.2501],[105.8985,-6.2436],[105.8885,-6.2243],[105.8819,-6.2246],[105.8772,-6.2396],[105.8409,-6.24],[105.8269,-6.2478]]],[[[105.4349,-6.7721],[105.4349,-6.7721]]],[[[105.4214,-6.7668],[105.4214,-6.7668]]],[[[105.4245,-6.7593],[105.4207,-6.7635],[105.4245,-6.7593]]],[[[105.4182,-6.7557],[105.4182,-6.7557]]],[[[105.419,-6.7566],[105.419,-6.7566]]],[[[105.4321,-6.7572],[105.4286,-6.7496],[105.4321,-6.7572]]],[[[105.4257,-6.754],[105.4188,-6.7488],[105.4257,-6.754]]],[[[105.2491,-6.7264],[105.2531,-6.7523],[105.2677,-6.737],[105.2491,-6.7264]]],[[[105.556,-6.6759],[105.556,-6.6759]]],[[[105.1098,-6.6172],[105.1098,-6.6172]]],[[[105.2617,-6.5215],[105.2389,-6.5335],[105.2218,-6.5297],[105.2115,-6.5476],[105.1845,-6.5389],[105.121,-6.5879],[105.1014,-6.62],[105.1096,-6.6098],[105.1283,-6.623],[105.132,-6.605],[105.1591,-6.5764],[105.1759,-6.5778],[105.1818,-6.5846],[105.1753,-6.6],[105.1952,-6.6213],[105.1909,-6.6402],[105.1702,-6.6608],[105.1852,-6.6787],[105.2162,-6.6382],[105.2291,-6.6431],[105.2431,-6.6358],[105.259,-6.6048],[105.2505,-6.5599],[105.2667,-6.5344],[105.2617,-6.5215]]],[[[105.5707,-6.6462],[105.5707,-6.6462]]],[[[105.5814,-6.6422],[105.5814,-6.6422]]],[[[105.7261,-6.4921],[105.7189,-6.4891],[105.7261,-6.4921]]],[[[105.815,-6.9503],[105.7662,-6.9714],[105.8144,-6.9578],[105.8204,-6.9536],[105.815,-6.9503]]],[[[105.8083,-6.3932],[105.8084,-6.3991],[105.8083,-6.3932]]]]},"properties":{"kab":"Kabupaten Pandeglang","prov":"Banten","n":28,"kj":1,"dd":0,"top":[{"loc":"SDN 2 Alaswangi","n":28,"d":"2025-01-19"}]}},{"type":"Feature","geometry":{"type":"MultiPolygon","coordinates":[[[[110.2949,-6.9467],[110.291,-6.9542],[110.2997,-6.96],[110.2848,-6.9707],[110.295,-6.981],[110.2817,-6.9906],[110.2876,-6.9972],[110.2808,-6.9991],[110.2844,-7.0129],[110.2746,-7.0125],[110.2697,-7.0215],[110.2718,-7.0413],[110.2933,-7.0527],[110.3033,-7.0973],[110.3147,-7.1078],[110.3452,-7.1002],[110.3463,-7.0862],[110.3554,-7.1061],[110.371,-7.1076],[110.3756,-7.0953],[110.3777,-7.1103],[110.3965,-7.1152],[110.4166,-7.108],[110.4226,-7.0979],[110.4497,-7.0918],[110.4591,-7.0775],[110.4766,-7.0879],[110.5,-7.0669],[110.4815,-7.0531],[110.4842,-7.0284],[110.4992,-7.0256],[110.5019,-7.0095],[110.4902,-7.0037],[110.5052,-6.9797],[110.5008,-6.9524],[110.4902,-6.9551],[110.4921,-6.9472],[110.4692,-6.9431],[110.4607,-6.9338],[110.4654,-6.9452],[110.458,-6.9532],[110.4419,-6.9495],[110.4425,-6.9429],[110.4362,-6.9513],[110.4236,-6.9359],[110.4242,-6.9557],[110.4187,-6.9453],[110.3866,-6.9517],[110.3863,-6.9464],[110.3686,-6.9473],[110.3566,-6.9539],[110.3607,-6.9696],[110.3353,-6.9612],[110.3262,-6.9685],[110.3189,-6.9522],[110.3032,-6.9584],[110.3124,-6.9411],[110.3019,-6.9565],[110.2949,-6.9467]]],[[[110.444,-6.9385],[110.444,-6.9385]]]]},"properties":{"kab":"Kabupaten Semarang","prov":"Jawa Tengah","n":802,"kj":3,"dd":0,"top":[{"loc":"SMKN 6 Semarang","n":707,"d":"2026-07-31"},{"loc":"SMKN 11 Semarang","n":75,"d":"2026-01-08"},{"loc":"SDN 01 Ungaran","n":20,"d":"2025-09-30"}]}},{"type":"Feature","geometry":{"type":"Polygon","coordinates":[[[107.5938,-6.7285],[107.6024,-6.7361],[107.6007,-6.7614],[107.6185,-6.7603],[107.629,-6.7741],[107.6711,-6.7763],[107.688,-6.7983],[107.7076,-6.7929],[107.7335,-6.8143],[107.7767,-6.8026],[107.8019,-6.8109],[107.8365,-6.7769],[107.8327,-6.7164],[107.839,-6.6979],[107.8276,-6.688],[107.851,-6.6545],[107.8484,-6.6387],[107.856,-6.6269],[107.8508,-6.573],[107.8673,-6.5655],[107.8702,-6.5725],[107.8844,-6.5568],[107.8937,-6.5571],[107.8983,-6.549],[107.893,-6.5461],[107.9095,-6.5376],[107.9208,-6.5136],[107.9144,-6.4985],[107.9058,-6.5048],[107.9192,-6.4836],[107.8977,-6.4821],[107.8949,-6.4601],[107.8863,-6.4564],[107.8971,-6.4255],[107.888,-6.4166],[107.8912,-6.4032],[107.9004,-6.4055],[107.8962,-6.3939],[107.9235,-6.3595],[107.9174,-6.3201],[107.9231,-6.3175],[107.9253,-6.28],[107.9121,-6.2691],[107.9219,-6.254],[107.8864,-6.2266],[107.8867,-6.2048],[107.897,-6.2074],[107.8952,-6.1841],[107.8826,-6.1845],[107.8857,-6.193],[107.8566,-6.2126],[107.8497,-6.1902],[107.8187,-6.187],[107.8052,-6.1977],[107.8052,-6.2209],[107.7818,-6.2055],[107.7812,-6.2211],[107.7666,-6.2124],[107.746,-6.2309],[107.7212,-6.2375],[107.6969,-6.2232],[107.6678,-6.2393],[107.6429,-6.2155],[107.6022,-6.2387],[107.5991,-6.2531],[107.5806,-6.2566],[107.5827,-6.3121],[107.5621,-6.3585],[107.5377,-6.3871],[107.5397,-6.4031],[107.526,-6.4326],[107.5423,-6.4461],[107.5453,-6.4702],[107.5655,-6.4874],[107.5548,-6.5173],[107.5636,-6.5276],[107.5559,-6.5395],[107.5623,-6.5473],[107.5534,-6.5642],[107.5647,-6.5679],[107.5736,-6.5836],[107.5839,-6.5844],[107.5823,-6.5947],[107.5904,-6.5998],[107.5797,-6.6333],[107.5989,-6.6533],[107.5841,-6.6895],[107.5938,-6.7285]]]},"properties":{"kab":"Kabupaten Subang","prov":"Jawa Barat","n":11,"kj":1,"dd":0,"top":[{"loc":"SD Rawalele","n":11,"d":"2025-09-25"}]}},{"type":"Feature","geometry":{"type":"Polygon","coordinates":[[[110.0035,-7.8883],[110.1431,-7.9468],[110.2057,-7.9831],[110.2157,-7.9817],[110.2466,-7.9298],[110.255,-7.9232],[110.2687,-7.9278],[110.2733,-7.9105],[110.2737,-7.8932],[110.2574,-7.8662],[110.2212,-7.8368],[110.2321,-7.8279],[110.2284,-7.8059],[110.2361,-7.7982],[110.2202,-7.777],[110.2159,-7.7418],[110.2325,-7.7135],[110.2699,-7.706],[110.2607,-7.6874],[110.2638,-7.6463],[110.2514,-7.642],[110.2388,-7.6533],[110.2148,-7.6459],[110.2016,-7.6539],[110.1894,-7.6456],[110.1448,-7.6507],[110.1414,-7.6448],[110.139,-7.6541],[110.1308,-7.6544],[110.1156,-7.6738],[110.1385,-7.6946],[110.1272,-7.716],[110.134,-7.7219],[110.1235,-7.7308],[110.1307,-7.7469],[110.1127,-7.7645],[110.1105,-7.7779],[110.1016,-7.7755],[110.0798,-7.8069],[110.0637,-7.8121],[110.0597,-7.8386],[110.0501,-7.8417],[110.0416,-7.8844],[110.0337,-7.8864],[110.0323,-7.8963],[110.0263,-7.8891],[110.0035,-7.8883]]]},"properties":{"kab":"Kabupaten Kulon Progo","prov":"Daerah Istimewa Yogyakarta","n":735,"kj":4,"dd":0,"top":[{"loc":"SMPN 2 Wates","n":497,"d":"2025-07-31"},{"loc":"SD (Spesifik tidak disebutkan)","n":124,"d":"2026-07-21"},{"loc":"PAUD (Spesifik tidak disebutkan)","n":104,"d":"2025-01-20"}]}},{"type":"Feature","geometry":{"type":"MultiPolygon","coordinates":[[[[124.2235,-10.163],[124.3454,-10.1736],[124.3957,-10.1697],[124.4174,-10.16],[124.4777,-10.1216],[124.5087,-10.0916],[124.5337,-10.0274],[124.5479,-10.011],[124.5892,-9.9995],[124.6039,-9.9789],[124.6557,-9.948],[124.6677,-9.9204],[124.6979,-9.9147],[124.7507,-9.8816],[124.7633,-9.8486],[124.8097,-9.7911],[124.8092,-9.7804],[124.7977,-9.7709],[124.7981,-9.7491],[124.821,-9.6606],[124.793,-9.6379],[124.8005,-9.6195],[124.7946,-9.6122],[124.7856,-9.6153],[124.7883,-9.6002],[124.7617,-9.5992],[124.7576,-9.6115],[124.7732,-9.6122],[124.7744,-9.6261],[124.7921,-9.6372],[124.7389,-9.6515],[124.7186,-9.6374],[124.7039,-9.6367],[124.6998,-9.6283],[124.6641,-9.6264],[124.6497,-9.6123],[124.6453,-9.5849],[124.6334,-9.5864],[124.6168,-9.6122],[124.5801,-9.617],[124.5633,-9.6411],[124.5445,-9.6441],[124.5319,-9.6595],[124.5172,-9.663],[124.5013,-9.6479],[124.4575,-9.6346],[124.4607,-9.6134],[124.4489,-9.6187],[124.429,-9.606],[124.4299,-9.594],[124.4093,-9.6],[124.3702,-9.5904],[124.3617,-9.5971],[124.3509,-9.5864],[124.3207,-9.597],[124.3086,-9.5718],[124.2798,-9.5697],[124.2653,-9.5522],[124.2364,-9.5432],[124.2266,-9.5603],[124.2149,-9.538],[124.2382,-9.5254],[124.2015,-9.4849],[124.1898,-9.4832],[124.1953,-9.5045],[124.1854,-9.5114],[124.1445,-9.476],[124.1216,-9.4729],[124.1173,-9.4848],[124.1391,-9.5101],[124.1576,-9.5573],[124.1472,-9.5651],[124.1196,-9.553],[124.1099,-9.5685],[124.078,-9.5866],[124.0894,-9.6208],[124.0832,-9.6356],[124.0601,-9.6439],[124.0547,-9.6544],[124.0807,-9.6734],[124.0984,-9.6564],[124.1105,-9.6843],[124.1049,-9.7048],[124.09,-9.7136],[124.0862,-9.738],[124.0675,-9.7569],[124.094,-9.8094],[124.0852,-9.8274],[124.0919,-9.88],[124.0816,-9.9232],[124.0857,-9.9632],[124.0968,-9.9766],[124.1247,-9.9757],[124.1648,-10.0177],[124.1452,-10.0172],[124.144,-10.0271],[124.2058,-10.0859],[124.1985,-10.1044],[124.2147,-10.1136],[124.2129,-10.1299],[124.2265,-10.1438],[124.2235,-10.163]]],[[[124.7367,-9.625],[124.7235,-9.6336],[124.7484,-9.6482],[124.7587,-9.6356],[124.7573,-9.6113],[124.7367,-9.625]]]]},"properties":{"kab":"Kabupaten Timor Tengah Selatan","prov":"Nusa Tenggara Timur","n":421,"kj":2,"dd":0,"top":[{"loc":"SD GMIT Soe 2","n":384,"d":"2025-10-03"},{"loc":"SD GMIT Panite 1","n":37,"d":"2026-04-29"}]}},{"type":"Feature","geometry":{"type":"Polygon","coordinates":[[[111.4499,-7.7785],[111.4558,-7.7837],[111.4694,-7.7772],[111.5087,-7.7995],[111.5498,-7.8044],[111.5855,-7.7969],[111.5989,-7.777],[111.6116,-7.7819],[111.6603,-7.7666],[111.6766,-7.774],[111.676,-7.7837],[111.6884,-7.7857],[111.6944,-7.8054],[111.7194,-7.8111],[111.7505,-7.7991],[111.7253,-7.7766],[111.7309,-7.732],[111.7526,-7.7055],[111.7571,-7.6815],[111.7829,-7.6504],[111.7867,-7.6024],[111.8043,-7.5455],[111.8332,-7.5487],[111.849,-7.5066],[111.8251,-7.4947],[111.8134,-7.4632],[111.7673,-7.4688],[111.6736,-7.4107],[111.6509,-7.439],[111.6516,-7.451],[111.6231,-7.4685],[111.613,-7.4663],[111.5909,-7.5065],[111.5804,-7.5125],[111.5871,-7.5213],[111.5503,-7.5274],[111.5476,-7.5378],[111.5598,-7.5364],[111.5615,-7.5468],[111.5411,-7.5359],[111.5322,-7.5468],[111.5114,-7.5383],[111.5135,-7.5536],[111.5038,-7.5529],[111.5,-7.5675],[111.4881,-7.5652],[111.4792,-7.5754],[111.4745,-7.6086],[111.4517,-7.6202],[111.4507,-7.6279],[111.4601,-7.6263],[111.4696,-7.6415],[111.4869,-7.6323],[111.4841,-7.6628],[111.5012,-7.6589],[111.4995,-7.6462],[111.5117,-7.6489],[111.5105,-7.6355],[111.4969,-7.6451],[111.5009,-7.6076],[111.5118,-7.6083],[111.5204,-7.5971],[111.5333,-7.6026],[111.5496,-7.5949],[111.559,-7.6051],[111.5489,-7.6252],[111.5505,-7.6435],[111.5397,-7.6464],[111.5439,-7.6589],[111.5291,-7.6643],[111.5107,-7.6592],[111.4989,-7.6734],[111.4982,-7.6987],[111.481,-7.7004],[111.4587,-7.725],[111.4499,-7.7785]],[[111.5071,-7.6776],[111.5071,-7.6776]],[[111.5071,-7.6776],[111.5118,-7.6616],[111.5154,-7.6713],[111.5071,-7.6776]]]},"properties":{"kab":"Kabupaten Madiun","prov":"Jawa Timur","n":97,"kj":3,"dd":0,"top":[{"loc":"SDN Klecorejo","n":49,"d":"2025-11-27"},{"loc":"SDN 2 Kanigoro","n":30,"d":"2026-09-09"},{"loc":"SDN 1 Demangan","n":18,"d":"2026-04-16"}]}},{"type":"Feature","geometry":{"type":"Polygon","coordinates":[[[112.6646,-7.3514],[112.7043,-7.3365],[112.7275,-7.3485],[112.7549,-7.337],[112.7936,-7.3464],[112.8279,-7.3428],[112.8442,-7.3132],[112.8455,-7.2828],[112.8336,-7.2595],[112.804,-7.2501],[112.7818,-7.2106],[112.7649,-7.1962],[112.7394,-7.195],[112.7447,-7.202],[112.7383,-7.2037],[112.7357,-7.196],[112.7372,-7.2093],[112.7343,-7.1963],[112.7236,-7.198],[112.7314,-7.1985],[112.7272,-7.2094],[112.7175,-7.1991],[112.722,-7.2106],[112.713,-7.2075],[112.7075,-7.2253],[112.6681,-7.2199],[112.6628,-7.21],[112.6814,-7.1984],[112.6775,-7.1904],[112.6623,-7.2101],[112.6632,-7.1932],[112.6273,-7.1961],[112.6209,-7.2087],[112.6203,-7.2017],[112.615,-7.2078],[112.6144,-7.2013],[112.6108,-7.2079],[112.6004,-7.2026],[112.5992,-7.2233],[112.5901,-7.2152],[112.6072,-7.2372],[112.6018,-7.2463],[112.6331,-7.2642],[112.6217,-7.2827],[112.6298,-7.3129],[112.6492,-7.3146],[112.6482,-7.3335],[112.6578,-7.3305],[112.6646,-7.3514]]]},"properties":{"kab":"Kota Surabaya","prov":"Jawa Timur","n":237,"kj":2,"dd":0,"top":[{"loc":"TK Ubaid","n":210,"d":"2026-05-11"},{"loc":"SDN 1 Babat Jerawat","n":27,"d":"2026-02-02"}]}},{"type":"Feature","geometry":{"type":"Polygon","coordinates":[[[113.6238,-7.9615],[113.6604,-7.9385],[113.6629,-7.9216],[113.7225,-7.879],[113.7403,-7.7888],[113.7474,-7.7963],[113.7604,-7.7921],[113.7934,-7.8028],[113.8041,-7.8166],[113.8369,-7.8123],[113.8495,-7.7956],[113.8722,-7.7975],[113.8763,-7.7911],[113.904,-7.8036],[113.9181,-7.7889],[113.9368,-7.7917],[113.936,-7.7768],[113.9508,-7.7652],[113.9928,-7.7776],[114.0078,-7.755],[114.0149,-7.761],[114.0702,-7.7606],[114.0893,-7.8059],[114.0926,-7.8756],[114.1109,-7.9089],[114.1276,-7.993],[114.1745,-7.9694],[114.2243,-7.9867],[114.2497,-7.9394],[114.2831,-7.8972],[114.3036,-7.8847],[114.3332,-7.9069],[114.3967,-7.9269],[114.4125,-7.9399],[114.424,-7.9355],[114.4233,-7.9173],[114.4638,-7.8892],[114.4572,-7.8629],[114.4647,-7.8574],[114.4578,-7.8484],[114.4647,-7.8252],[114.4408,-7.7913],[114.4297,-7.7922],[114.4035,-7.7699],[114.393,-7.7709],[114.3785,-7.7543],[114.3654,-7.7489],[114.3709,-7.7577],[114.3288,-7.7584],[114.3094,-7.7462],[114.2926,-7.7472],[114.2411,-7.6983],[114.2081,-7.7178],[114.1943,-7.7087],[114.1438,-7.7149],[114.1075,-7.7069],[114.0598,-7.6242],[114.0438,-7.6066],[114.033,-7.606],[114.0036,-7.6358],[113.9722,-7.6516],[113.9552,-7.6781],[113.9403,-7.6768],[113.9305,-7.7008],[113.8964,-7.6968],[113.8686,-7.6803],[113.8399,-7.6848],[113.8171,-7.6993],[113.7938,-7.729],[113.7613,-7.7381],[113.7129,-7.7089],[113.6662,-7.7368],[113.6499,-7.7244],[113.611,-7.7231],[113.5977,-7.7155],[113.5793,-7.7259],[113.5726,-7.7421],[113.5764,-7.7562],[113.5982,-7.7709],[113.6061,-7.7989],[113.5922,-7.8054],[113.6117,-7.8243],[113.603,-7.843],[113.6263,-7.9165],[113.6111,-7.9484],[113.6219,-7.9523],[113.6157,-7.9581],[113.6238,-7.9615]]]},"properties":{"kab":"Kabupaten Situbondo","prov":"Jawa Timur","n":232,"kj":1,"dd":0,"top":[{"loc":"SMAN 1 Panji","n":232,"d":"2025-09-04"}]}},{"type":"Feature","geometry":{"type":"MultiPolygon","coordinates":[[[[112.3707,-7.3243],[112.3912,-7.3335],[112.4111,-7.3119],[112.4229,-7.3123],[112.4211,-7.3171],[112.4289,-7.3108],[112.4418,-7.3142],[112.447,-7.3038],[112.4587,-7.3121],[112.4783,-7.3049],[112.4764,-7.3298],[112.4855,-7.3408],[112.473,-7.3532],[112.4796,-7.3624],[112.4757,-7.3852],[112.4946,-7.4085],[112.5251,-7.3972],[112.544,-7.4047],[112.5658,-7.3981],[112.5885,-7.3703],[112.6534,-7.3622],[112.6646,-7.3514],[112.6578,-7.3305],[112.6482,-7.3335],[112.6492,-7.3146],[112.6298,-7.3129],[112.6217,-7.2827],[112.6311,-7.2603],[112.6041,-7.2496],[112.6072,-7.2372],[112.5915,-7.2229],[112.5904,-7.214],[112.5992,-7.2233],[112.6004,-7.2026],[112.6108,-7.2079],[112.6144,-7.2013],[112.615,-7.2078],[112.6203,-7.2017],[112.6209,-7.2087],[112.6273,-7.1961],[112.6632,-7.1932],[112.6674,-7.1819],[112.6763,-7.1804],[112.6569,-7.1441],[112.6478,-7.1419],[112.6489,-7.135],[112.6396,-7.1377],[112.6501,-7.1336],[112.6478,-7.1282],[112.6311,-7.1352],[112.625,-7.129],[112.6464,-7.1236],[112.6331,-7.1234],[112.6225,-7.113],[112.6467,-7.1127],[112.6458,-7.1075],[112.6226,-7.1108],[112.627,-7.0985],[112.6343,-7.098],[112.6348,-7.0639],[112.6507,-7.0557],[112.6531,-7.0421],[112.6427,-7.0323],[112.6504,-7.0201],[112.6151,-6.9924],[112.5927,-6.9291],[112.5969,-6.9171],[112.6047,-6.9261],[112.6165,-6.9177],[112.6171,-6.8909],[112.6056,-6.8766],[112.5804,-6.8874],[112.5732,-6.8481],[112.5675,-6.8555],[112.5498,-6.848],[112.524,-6.8644],[112.5219,-6.8717],[112.5411,-6.8818],[112.5283,-6.9021],[112.5147,-6.9068],[112.4742,-6.8982],[112.44,-6.8743],[112.4484,-6.8848],[112.4241,-6.9109],[112.4214,-6.9245],[112.4301,-6.9301],[112.425,-6.9515],[112.4052,-6.9605],[112.3766,-6.9529],[112.3686,-6.9709],[112.3673,-6.9877],[112.3924,-6.986],[112.4272,-7.0022],[112.4513,-7.0009],[112.4502,-7.0152],[112.4805,-7.0029],[112.4804,-7.0107],[112.495,-7.0083],[112.498,-7.0174],[112.5014,-7.0109],[112.5118,-7.0127],[112.497,-7.0242],[112.4985,-7.0308],[112.5192,-7.0471],[112.5243,-7.0391],[112.5414,-7.0534],[112.5525,-7.0505],[112.5317,-7.082],[112.5343,-7.0974],[112.5172,-7.1075],[112.5013,-7.1068],[112.4981,-7.1255],[112.476,-7.1257],[112.47,-7.1588],[112.5059,-7.1636],[112.5015,-7.1918],[112.4557,-7.2072],[112.4348,-7.2285],[112.4155,-7.2353],[112.3973,-7.2649],[112.4124,-7.2729],[112.4102,-7.3053],[112.3888,-7.3215],[112.3707,-7.3243]]],[[[112.5945,-5.8538],[112.6209,-5.8557],[112.6209,-5.8713],[112.6329,-5.8443],[112.6481,-5.8535],[112.6846,-5.8556],[112.7131,-5.8466],[112.721,-5.833],[112.7316,-5.8337],[112.7276,-5.8173],[112.7415,-5.7886],[112.7305,-5.772],[112.7356,-5.7652],[112.7242,-5.7597],[112.7262,-5.7371],[112.7049,-5.7355],[112.6861,-5.7158],[112.6744,-5.7227],[112.6702,-5.7372],[112.6473,-5.7301],[112.6282,-5.7474],[112.6139,-5.7496],[112.6111,-5.7707],[112.5963,-5.77],[112.5888,-5.7873],[112.5805,-5.7889],[112.5817,-5.8068],[112.5695,-5.8092],[112.58,-5.8151],[112.5747,-5.8268],[112.5846,-5.8313],[112.5767,-5.8441],[112.5945,-5.8538]]],[[[112.5853,-5.7671],[112.5865,-5.7751],[112.5853,-5.7671]]],[[[112.6072,-5.7374],[112.6072,-5.7374]]],[[[112.6385,-7.0924],[112.6485,-7.0808],[112.6391,-7.0812],[112.6385,-7.0924]]],[[[112.7077,-5.8715],[112.7077,-5.8715]]],[[[112.6898,-5.8624],[112.6861,-5.8586],[112.6856,-5.8686],[112.6898,-5.8624]]],[[[112.7702,-5.7955],[112.7747,-5.8047],[112.7702,-5.7955]]]]},"properties":{"kab":"Kabupaten Gresik","prov":"Jawa Timur","n":14,"kj":1,"dd":0,"top":[{"loc":"SDN 238 Menganti","n":14,"d":"2026-05-21"}]}},{"type":"Feature","geometry":{"type":"Polygon","coordinates":[[[108.9758,-7.3349],[108.9676,-7.3502],[108.9457,-7.3627],[108.9553,-7.3662],[108.9465,-7.3747],[108.951,-7.3822],[108.938,-7.3865],[108.9381,-7.4182],[108.9115,-7.4462],[108.8895,-7.4508],[108.8996,-7.4723],[108.918,-7.4622],[108.9561,-7.47],[108.9643,-7.4867],[108.9564,-7.4958],[108.9729,-7.5184],[109.0046,-7.5279],[109.0032,-7.5443],[109.0244,-7.5435],[109.0436,-7.5596],[109.058,-7.5559],[109.0663,-7.573],[109.1091,-7.5816],[109.1546,-7.578],[109.1668,-7.5713],[109.1713,-7.5513],[109.1806,-7.5492],[109.2674,-7.5924],[109.2616,-7.6199],[109.3439,-7.6417],[109.3587,-7.6393],[109.3574,-7.6522],[109.377,-7.6574],[109.3813,-7.6658],[109.3884,-7.6453],[109.415,-7.6485],[109.4248,-7.6325],[109.4348,-7.6357],[109.4463,-7.621],[109.4154,-7.5697],[109.433,-7.5493],[109.4327,-7.5361],[109.4037,-7.5408],[109.3825,-7.5224],[109.3643,-7.5175],[109.3658,-7.4967],[109.3566,-7.481],[109.3422,-7.4799],[109.3379,-7.4933],[109.3212,-7.4828],[109.3266,-7.4625],[109.3318,-7.4696],[109.3411,-7.4574],[109.3313,-7.4431],[109.3335,-7.4301],[109.3129,-7.4102],[109.2549,-7.2806],[109.2287,-7.2492],[109.2027,-7.2469],[109.1644,-7.2714],[109.147,-7.2665],[109.1389,-7.2751],[109.1239,-7.2752],[109.1303,-7.2822],[109.1188,-7.2966],[109.0871,-7.295],[109.0653,-7.3376],[109.0469,-7.3391],[109.0348,-7.3515],[109.039,-7.3398],[109.0281,-7.3262],[109.0165,-7.3352],[109.011,-7.3287],[109.0055,-7.335],[108.9758,-7.3349]]]},"properties":{"kab":"Kabupaten Banyumas","prov":"Jawa Tengah","n":667,"kj":3,"dd":0,"top":[{"loc":"TK","n":408,"d":"2025-09-22"},{"loc":"MAN 2 Banyumas","n":165,"d":"2026-08-10"},{"loc":"SD 1 Sudagaran","n":94,"d":"2025-09-29"}]}},{"type":"Feature","geometry":{"type":"Polygon","coordinates":[[[98.1167,2.7851],[98.1379,2.7703],[98.1579,2.7693],[98.1703,2.7539],[98.1784,2.7603],[98.1931,2.7379],[98.2404,2.719],[98.2469,2.7086],[98.2608,2.7197],[98.2774,2.7174],[98.307,2.6961],[98.3377,2.7031],[98.3402,2.6785],[98.3515,2.6647],[98.4199,2.638],[98.4434,2.5823],[98.4645,2.5624],[98.4675,2.5492],[98.4882,2.5477],[98.5259,2.5588],[98.5603,2.5802],[98.5723,2.7244],[98.5865,2.7508],[98.6289,2.7949],[98.5408,2.8582],[98.5321,2.8794],[98.4827,2.8606],[98.4842,2.8702],[98.4382,2.8919],[98.4306,2.9174],[98.3698,2.9327],[98.3457,2.9659],[98.2963,2.9676],[98.2489,2.9312],[98.2253,2.9497],[98.1985,2.9901],[98.1932,3.021],[98.1984,3.0465],[98.182,3.069],[98.1772,3.064],[98.1595,3.07],[98.1377,3.0483],[98.1095,3.056],[98.099,3.0708],[98.0778,3.0749],[98.059,3.1103],[98.0358,3.1086],[98.0376,3.0782],[97.9883,3.0916],[97.9614,3.0651],[97.9365,3.0743],[97.9301,3.0548],[97.9431,3.0471],[97.9376,3.0292],[97.9474,3.0065],[97.9362,2.9895],[97.9529,2.9858],[97.9567,2.9604],[97.942,2.9046],[97.9493,2.8948],[97.993,2.8818],[98.0391,2.8475],[98.0553,2.8188],[98.0994,2.8227],[98.105,2.7914],[98.1167,2.7851]]]},"properties":{"kab":"Kabupaten Dairi","prov":"Sumatera Utara","n":271,"kj":1,"dd":0,"top":[{"loc":"SMK Swasta HKBP Sidikalang","n":271,"d":"2026-02-09"}]}},{"type":"Feature","geometry":{"type":"Polygon","coordinates":[[[101.4375,-1.6958],[101.4765,-1.6767],[101.49,-1.6566],[101.4864,-1.6485],[101.5233,-1.6361],[101.5676,-1.5793],[101.5867,-1.5785],[101.6163,-1.5484],[101.6228,-1.527],[101.6418,-1.5206],[101.6422,-1.5126],[101.6563,-1.5123],[101.6562,-1.4984],[101.6798,-1.4981],[101.6911,-1.4899],[101.7005,-1.4549],[101.7218,-1.4311],[101.6942,-1.4076],[101.6949,-1.3941],[101.7282,-1.3653],[101.7247,-1.3427],[101.7118,-1.3363],[101.6972,-1.3489],[101.6751,-1.348],[101.6738,-1.3268],[101.6885,-1.3244],[101.6945,-1.3074],[101.6884,-1.3002],[101.6964,-1.2918],[101.6922,-1.28],[101.7174,-1.2597],[101.7267,-1.2348],[101.8172,-1.2172],[101.8842,-1.1347],[101.8848,-1.1131],[101.8929,-1.1062],[101.8776,-1.0936],[101.8661,-1.1121],[101.8537,-1.1004],[101.8454,-1.1014],[101.8455,-1.1119],[101.8299,-1.1098],[101.8283,-1.0677],[101.8215,-1.0592],[101.8256,-1.0384],[101.8194,-1.0332],[101.8232,-1.0074],[101.8152,-1.0016],[101.8236,-0.9776],[101.8034,-0.9641],[101.7538,-0.9752],[101.7433,-0.9496],[101.7254,-0.9514],[101.6986,-0.9383],[101.7151,-0.9086],[101.7345,-0.8965],[101.7358,-0.8764],[101.7134,-0.8697],[101.7111,-0.8586],[101.6784,-0.8469],[101.6477,-0.8237],[101.6316,-0.8369],[101.6092,-0.8372],[101.5908,-0.8475],[101.5478,-0.8211],[101.5206,-0.848],[101.5049,-0.839],[101.4966,-0.8507],[101.4769,-0.8342],[101.4542,-0.8342],[101.4541,-0.8577],[101.4388,-0.8823],[101.4257,-0.9004],[101.4134,-0.8993],[101.4216,-0.9071],[101.4204,-0.927],[101.3962,-0.9404],[101.4032,-0.9694],[101.3967,-0.9751],[101.3756,-0.9729],[101.353,-0.9551],[101.3255,-0.9669],[101.3109,-0.951],[101.3008,-0.958],[101.2939,-0.953],[101.2874,-0.962],[101.258,-0.9334],[101.2326,-0.9325],[101.2099,-0.9218],[101.2082,-0.9464],[101.191,-0.9512],[101.2045,-0.9677],[101.1825,-1.0061],[101.1839,-1.0299],[101.1423,-1.037],[101.1656,-1.0555],[101.1582,-1.0711],[101.1743,-1.0975],[101.1666,-1.1028],[101.198,-1.107],[101.2323,-1.1511],[101.2577,-1.1432],[101.2633,-1.1667],[101.2927,-1.1741],[101.2995,-1.1436],[101.3507,-1.1315],[101.3402,-1.0818],[101.3487,-1.0601],[101.3443,-1.0436],[101.3763,-1.0476],[101.4038,-1.038],[101.4289,-1.0047],[101.4536,-1.011],[101.4601,-1.0306],[101.4403,-1.0592],[101.4412,-1.0865],[101.4029,-1.1505],[101.4108,-1.1841],[101.4331,-1.2064],[101.4501,-1.211],[101.4471,-1.2413],[101.4678,-1.2589],[101.4686,-1.2813],[101.5257,-1.3042],[101.515,-1.3377],[101.5423,-1.3339],[101.5513,-1.3249],[101.587,-1.3253],[101.5969,-1.3489],[101.6465,-1.3674],[101.6721,-1.3886],[101.6264,-1.4128],[101.6094,-1.4373],[101.5822,-1.4477],[101.5607,-1.4443],[101.5574,-1.4624],[101.5273,-1.485],[101.5409,-1.5142],[101.5271,-1.5265],[101.5097,-1.573],[101.473,-1.5918],[101.4314,-1.6416],[101.4266,-1.6775],[101.4375,-1.6958]]]},"properties":{"kab":"Kabupaten Dharmasraya","prov":"Sumatera Barat","n":221,"kj":1,"dd":0,"top":[{"loc":"SMAN 1 Sungai Rumbai","n":221,"d":"2026-02-04"}]}},{"type":"Feature","geometry":{"type":"Polygon","coordinates":[[[123.0406,0.496],[123.0469,0.4902],[123.0586,0.5069],[123.0868,0.4797],[123.0966,0.4872],[123.0999,0.5023],[123.0859,0.5106],[123.089,0.5205],[123.0795,0.5281],[123.091,0.5803],[123.0532,0.588],[123.0268,0.5632],[123.0307,0.5474],[123.0061,0.5561],[122.995,0.5516],[123.0046,0.5302],[123.0376,0.5092],[123.0406,0.496]]]},"properties":{"kab":"Kota Gorontalo","prov":"Gorontalo","n":11,"kj":1,"dd":0,"top":[{"loc":"SMK Tridarma","n":11,"d":"2025-10-07"}]}},{"type":"Feature","geometry":{"type":"MultiPolygon","coordinates":[[[[117.0404,-9.1009],[117.0571,-9.1042],[117.135,-9.084],[117.1349,-9.0699],[117.1858,-9.0208],[117.2192,-9.0196],[117.271,-9.0413],[117.3068,-9.0422],[117.3239,-9.0555],[117.345,-9.0422],[117.3596,-9.0557],[117.3716,-9.0479],[117.3905,-9.0524],[117.4589,-9.0245],[117.5051,-9.0174],[117.5351,-8.9982],[117.5476,-9.0031],[117.5729,-8.9849],[117.5955,-8.9811],[117.6058,-8.9661],[117.6687,-8.937],[117.6905,-8.9188],[117.7338,-8.9161],[117.7655,-8.9342],[117.7957,-8.906],[117.8171,-8.899],[117.8378,-8.9316],[117.8528,-8.9264],[117.8837,-8.9437],[117.8959,-8.9224],[117.923,-8.9167],[117.9352,-8.8991],[117.9497,-8.9069],[117.9808,-8.8948],[117.9899,-8.8729],[118.0126,-8.8528],[118.0394,-8.8575],[118.0787,-8.8401],[118.0958,-8.8624],[118.127,-8.8779],[118.1588,-8.8588],[118.1854,-8.8536],[118.2097,-8.8325],[118.2215,-8.8068],[118.2491,-8.794],[118.259,-8.7749],[118.284,-8.7689],[118.2873,-8.7404],[118.3236,-8.7316],[118.3323,-8.7103],[118.3122,-8.6934],[118.1884,-8.7057],[118.1774,-8.6895],[118.1758,-8.6548],[118.1735,-8.6607],[118.1664,-8.6523],[118.145,-8.6558],[118.1413,-8.6479],[118.1245,-8.6486],[118.1226,-8.6583],[118.1158,-8.6512],[118.1078,-8.6569],[118.0884,-8.6522],[118.0364,-8.6712],[118.0351,-8.6827],[118.0092,-8.712],[117.9912,-8.7107],[117.9863,-8.7176],[117.9913,-8.7214],[117.963,-8.7429],[117.946,-8.743],[117.9491,-8.7309],[117.9219,-8.7189],[117.9054,-8.7411],[117.901,-8.7282],[117.8978,-8.7328],[117.8885,-8.7235],[117.9019,-8.7053],[117.8713,-8.6965],[117.8475,-8.7181],[117.8318,-8.7092],[117.8039,-8.7268],[117.7995,-8.7186],[117.7907,-8.7228],[117.7728,-8.7117],[117.7649,-8.6684],[117.7698,-8.6563],[117.7569,-8.659],[117.7491,-8.6446],[117.7543,-8.6358],[117.7813,-8.632],[117.7518,-8.6314],[117.7614,-8.5988],[117.7545,-8.5899],[117.7374,-8.5943],[117.727,-8.5882],[117.7372,-8.5637],[117.7252,-8.5576],[117.7192,-8.5677],[117.7003,-8.5639],[117.6885,-8.5776],[117.6438,-8.556],[117.6317,-8.5608],[117.6314,-8.5359],[117.6228,-8.5381],[117.6349,-8.5211],[117.6253,-8.4987],[117.635,-8.466],[117.6246,-8.4432],[117.6016,-8.4352],[117.5996,-8.4268],[117.5958,-8.4339],[117.5838,-8.4348],[117.5925,-8.4304],[117.589,-8.4257],[117.5781,-8.4321],[117.5747,-8.4508],[117.5846,-8.4662],[117.5771,-8.4674],[117.5918,-8.504],[117.5704,-8.5008],[117.5641,-8.4781],[117.5695,-8.4732],[117.5598,-8.4643],[117.5678,-8.4601],[117.5658,-8.4479],[117.5592,-8.4528],[117.5707,-8.4254],[117.5622,-8.405],[117.4734,-8.4159],[117.4506,-8.412],[117.4415,-8.3993],[117.4278,-8.3958],[117.4352,-8.412],[117.4053,-8.454],[117.4064,-8.4627],[117.3881,-8.4727],[117.3775,-8.4637],[117.3681,-8.4679],[117.3726,-8.4608],[117.3309,-8.4414],[117.3091,-8.4349],[117.306,-8.4418],[117.3052,-8.4315],[117.2504,-8.4169],[117.2384,-8.4009],[117.2019,-8.4063],[117.1551,-8.3643],[117.1413,-8.3785],[117.1107,-8.3707],[117.1059,-8.3753],[117.1155,-8.377],[117.0876,-8.3989],[117.0966,-8.4164],[117.0815,-8.4162],[117.0875,-8.4233],[117.0704,-8.4203],[117.0667,-8.4352],[117.0353,-8.4439],[117.0236,-8.4638],[117.0076,-8.4605],[117.0188,-8.479],[117.0035,-8.5057],[116.9868,-8.4794],[116.9798,-8.4936],[116.9633,-8.4896],[116.9458,-8.5166],[116.9297,-8.5127],[116.9176,-8.5261],[116.8726,-8.5288],[116.8761,-8.5415],[116.9148,-8.5732],[116.9213,-8.5924],[116.9362,-8.5913],[116.9354,-8.6062],[116.9612,-8.6053],[116.9731,-8.6179],[116.9953,-8.6155],[117.0216,-8.6403],[117.0397,-8.6715],[117.0667,-8.6764],[117.0901,-8.7029],[117.0787,-8.729],[117.0903,-8.7604],[117.0736,-8.7676],[117.0525,-8.7951],[117.0406,-8.7911],[117.0346,-8.8003],[117.061,-8.8049],[117.0965,-8.8369],[117.0819,-8.8357],[117.0733,-8.8574],[117.0611,-8.8624],[117.0648,-8.8761],[117.0539,-8.8898],[117.0624,-8.8998],[117.0833,-8.9015],[117.0881,-8.9307],[117.0846,-8.9437],[117.0742,-8.9417],[117.0621,-8.9521],[117.0702,-8.9711],[117.0616,-9.0128],[117.0675,-9.0351],[117.0536,-9.0533],[117.0593,-9.0554],[117.0404,-9.1009]]],[[[116.993,-8.4763],[116.993,-8.4763]]],[[[116.8591,-8.4571],[116.8591,-8.4571]]],[[[116.9561,-8.4208],[116.9288,-8.4256],[116.9189,-8.4372],[116.8725,-8.4317],[116.8394,-8.4461],[116.8608,-8.4525],[116.8772,-8.4446],[116.9124,-8.4463],[116.9392,-8.4334],[116.9543,-8.4354],[116.9561,-8.4208]]],[[[117.0482,-8.3828],[117.0408,-8.3785],[117.0322,-8.3848],[117.0225,-8.4063],[116.9996,-8.4127],[116.9898,-8.4046],[116.9762,-8.4302],[117.0045,-8.4317],[116.9906,-8.4173],[117.0238,-8.4183],[117.0241,-8.4092],[117.0339,-8.412],[117.044,-8.4021],[117.0482,-8.3828]]],[[[117.0577,-8.3769],[117.0504,-8.3759],[117.0577,-8.3769]]],[[[117.0809,-8.375],[117.0708,-8.3731],[117.0809,-8.375]]],[[[117.3987,-8.1439],[117.4239,-8.1348],[117.3868,-8.1311],[117.3769,-8.1464],[117.3445,-8.1528],[117.3775,-8.1604],[117.3828,-8.1578],[117.3784,-8.1511],[117.3987,-8.1439]]],[[[117.7761,-8.6608],[117.7761,-8.6608]]],[[[117.7614,-8.6456],[117.7614,-8.6456]]],[[[117.7116,-8.5625],[117.7115,-8.5641],[117.7126,-8.5634],[117.7116,-8.5625]]],[[[117.8231,-8.5599],[117.818,-8.5553],[117.8135,-8.5614],[117.8252,-8.5678],[117.8314,-8.5641],[117.8231,-8.5599]]],[[[117.7721,-8.5526],[117.7666,-8.539],[117.7596,-8.5475],[117.738,-8.5268],[117.7374,-8.5105],[117.7467,-8.5032],[117.732,-8.5015],[117.7279,-8.4747],[117.7115,-8.4806],[117.7014,-8.495],[117.7136,-8.5126],[117.7137,-8.5349],[117.7327,-8.5502],[117.7333,-8.5602],[117.76,-8.5697],[117.7696,-8.5648],[117.7708,-8.5526],[117.7781,-8.5615],[117.7994,-8.5543],[117.795,-8.5483],[117.7721,-8.5526]]],[[[117.6385,-8.5198],[117.6385,-8.5198]]],[[[117.6313,-8.5083],[117.6317,-8.5025],[117.6313,-8.5083]]],[[[117.7479,-8.5047],[117.7488,-8.5058],[117.7493,-8.5044],[117.7479,-8.5047]]],[[[117.6363,-8.5024],[117.6398,-8.4983],[117.6363,-8.5024]]],[[[117.6548,-8.4489],[117.6411,-8.4792],[117.6504,-8.4866],[117.639,-8.4865],[117.6437,-8.496],[117.6365,-8.5093],[117.6503,-8.5331],[117.6543,-8.5202],[117.6637,-8.5219],[117.6671,-8.5138],[117.6796,-8.5216],[117.6709,-8.5126],[117.6777,-8.5035],[117.6683,-8.4762],[117.6741,-8.4662],[117.6548,-8.4489]]],[[[117.676,-8.4671],[117.676,-8.4671]]],[[[117.6573,-8.4373],[117.6622,-8.419],[117.642,-8.439],[117.6573,-8.4373]]],[[[117.6307,-8.4259],[117.6307,-8.4259]]],[[[117.6876,-8.183],[117.686,-8.1691],[117.6628,-8.1501],[117.6064,-8.1548],[117.5591,-8.144],[117.4851,-8.183],[117.4793,-8.2081],[117.488,-8.2281],[117.4789,-8.2574],[117.5047,-8.2664],[117.5079,-8.277],[117.4931,-8.3168],[117.4765,-8.3321],[117.4707,-8.3569],[117.5282,-8.3895],[117.5701,-8.3354],[117.5867,-8.2807],[117.6071,-8.2644],[117.6099,-8.2386],[117.6876,-8.183]]],[[[117.9576,-8.9059],[117.9576,-8.9059]]],[[[117.9485,-8.725],[117.9485,-8.725]]],[[[118.0137,-8.6938],[118.0137,-8.6938]]],[[[117.8449,-8.6862],[117.8438,-8.6845],[117.8434,-8.6853],[117.8449,-8.6862]]],[[[118.0059,-8.6845],[118.0059,-8.6845]]],[[[117.8869,-8.6596],[117.8869,-8.6596]]],[[[117.8597,-8.6584],[117.8597,-8.6584]]],[[[117.9784,-8.6155],[117.9502,-8.6138],[117.9613,-8.6192],[117.9539,-8.6293],[117.9673,-8.6277],[117.9792,-8.6386],[117.9548,-8.6658],[117.9636,-8.6709],[117.9708,-8.6587],[117.9862,-8.6601],[117.9898,-8.6479],[117.9951,-8.6622],[117.978,-8.6909],[117.9882,-8.686],[118.0022,-8.6934],[118.002,-8.6841],[118.0113,-8.6783],[117.9975,-8.6513],[118.0049,-8.6335],[117.9992,-8.6273],[117.9919,-8.6354],[117.9873,-8.6269],[117.9769,-8.6282],[117.984,-8.619],[117.9784,-8.6155]]],[[[117.8729,-8.6086],[117.8647,-8.6076],[117.8729,-8.6086]]],[[[117.8418,-8.6037],[117.8418,-8.6037]]],[[[117.8418,-8.5775],[117.8261,-8.5779],[117.8346,-8.5947],[117.8418,-8.5775]]]]},"properties":{"kab":"Kabupaten Sumbawa","prov":"Nusa Tenggara Barat","n":126,"kj":4,"dd":0,"top":[{"loc":"MTSN 2 Sumbawa","n":94,"d":"2025-09-17"},{"loc":"MIN 3 Sumbwa","n":20,"d":"2025-09-17"},{"loc":"MAN 3 Sumbawa","n":11,"d":"2025-09-17"}]}},{"type":"Feature","geometry":{"type":"Polygon","coordinates":[[[104.5096,-4.9429],[104.5269,-4.8944],[104.5465,-4.8664],[104.5448,-4.8564],[104.5568,-4.8448],[104.5494,-4.8317],[104.6028,-4.8236],[104.6119,-4.8319],[104.6221,-4.8224],[104.6217,-4.7958],[104.6459,-4.7789],[104.634,-4.7624],[104.6347,-4.7423],[104.6238,-4.7411],[104.6238,-4.7151],[104.6339,-4.7056],[104.6088,-4.6825],[104.6387,-4.6558],[104.6446,-4.6331],[104.6993,-4.5982],[104.6961,-4.5824],[104.7083,-4.5714],[104.6999,-4.5674],[104.7016,-4.5532],[104.7298,-4.5554],[104.7307,-4.5373],[104.7663,-4.5284],[104.7827,-4.5317],[104.7901,-4.5167],[104.8189,-4.504],[104.867,-4.5089],[104.8927,-4.5246],[104.9245,-4.5165],[104.9334,-4.4884],[104.9446,-4.4803],[104.9504,-4.4882],[104.9575,-4.4837],[104.9674,-4.4753],[104.9656,-4.4597],[104.9856,-4.4461],[105.0095,-4.4494],[105.0084,-4.4644],[105.0169,-4.4656],[105.0685,-4.4394],[105.0489,-4.4009],[105.045,-4.4065],[105.0389,-4.3996],[105.0338,-4.4109],[105.0259,-4.4011],[105.0264,-4.4095],[105.0104,-4.3879],[104.9805,-4.3851],[104.9817,-4.3512],[105.0032,-4.3527],[104.9962,-4.3322],[104.989,-4.3344],[104.9974,-4.316],[104.9964,-4.288],[104.9856,-4.257],[104.9544,-4.2488],[104.9419,-4.232],[104.9526,-4.2237],[104.9441,-4.2078],[104.9462,-4.1921],[104.9274,-4.192],[104.9061,-4.201],[104.9027,-4.21],[104.894,-4.2078],[104.8901,-4.2174],[104.8751,-4.2181],[104.8725,-4.2356],[104.8641,-4.2316],[104.8556,-4.2413],[104.8279,-4.2388],[104.7967,-4.2507],[104.7925,-4.2666],[104.7633,-4.2459],[104.7064,-4.2593],[104.6926,-4.25],[104.6787,-4.2574],[104.65,-4.2433],[104.6276,-4.2444],[104.6212,-4.2256],[104.628,-4.2196],[104.6208,-4.2141],[104.5849,-4.2432],[104.5248,-4.2643],[104.524,-4.2777],[104.5079,-4.2798],[104.4895,-4.2986],[104.4841,-4.2913],[104.4716,-4.312],[104.4611,-4.3116],[104.4499,-4.2984],[104.435,-4.3064],[104.4354,-4.316],[104.414,-4.3361],[104.3845,-4.3474],[104.3788,-4.3743],[104.3475,-4.4002],[104.3207,-4.465],[104.3292,-4.5142],[104.3106,-4.5127],[104.3233,-4.5565],[104.3346,-4.5567],[104.3408,-4.602],[104.3245,-4.6272],[104.3166,-4.626],[104.2954,-4.6464],[104.2963,-4.6671],[104.2872,-4.6837],[104.2899,-4.7043],[104.3069,-4.705],[104.3126,-4.7239],[104.3059,-4.7306],[104.3042,-4.7652],[104.3341,-4.8182],[104.3472,-4.8246],[104.369,-4.8217],[104.3395,-4.8672],[104.3515,-4.8748],[104.412,-4.864],[104.4225,-4.9026],[104.4419,-4.92],[104.437,-4.9291],[104.4427,-4.9433],[104.4782,-4.9318],[104.5096,-4.9429]]]},"properties":{"kab":"Kabupaten Way Kanan","prov":"Lampung","n":11,"kj":1,"dd":0,"top":[{"loc":"SMP (Spesifik tidak disebutkan)","n":11,"d":"2025-12-03"}]}},{"type":"Feature","geometry":{"type":"Polygon","coordinates":[[[106.84,-6.3359],[106.849,-6.3369],[106.8623,-6.3572],[106.871,-6.3527],[106.8847,-6.3725],[106.8963,-6.3718],[106.906,-6.3597],[106.9143,-6.3655],[106.9228,-6.3143],[106.9209,-6.3005],[106.9103,-6.2941],[106.9043,-6.2621],[106.9192,-6.2512],[106.944,-6.2524],[106.9486,-6.2225],[106.9628,-6.2122],[106.973,-6.1894],[106.9715,-6.1543],[106.9444,-6.1629],[106.9402,-6.1513],[106.9222,-6.1612],[106.9225,-6.1831],[106.8789,-6.1664],[106.8751,-6.1923],[106.8511,-6.2016],[106.8564,-6.2166],[106.8631,-6.2161],[106.8669,-6.2382],[106.8564,-6.2727],[106.8467,-6.279],[106.8583,-6.3112],[106.8383,-6.3208],[106.84,-6.3359]]]},"properties":{"kab":"Jakarta Timur","prov":"DKI Jakarta","n":415,"kj":4,"dd":0,"top":[{"loc":"SDN Cakung Timur 01","n":252,"d":"2026-05-08"},{"loc":"SDN Pondok Kelapa 1","n":135,"d":"2026-04-03"},{"loc":"SDN 01 Gedong","n":22,"d":"2025-09-30"}]}},{"type":"Feature","geometry":{"type":"Polygon","coordinates":[[[108.1933,-7.2693],[108.2021,-7.2865],[108.2495,-7.313],[108.2527,-7.3214],[108.2699,-7.3189],[108.278,-7.3341],[108.3244,-7.3397],[108.3422,-7.3558],[108.363,-7.3523],[108.3737,-7.3598],[108.4059,-7.3606],[108.4149,-7.377],[108.4002,-7.3893],[108.3959,-7.4082],[108.4049,-7.4219],[108.4206,-7.4231],[108.4247,-7.4841],[108.4424,-7.4886],[108.4271,-7.5006],[108.4531,-7.5036],[108.4581,-7.5162],[108.4952,-7.5317],[108.5265,-7.5266],[108.5345,-7.5355],[108.5218,-7.5438],[108.5278,-7.5739],[108.5977,-7.5621],[108.6466,-7.5403],[108.6596,-7.513],[108.6462,-7.479],[108.6487,-7.4679],[108.6989,-7.4619],[108.7061,-7.4772],[108.7077,-7.4693],[108.7181,-7.4694],[108.7127,-7.4571],[108.7234,-7.4311],[108.6996,-7.4147],[108.6972,-7.4001],[108.6868,-7.399],[108.6851,-7.3793],[108.6782,-7.3771],[108.6831,-7.3694],[108.6663,-7.3531],[108.6505,-7.3882],[108.6315,-7.3821],[108.6156,-7.4058],[108.6002,-7.3945],[108.5671,-7.4445],[108.5548,-7.4192],[108.5286,-7.414],[108.4698,-7.3813],[108.4782,-7.3694],[108.4701,-7.3614],[108.4892,-7.35],[108.5243,-7.359],[108.535,-7.3438],[108.5466,-7.3443],[108.5592,-7.3323],[108.5643,-7.3039],[108.556,-7.2878],[108.5857,-7.2425],[108.5812,-7.2065],[108.5259,-7.1811],[108.5289,-7.1716],[108.5166,-7.1651],[108.5194,-7.1605],[108.5085,-7.1609],[108.5162,-7.1405],[108.5057,-7.1404],[108.5113,-7.1319],[108.4678,-7.118],[108.4399,-7.118],[108.4385,-7.1062],[108.4262,-7.1023],[108.4255,-7.0949],[108.4138,-7.0963],[108.4171,-7.0897],[108.3579,-7.0519],[108.3494,-7.054],[108.3423,-7.0698],[108.3146,-7.0566],[108.245,-7.0666],[108.2278,-7.0546],[108.2096,-7.0534],[108.167,-7.0635],[108.2196,-7.0879],[108.2199,-7.1233],[108.2014,-7.1375],[108.2033,-7.1522],[108.1925,-7.1702],[108.1993,-7.2254],[108.1885,-7.2549],[108.1933,-7.2693]]]},"properties":{"kab":"Kabupaten Ciamis","prov":"Jawa Barat","n":62,"kj":2,"dd":0,"top":[{"loc":"SMPN 4 Pamarican","n":52,"d":"2025-09-29"},{"loc":"SDN 1 Sindang Sari","n":10,"d":"2025-10-03"}]}},{"type":"Feature","geometry":{"type":"MultiPolygon","coordinates":[[[[113.2691,-8.4936],[113.2691,-8.4936]]],[[[113.2975,-8.4445],[113.2879,-8.4615],[113.2689,-8.4676],[113.2633,-8.4866],[113.269,-8.4969],[113.2854,-8.4983],[113.2947,-8.5077],[113.2996,-8.5024],[113.3071,-8.5091],[113.3128,-8.5],[113.3104,-8.5093],[113.3998,-8.4961],[113.4203,-8.4702],[113.4043,-8.472],[113.4005,-8.4574],[113.391,-8.4538],[113.3755,-8.459],[113.3532,-8.4491],[113.3423,-8.458],[113.3322,-8.4485],[113.3181,-8.453],[113.2975,-8.4445]]],[[[113.3035,-8.3072],[113.356,-8.3472],[113.3898,-8.4006],[113.4316,-8.379],[113.4733,-8.3837],[113.4858,-8.4156],[113.4947,-8.4128],[113.505,-8.4225],[113.5535,-8.4359],[113.5578,-8.4265],[113.5708,-8.4256],[113.5805,-8.4309],[113.5827,-8.444],[113.5987,-8.4354],[113.6236,-8.4458],[113.6272,-8.4554],[113.6392,-8.4547],[113.6433,-8.4642],[113.637,-8.4722],[113.6488,-8.4806],[113.6466,-8.4944],[113.6689,-8.4978],[113.6852,-8.4915],[113.6896,-8.505],[113.7032,-8.4825],[113.7182,-8.4849],[113.7223,-8.496],[113.7123,-8.5281],[113.7318,-8.5148],[113.7348,-8.5257],[113.756,-8.5186],[113.7589,-8.5022],[113.7878,-8.4986],[113.792,-8.4877],[113.8124,-8.5024],[113.805,-8.5209],[113.8165,-8.5362],[113.8077,-8.5561],[113.815,-8.5579],[113.8296,-8.5272],[113.8373,-8.5297],[113.8376,-8.5537],[113.8551,-8.5196],[113.8422,-8.4949],[113.8547,-8.43],[113.8904,-8.4104],[113.8992,-8.4344],[113.9103,-8.442],[113.9344,-8.4232],[113.9473,-8.4017],[113.9247,-8.3855],[113.9212,-8.3575],[113.9102,-8.3465],[113.9242,-8.3349],[113.9284,-8.32],[113.9212,-8.3084],[113.9354,-8.2704],[113.9667,-8.2323],[113.9679,-8.22],[113.9579,-8.2058],[113.9707,-8.1896],[113.9909,-8.1823],[114.0221,-8.1419],[114.0417,-8.1365],[114.0468,-8.1242],[114.0399,-8.1135],[114.0276,-8.1127],[114.0028,-8.0743],[113.8933,-8.0156],[113.8856,-8.0189],[113.8849,-8.0299],[113.872,-8.0325],[113.858,-8.0187],[113.8438,-8.0206],[113.8583,-8.0389],[113.8539,-8.0441],[113.8124,-8.0462],[113.8022,-8.0577],[113.7818,-8.0498],[113.7725,-8.0369],[113.7602,-8.0508],[113.7492,-8.0494],[113.7473,-8.0648],[113.7461,-8.0513],[113.7262,-8.0236],[113.7101,-8.0112],[113.6872,-8.0115],[113.6716,-7.9858],[113.6701,-7.968],[113.6289,-7.9757],[113.6139,-7.9921],[113.5953,-7.976],[113.5903,-7.9834],[113.5628,-7.9827],[113.5594,-7.9947],[113.5326,-8.0092],[113.5145,-8.0015],[113.4946,-8.005],[113.4818,-7.9943],[113.4759,-8.0255],[113.4654,-8.0275],[113.454,-8.0195],[113.4448,-8.0252],[113.4402,-8.0152],[113.391,-7.9972],[113.3789,-8.0205],[113.355,-8.0354],[113.3487,-8.0549],[113.3665,-8.0852],[113.3624,-8.1185],[113.3756,-8.1307],[113.3724,-8.1464],[113.3795,-8.1578],[113.3659,-8.1686],[113.3679,-8.1853],[113.353,-8.2039],[113.3334,-8.2083],[113.3131,-8.2288],[113.3198,-8.2651],[113.3035,-8.3072]]],[[[113.6191,-8.4983],[113.6191,-8.4983]]],[[[113.5802,-8.4414],[113.5802,-8.4414]]],[[[113.7088,-8.5314],[113.7088,-8.5314]]],[[[113.6613,-8.5024],[113.6613,-8.5024]]],[[[113.7888,-8.5144],[113.7888,-8.5144]]]]},"properties":{"kab":"Kabupaten Jember","prov":"Jawa Timur","n":182,"kj":4,"dd":0,"top":[{"loc":"SMP Negeri 1 Umbulsari","n":112,"d":"2026-02-05"},{"loc":"TK (Spesifik tidak disebutkan)","n":29,"d":"2026-07-15"},{"loc":"PAUD Qur’an Raudlatul Tulab","n":25,"d":"2026-05-20"}]}},{"type":"Feature","geometry":{"type":"Polygon","coordinates":[[[107.2205,-6.5907],[107.2501,-6.573],[107.2731,-6.5361],[107.2841,-6.5308],[107.2891,-6.5017],[107.3058,-6.491],[107.3487,-6.4798],[107.3889,-6.5112],[107.3898,-6.4925],[107.3732,-6.4683],[107.4341,-6.4591],[107.445,-6.4386],[107.4529,-6.4416],[107.4623,-6.4267],[107.479,-6.4314],[107.5003,-6.4084],[107.5207,-6.4181],[107.5349,-6.4149],[107.5377,-6.3871],[107.5621,-6.3585],[107.5827,-6.3121],[107.5806,-6.2566],[107.5991,-6.2531],[107.6022,-6.2387],[107.6428,-6.2142],[107.6208,-6.1877],[107.5425,-6.1785],[107.4733,-6.1486],[107.3889,-6.0176],[107.3427,-5.9702],[107.3059,-5.9586],[107.2664,-5.9607],[107.2332,-5.9773],[107.1699,-5.989],[107.1337,-5.9763],[107.0982,-5.9399],[107.0844,-5.9908],[107.0846,-6.0023],[107.1017,-6.0168],[107.0937,-6.027],[107.1113,-6.0289],[107.1274,-6.0547],[107.1362,-6.0496],[107.1307,-6.0622],[107.1405,-6.0572],[107.1442,-6.0715],[107.1586,-6.0675],[107.177,-6.0817],[107.1857,-6.0766],[107.1891,-6.0893],[107.2216,-6.1039],[107.2468,-6.1011],[107.248,-6.1157],[107.2653,-6.1113],[107.2706,-6.1297],[107.2812,-6.1276],[107.2831,-6.1485],[107.2927,-6.1414],[107.2888,-6.1557],[107.2785,-6.1611],[107.2966,-6.2029],[107.2903,-6.2174],[107.2725,-6.2163],[107.2836,-6.2255],[107.2691,-6.232],[107.2761,-6.267],[107.255,-6.2948],[107.2365,-6.2967],[107.2385,-6.3061],[107.2327,-6.2992],[107.2239,-6.3163],[107.2174,-6.3151],[107.2247,-6.3206],[107.2147,-6.33],[107.2264,-6.3497],[107.2149,-6.3503],[107.2048,-6.3754],[107.2214,-6.3848],[107.2214,-6.4081],[107.2136,-6.4087],[107.2122,-6.4172],[107.2023,-6.4138],[107.2054,-6.4217],[107.1963,-6.4233],[107.2037,-6.4261],[107.2118,-6.4496],[107.2053,-6.4516],[107.2169,-6.4614],[107.2092,-6.4681],[107.1991,-6.4605],[107.1828,-6.4675],[107.1642,-6.502],[107.1931,-6.5783],[107.2205,-6.5907]]]},"properties":{"kab":"Kabupaten Karawang","prov":"Jawa Barat","n":128,"kj":2,"dd":0,"top":[{"loc":"TBA( tidak disebutkan)","n":82,"d":"2025-08-14"},{"loc":"Balita","n":46,"d":"2026-04-17"}]}},{"type":"Feature","geometry":{"type":"MultiPolygon","coordinates":[[[[116.074,-8.6238],[116.0719,-8.6706],[116.0557,-8.7372],[116.0591,-8.7269],[116.0831,-8.7296],[116.0598,-8.7507],[116.0621,-8.7667],[116.0492,-8.7581],[116.039,-8.7637],[116.0364,-8.7508],[116.046,-8.7459],[116.0469,-8.7267],[116.0338,-8.7197],[116.0295,-8.7394],[116.0105,-8.7517],[115.9901,-8.7307],[115.9692,-8.7341],[115.9665,-8.7264],[115.9666,-8.736],[115.9454,-8.7489],[115.9352,-8.7698],[115.914,-8.7753],[115.8943,-8.7606],[115.897,-8.7457],[115.882,-8.7635],[115.8799,-8.7518],[115.8649,-8.7427],[115.8656,-8.7225],[115.8521,-8.7202],[115.821,-8.7522],[115.8327,-8.7812],[115.826,-8.795],[115.8322,-8.8151],[115.8485,-8.8134],[115.8457,-8.825],[115.8693,-8.8182],[115.881,-8.8302],[115.9022,-8.8305],[115.9184,-8.8455],[115.9334,-8.8334],[115.9636,-8.8619],[115.9614,-8.8682],[115.9718,-8.8694],[115.972,-8.879],[115.9969,-8.8883],[116.0043,-8.903],[116.0234,-8.9032],[116.0157,-8.8947],[116.0273,-8.8821],[116.0095,-8.8705],[116.0188,-8.8596],[116.0334,-8.858],[116.0366,-8.8645],[116.0539,-8.8514],[116.0703,-8.8552],[116.0722,-8.8621],[116.0451,-8.8722],[116.0498,-8.8853],[116.072,-8.8849],[116.0779,-8.8953],[116.0839,-8.8731],[116.1093,-8.8727],[116.1141,-8.8622],[116.0926,-8.8516],[116.0924,-8.8387],[116.1206,-8.8069],[116.1335,-8.7683],[116.1416,-8.7662],[116.1312,-8.7418],[116.1395,-8.7292],[116.1526,-8.7381],[116.1744,-8.7267],[116.1682,-8.6733],[116.1812,-8.6799],[116.1961,-8.6735],[116.1891,-8.6427],[116.1748,-8.6222],[116.2495,-8.5927],[116.2657,-8.578],[116.2668,-8.5643],[116.2953,-8.5507],[116.2888,-8.5307],[116.3207,-8.5046],[116.3059,-8.4571],[116.3373,-8.4105],[116.2671,-8.4506],[116.2224,-8.4567],[116.2145,-8.4802],[116.1998,-8.4785],[116.1838,-8.463],[116.1675,-8.4656],[116.1603,-8.4561],[116.1421,-8.4544],[116.1295,-8.4707],[116.0891,-8.4638],[116.075,-8.4725],[116.0691,-8.4619],[116.0366,-8.4702],[116.034,-8.4841],[116.064,-8.5211],[116.0694,-8.552],[116.1394,-8.5652],[116.1492,-8.5829],[116.1699,-8.5918],[116.1511,-8.6117],[116.136,-8.6119],[116.131,-8.6192],[116.074,-8.6238]]],[[[115.8904,-8.7474],[115.8904,-8.7474]]],[[[115.925,-8.7415],[115.9261,-8.7283],[115.9187,-8.7295],[115.921,-8.7419],[115.9128,-8.7506],[115.9228,-8.7488],[115.9344,-8.7624],[115.925,-8.7415]]],[[[115.8895,-8.7325],[115.8814,-8.7366],[115.8901,-8.7456],[115.8895,-8.7325]]],[[[115.9101,-8.7279],[115.9017,-8.7248],[115.9101,-8.7279]]],[[[115.9141,-8.719],[115.9141,-8.719]]],[[[115.9946,-8.8994],[115.9946,-8.8994]]],[[[115.9802,-8.8841],[115.9802,-8.8841]]],[[[115.9603,-8.7217],[115.9603,-8.7217]]],[[[116.0134,-8.7252],[116.0144,-8.7196],[116.0134,-8.7252]]],[[[116.0068,-8.7175],[116.0068,-8.7175]]],[[[115.9752,-8.7072],[115.9752,-8.7072]]],[[[116.084,-8.8888],[116.084,-8.8888]]],[[[116.0644,-8.735],[116.0644,-8.735]]],[[[116.0598,-8.7306],[116.0598,-8.7306]]],[[[116.0202,-8.7248],[116.0279,-8.7259],[116.0202,-8.7248]]]]},"properties":{"kab":"Kabupaten Lombok Barat","prov":"Nusa Tenggara Barat","n":45,"kj":3,"dd":0,"top":[{"loc":"MTS (Spesifik tidak disebutkan)","n":26,"d":"2025-09-24"},{"loc":"SDN 1 Selat","n":17,"d":"2025-09-03"},{"loc":"SDN 2 Nyur Lembang","n":2,"d":"2025-09-03"}]}},{"type":"Feature","geometry":{"type":"Polygon","coordinates":[[[109.9355,-7.2018],[109.9701,-7.1881],[110.0598,-7.1189],[110.0764,-7.1209],[110.1199,-7.0932],[110.1755,-7.1009],[110.183,-7.0777],[110.1932,-7.0806],[110.188,-7.1017],[110.1935,-7.1056],[110.1668,-7.1124],[110.1592,-7.1261],[110.1461,-7.125],[110.1385,-7.1337],[110.1467,-7.144],[110.1849,-7.1516],[110.1925,-7.1725],[110.2141,-7.1857],[110.2456,-7.1844],[110.2724,-7.1992],[110.285,-7.1882],[110.3054,-7.1954],[110.3664,-7.1758],[110.3442,-7.1564],[110.3533,-7.1364],[110.3483,-7.0887],[110.3423,-7.0896],[110.3452,-7.1002],[110.3147,-7.1078],[110.3033,-7.0973],[110.2933,-7.0527],[110.2718,-7.0413],[110.2697,-7.0215],[110.2746,-7.0125],[110.2844,-7.0129],[110.2808,-6.9991],[110.2876,-6.9972],[110.2817,-6.9906],[110.295,-6.981],[110.2854,-6.9684],[110.2957,-6.9686],[110.2997,-6.96],[110.2915,-6.9505],[110.308,-6.9291],[110.2505,-6.9063],[110.2289,-6.8855],[110.2179,-6.8641],[110.2255,-6.8644],[110.1786,-6.8478],[110.1726,-6.8331],[110.174,-6.854],[110.1404,-6.8758],[110.0263,-6.9118],[110.045,-6.9212],[110.0308,-6.9301],[110.0401,-6.942],[110.051,-6.9425],[110.0508,-6.9804],[110.025,-6.9975],[110.0132,-7.0186],[109.9736,-7.0349],[109.9774,-7.0818],[109.9633,-7.0946],[109.9227,-7.1868],[109.9355,-7.2018]]]},"properties":{"kab":"Kabupaten Kendal","prov":"Jawa Tengah","n":17,"kj":1,"dd":0,"top":[{"loc":"SMPN 1 Kendal","n":17,"d":"2025-11-26"}]}},{"type":"Feature","geometry":{"type":"MultiPolygon","coordinates":[[[[115.6829,0.3295],[115.721,0.3062],[115.75,0.3061],[115.7818,0.2845],[115.7676,0.2574],[115.7646,0.23],[115.792,0.2316],[115.796,0.2131],[115.8045,0.2089],[115.8272,0.2188],[115.8389,0.185],[115.8507,0.1863],[115.8614,0.1699],[115.8765,0.1657],[115.9021,0.123],[115.9476,0.1168],[115.9591,0.1012],[115.9755,0.1064],[115.9814,0.0858],[115.9766,0.0735],[115.9941,0.0602],[115.9869,0.043],[115.9893,0.0207],[115.9773,0.0149],[115.9677,0.023],[115.9666,0.002],[115.9477,-0.0195],[115.9608,-0.0578],[115.977,-0.0744],[115.9713,-0.0843],[115.9887,-0.0905],[115.9983,-0.1041],[116.007,-0.1026],[116.0341,-0.1457],[116.0655,-0.1678],[116.1609,-0.1783],[116.165,-0.214],[116.2774,-0.289],[116.3064,-0.3298],[116.3013,-0.3485],[116.3225,-0.3902],[116.3031,-0.3858],[116.2897,-0.3998],[116.2362,-0.4003],[116.2328,-0.4079],[116.2354,-0.4251],[116.2658,-0.4497],[116.2506,-0.4859],[116.287,-0.5241],[116.32,-0.5342],[116.375,-0.6159],[116.375,-0.6326],[116.4095,-0.6593],[116.4494,-0.7122],[116.455,-0.735],[116.4856,-0.735],[116.4959,-0.7518],[116.5219,-0.7533],[116.5057,-0.7656],[116.5088,-0.7845],[116.5007,-0.7834],[116.4906,-0.8071],[116.5009,-0.8581],[116.5167,-0.8458],[116.514,-0.8271],[116.532,-0.8262],[116.5393,-0.8132],[116.555,-0.81],[116.5641,-0.8127],[116.5722,-0.8312],[116.5683,-0.8599],[116.591,-0.8643],[116.5886,-0.8734],[116.6024,-0.8828],[116.6283,-0.8763],[116.6474,-0.8502],[116.6512,-0.8252],[116.6842,-0.7983],[116.7113,-0.8074],[116.7259,-0.8003],[116.7342,-0.8062],[116.7353,-0.8259],[116.7727,-0.8016],[116.7725,-0.8258],[116.7927,-0.8221],[116.8068,-0.806],[116.8252,-0.8098],[116.8309,-0.8238],[116.8672,-0.834],[116.884,-0.8506],[116.8955,-0.8701],[116.8874,-0.8914],[116.9041,-0.8953],[116.924,-0.8797],[116.9452,-0.8796],[116.9451,-0.9067],[116.9323,-0.9183],[116.9382,-0.9262],[116.9311,-0.9516],[116.9091,-0.9688],[116.9049,-0.9854],[116.8743,-0.9897],[116.8739,-1.009],[116.8429,-1.0214],[116.8389,-1.0474],[116.8604,-1.0587],[116.9037,-1.0647],[116.9072,-1.0808],[116.9305,-1.1096],[116.9468,-1.1171],[116.9406,-1.1206],[116.9453,-1.1261],[117.0004,-1.1252],[117.0227,-1.1407],[117.0648,-1.1064],[117.1206,-1.0164],[117.1451,-0.9936],[117.1701,-0.9534],[117.2031,-0.9281],[117.2488,-0.9072],[117.2526,-0.8094],[117.2809,-0.7932],[117.2891,-0.7176],[117.3028,-0.6787],[117.2896,-0.6094],[117.2707,-0.5971],[117.2622,-0.6173],[117.2283,-0.6373],[117.2334,-0.6497],[117.2257,-0.662],[117.1913,-0.6821],[117.1849,-0.7121],[117.1622,-0.7165],[117.1455,-0.673],[117.1264,-0.664],[117.1454,-0.6207],[117.1142,-0.5985],[117.0926,-0.5927],[117.0919,-0.578],[117.083,-0.5761],[117.0699,-0.5915],[117.0716,-0.5809],[117.0542,-0.5506],[117.0675,-0.533],[117.0546,-0.5139],[117.0651,-0.479],[117.0624,-0.4479],[117.0739,-0.4286],[117.1278,-0.4084],[117.1326,-0.3642],[117.1492,-0.3528],[117.1385,-0.3408],[117.1429,-0.3202],[117.2063,-0.3235],[117.2257,-0.3144],[117.2373,-0.3385],[117.2336,-0.3574],[117.2621,-0.3653],[117.2807,-0.3602],[117.2922,-0.3659],[117.2982,-0.3829],[117.2951,-0.4024],[117.269,-0.4226],[117.2624,-0.4382],[117.2706,-0.4699],[117.2572,-0.5238],[117.2695,-0.5256],[117.2628,-0.5307],[117.2676,-0.5594],[117.2553,-0.5504],[117.2384,-0.5565],[117.2359,-0.5756],[117.2751,-0.5835],[117.276,-0.5769],[117.313,-0.5677],[117.3504,-0.5793],[117.348,-0.5748],[117.4123,-0.5392],[117.4549,-0.4555],[117.4426,-0.4369],[117.4244,-0.4325],[117.438,-0.421],[117.4285,-0.3969],[117.437,-0.3913],[117.4367,-0.3797],[117.4578,-0.3871],[117.4646,-0.3729],[117.4529,-0.356],[117.4469,-0.324],[117.4526,-0.3039],[117.4269,-0.2769],[117.4168,-0.2234],[117.4239,-0.2083],[117.4368,-0.2083],[117.4264,-0.2219],[117.4425,-0.2019],[117.4761,-0.0773],[117.5177,-0.0315],[117.5066,0.0028],[117.5166,0.0224],[117.3707,0.0228],[117.367,0.0312],[117.3402,0.0337],[117.3357,0.051],[117.3072,0.0335],[117.2839,0.034],[117.2593,0.0431],[117.2613,0.0528],[117.2474,0.0572],[117.2319,0.083],[117.2252,0.0859],[117.2222,0.0768],[117.21,0.0829],[117.2081,0.1171],[117.1726,0.151],[117.1819,0.2054],[117.1766,0.2742],[117.2001,0.3027],[117.1959,0.309],[117.2157,0.3394],[117.2145,0.3496],[117.1829,0.3494],[117.1444,0.3706],[117.1067,0.4382],[117.0786,0.4483],[117.0742,0.4648],[117.0568,0.4761],[117.025,0.5452],[117.0098,0.5501],[117.0094,0.5623],[117.0002,0.5655],[116.9931,0.5833],[116.9635,0.557],[116.9649,0.5409],[116.9403,0.5398],[116.9473,0.522],[116.9383,0.4347],[116.904,0.39],[116.8739,0.3896],[116.8766,0.3661],[116.8478,0.3002],[116.8516,0.2705],[116.8264,0.2359],[116.8036,0.226],[116.7766,0.2273],[116.6525,0.1839],[116.4692,0.1839],[116.4593,0.2895],[116.4595,0.295],[116.4763,0.295],[116.4708,0.309],[116.4022,0.3562],[116.3616,0.4133],[116.3374,0.4315],[116.3343,0.4491],[116.3235,0.4584],[116.2883,0.4652],[116.2796,0.504],[116.2856,0.5115],[116.2623,0.5291],[116.2643,0.5529],[116.2558,0.5525],[116.2542,0.5657],[116.2739,0.5838],[116.242,0.632],[116.2508,0.6386],[116.237,0.6524],[116.2244,0.7098],[116.2003,0.7205],[116.1801,0.7193],[116.1705,0.7326],[116.1424,0.7225],[116.1384,0.7375],[116.147,0.7499],[116.1234,0.7548],[116.1005,0.7817],[116.0851,0.7877],[116.0868,0.7999],[116.0757,0.8094],[116.0598,0.8065],[116.0327,0.7751],[116.015,0.7776],[116.0112,0.7708],[115.9939,0.7803],[115.9911,0.8033],[115.9681,0.8209],[115.9721,0.8349],[115.9926,0.8269],[116.016,0.8344],[116.0322,0.8521],[116.0266,0.8692],[116.0396,0.8755],[116.0394,0.8878],[116.0681,0.9018],[116.0625,0.9135],[116.0471,0.9196],[116.0422,0.9534],[116.029,0.9714],[116.0471,0.9913],[116.0404,1.0068],[116.0653,1.0105],[116.0743,1.0243],[116.0497,1.0613],[116.0539,1.0706],[116.0318,1.1284],[116.0371,1.1395],[116.0302,1.1686],[116.0491,1.1795],[116.0642,1.1769],[116.0625,1.1967],[116.0806,1.2114],[116.0948,1.2483],[116.1491,1.2972],[116.1585,1.3627],[116.1747,1.3814],[116.141,1.4138],[116.1543,1.4505],[116.1528,1.4897],[116.1312,1.4781],[116.0921,1.4999],[116.0666,1.5],[116.0421,1.5166],[116.0206,1.516],[116.0076,1.5259],[115.9727,1.5313],[115.9558,1.5042],[115.9574,1.4906],[115.914,1.4773],[115.8543,1.434],[115.8569,1.4014],[115.8353,1.3793],[115.8293,1.3524],[115.807,1.3246],[115.7734,1.3077],[115.7727,1.2638],[115.727,1.26],[115.7111,1.2753],[115.71,1.2666],[115.7007,1.2642],[115.6858,1.282],[115.6585,1.2901],[115.6467,1.282],[115.5832,1.2806],[115.5541,1.2654],[115.4927,1.2543],[115.485,1.2454],[115.4391,1.2318],[115.4274,1.2228],[115.422,1.1909],[115.4111,1.1926],[115.4056,1.1832],[115.4207,1.1396],[115.4105,1.1379],[115.4,1.1089],[115.3779,1.1005],[115.3714,1.0702],[115.3254,1.0542],[115.3,1.0605],[115.2833,1.0388],[115.254,1.0227],[115.2497,0.9989],[115.2554,0.991],[115.2322,0.9619],[115.2613,0.945],[115.2701,0.9127],[115.3081,0.894],[115.2919,0.8772],[115.291,0.8596],[115.2784,0.8393],[115.2853,0.8078],[115.3194,0.8283],[115.3442,0.8133],[115.3819,0.8093],[115.3757,0.7951],[115.3894,0.7839],[115.3922,0.7706],[115.4054,0.7839],[115.4959,0.7632],[115.547,0.7206],[115.5546,0.7022],[115.5653,0.7001],[115.5946,0.6359],[115.6078,0.6344],[115.6295,0.6153],[115.6369,0.6246],[115.6515,0.6213],[115.6472,0.6053],[115.6735,0.5806],[115.6638,0.5676],[115.6407,0.5631],[115.6477,0.5403],[115.6999,0.5438],[115.712,0.5159],[115.7371,0.516],[115.7416,0.4931],[115.7544,0.4848],[115.7476,0.4416],[115.7683,0.4049],[115.7376,0.3982],[115.7348,0.3882],[115.7261,0.391],[115.7056,0.3698],[115.6958,0.3695],[115.6716,0.3433],[115.6829,0.3295]]],[[[117.2629,-0.8625],[117.26,-0.85],[117.2558,-0.8562],[117.2558,-0.8826],[117.2619,-0.8861],[117.2629,-0.8625]]],[[[117.2733,-0.8494],[117.2644,-0.8444],[117.2761,-0.832],[117.2721,-0.8263],[117.2638,-0.8294],[117.2629,-0.84],[117.2654,-0.8561],[117.27,-0.8514],[117.2676,-0.8822],[117.2752,-0.8878],[117.2733,-0.8494]]],[[[117.2567,-0.8519],[117.2567,-0.8519]]],[[[117.2567,-0.8454],[117.2567,-0.8454]]],[[[117.2566,-0.8428],[117.2566,-0.8428]]],[[[117.2812,-0.8343],[117.2852,-0.8239],[117.2779,-0.8107],[117.2702,-0.8106],[117.2634,-0.8278],[117.2719,-0.8255],[117.2788,-0.8337],[117.2687,-0.8445],[117.2812,-0.8343]]],[[[117.2557,-0.835],[117.2568,-0.825],[117.2557,-0.835]]],[[[117.2782,-0.8105],[117.2776,-0.8087],[117.2765,-0.8091],[117.2782,-0.8105]]],[[[117.2771,-0.8033],[117.2665,-0.8094],[117.2771,-0.8033]]],[[[117.3669,-0.8926],[117.3749,-0.8938],[117.3928,-0.8778],[117.3755,-0.8472],[117.3621,-0.8716],[117.3669,-0.8926]]],[[[117.3406,-0.7813],[117.3296,-0.794],[117.3456,-0.818],[117.3467,-0.8356],[117.311,-0.8563],[117.3193,-0.889],[117.3369,-0.9111],[117.3579,-0.8971],[117.3566,-0.8752],[117.3735,-0.8388],[117.3406,-0.7813]]],[[[117.2967,-0.8078],[117.2859,-0.7959],[117.2805,-0.8098],[117.2879,-0.8255],[117.276,-0.856],[117.2849,-0.8764],[117.2938,-0.8718],[117.3025,-0.8479],[117.2967,-0.8078]]],[[[117.3828,-0.8336],[117.3827,-0.8301],[117.3817,-0.8301],[117.3828,-0.8336]]],[[[117.3605,-0.8137],[117.3605,-0.8137]]],[[[117.3751,-0.7172],[117.3781,-0.6938],[117.3633,-0.6952],[117.3606,-0.6852],[117.3281,-0.6679],[117.3379,-0.6559],[117.3274,-0.6595],[117.3199,-0.6469],[117.3229,-0.6321],[117.302,-0.6145],[117.3058,-0.6557],[117.3198,-0.6853],[117.3334,-0.7559],[117.3534,-0.7755],[117.363,-0.8051],[117.3994,-0.8552],[117.41,-0.8844],[117.4239,-0.8809],[117.4155,-0.8707],[117.4267,-0.8611],[117.4413,-0.8927],[117.4478,-0.8885],[117.4342,-0.8441],[117.4113,-0.8405],[117.3909,-0.7782],[117.3715,-0.778],[117.3785,-0.7654],[117.3723,-0.7517],[117.3896,-0.7366],[117.3751,-0.7172]]],[[[117.3885,-0.7395],[117.3808,-0.7406],[117.3757,-0.7549],[117.3825,-0.7665],[117.3739,-0.7784],[117.3927,-0.7766],[117.4172,-0.8361],[117.4399,-0.8161],[117.4335,-0.788],[117.4105,-0.7868],[117.3885,-0.7395]]],[[[117.3383,-0.781],[117.3383,-0.781]]],[[[117.293,-0.7646],[117.2879,-0.7919],[117.293,-0.7646]]],[[[117.353,-0.7811],[117.3437,-0.7674],[117.353,-0.7811]]],[[[117.3394,-0.7744],[117.3313,-0.763],[117.3394,-0.7744]]],[[[117.3031,-0.6969],[117.2919,-0.726],[117.2985,-0.7715],[117.2925,-0.7985],[117.3009,-0.8055],[117.3093,-0.84],[117.3179,-0.8339],[117.3383,-0.8373],[117.342,-0.8281],[117.3147,-0.7961],[117.3234,-0.787],[117.3143,-0.7758],[117.3204,-0.7695],[117.3146,-0.7605],[117.3178,-0.7342],[117.3111,-0.7284],[117.3173,-0.7227],[117.3083,-0.7194],[117.3109,-0.7064],[117.3031,-0.6969]]],[[[117.3763,-0.7687],[117.3763,-0.7687]]],[[[117.4556,-0.7839],[117.4577,-0.7754],[117.4357,-0.7512],[117.4305,-0.722],[117.3867,-0.6948],[117.3812,-0.7187],[117.4556,-0.7839]]],[[[117.3184,-0.699],[117.3078,-0.6764],[117.3013,-0.6951],[117.3114,-0.7068],[117.3085,-0.7185],[117.3177,-0.7206],[117.3253,-0.8019],[117.3383,-0.7758],[117.3291,-0.7653],[117.3184,-0.699]]],[[[117.3308,-0.7457],[117.3259,-0.7258],[117.3308,-0.7457]]],[[[117.4181,-0.6719],[117.4138,-0.6628],[117.3892,-0.6743],[117.3848,-0.6637],[117.3725,-0.6615],[117.385,-0.6629],[117.389,-0.6732],[117.3951,-0.6575],[117.4055,-0.6608],[117.4068,-0.6536],[117.406,-0.6613],[117.3932,-0.6643],[117.4051,-0.6688],[117.4153,-0.6614],[117.4185,-0.6775],[117.4262,-0.6806],[117.4324,-0.6573],[117.4229,-0.6575],[117.4209,-0.6469],[117.4117,-0.6486],[117.4122,-0.6385],[117.3736,-0.6308],[117.3661,-0.6532],[117.3602,-0.6475],[117.3673,-0.644],[117.3427,-0.6285],[117.3775,-0.6711],[117.4109,-0.6961],[117.407,-0.6776],[117.4181,-0.6719]]],[[[117.3304,-0.6349],[117.3205,-0.6335],[117.3276,-0.6587],[117.3389,-0.6566],[117.329,-0.6677],[117.361,-0.6841],[117.3642,-0.6945],[117.3789,-0.6931],[117.3812,-0.7045],[117.3834,-0.6938],[117.3702,-0.6667],[117.3304,-0.6349]]],[[[117.3622,-0.6576],[117.3622,-0.6576]]],[[[117.3137,-0.5787],[117.2856,-0.5838],[117.3258,-0.63],[117.3474,-0.6363],[117.3471,-0.6269],[117.3676,-0.6436],[117.3608,-0.6475],[117.3684,-0.6526],[117.3722,-0.6313],[117.386,-0.6314],[117.3826,-0.6209],[117.3638,-0.6167],[117.3733,-0.6207],[117.3742,-0.6075],[117.3673,-0.6049],[117.3669,-0.6134],[117.3705,-0.6047],[117.3751,-0.6223],[117.4121,-0.6364],[117.4245,-0.6567],[117.435,-0.655],[117.4547,-0.6666],[117.4624,-0.6808],[117.4709,-0.6786],[117.4758,-0.6663],[117.4589,-0.635],[117.4367,-0.6331],[117.4311,-0.6234],[117.4214,-0.6305],[117.4096,-0.6176],[117.3949,-0.6239],[117.3932,-0.6145],[117.3836,-0.6174],[117.3861,-0.6087],[117.3797,-0.6127],[117.3692,-0.6022],[117.378,-0.5851],[117.3437,-0.59],[117.3137,-0.5787]]],[[[117.4322,-0.5874],[117.4238,-0.5846],[117.4182,-0.598],[117.413,-0.5927],[117.4007,-0.6044],[117.4051,-0.6115],[117.412,-0.6065],[117.422,-0.6291],[117.4319,-0.6218],[117.4385,-0.6312],[117.4491,-0.6149],[117.4255,-0.5946],[117.4322,-0.5874]]],[[[117.3833,-0.6001],[117.3854,-0.5918],[117.3815,-0.5991],[117.3738,-0.5928],[117.3697,-0.6027],[117.3801,-0.6124],[117.3863,-0.6083],[117.3828,-0.6162],[117.3891,-0.62],[117.3938,-0.6144],[117.3945,-0.6231],[117.4168,-0.6153],[117.4099,-0.6061],[117.4051,-0.6122],[117.3885,-0.6084],[117.393,-0.5966],[117.3833,-0.6001]]],[[[117.4079,-0.5947],[117.3999,-0.5933],[117.3879,-0.6069],[117.3986,-0.6102],[117.4079,-0.5947]]],[[[117.3531,-0.5852],[117.3454,-0.5866],[117.3531,-0.5852]]],[[[117.4225,-0.5654],[117.3861,-0.5757],[117.3725,-0.591],[117.3804,-0.5984],[117.3864,-0.5916],[117.3897,-0.6018],[117.3998,-0.5931],[117.418,-0.5975],[117.4247,-0.5833],[117.4329,-0.5863],[117.4255,-0.5928],[117.4488,-0.6089],[117.4501,-0.6294],[117.4698,-0.624],[117.4728,-0.6081],[117.465,-0.5934],[117.4721,-0.5989],[117.4755,-0.588],[117.4937,-0.5925],[117.5085,-0.5754],[117.4766,-0.5636],[117.4731,-0.5499],[117.4463,-0.5654],[117.4225,-0.5654]]],[[[117.3198,-0.5742],[117.3106,-0.5716],[117.3198,-0.5742]]],[[[117.4092,-0.5568],[117.4192,-0.5512],[117.4127,-0.5411],[117.3973,-0.5455],[117.3701,-0.5694],[117.3489,-0.5766],[117.3667,-0.5823],[117.4092,-0.5568]]],[[[117.4268,-0.8625],[117.4162,-0.872],[117.4367,-0.8911],[117.4359,-0.8713],[117.4268,-0.8625]]],[[[117.4765,-0.8168],[117.4695,-0.8121],[117.4683,-0.8299],[117.4913,-0.8385],[117.4765,-0.8168]]],[[[117.487,-0.8208],[117.47,-0.8025],[117.487,-0.8208]]],[[[117.512,-0.8114],[117.4993,-0.8011],[117.512,-0.8114]]],[[[117.4982,-0.797],[117.4982,-0.797]]],[[[117.4415,-0.7807],[117.4065,-0.7531],[117.4116,-0.7836],[117.4312,-0.7811],[117.442,-0.8032],[117.4646,-0.8211],[117.4665,-0.8084],[117.4415,-0.7807]]],[[[117.4732,-0.7462],[117.4629,-0.7437],[117.4685,-0.7621],[117.486,-0.7708],[117.507,-0.805],[117.5367,-0.8135],[117.5535,-0.8024],[117.554,-0.7928],[117.5126,-0.7776],[117.4981,-0.7497],[117.4732,-0.7462]]],[[[117.4828,-0.7735],[117.4683,-0.7638],[117.4625,-0.7478],[117.4426,-0.7412],[117.4374,-0.7461],[117.4849,-0.8],[117.4935,-0.7969],[117.4828,-0.7735]]],[[[117.4625,-0.7028],[117.4423,-0.7062],[117.4531,-0.7244],[117.44,-0.7309],[117.4449,-0.7401],[117.4982,-0.7487],[117.5221,-0.7759],[117.5967,-0.7854],[117.6145,-0.7684],[117.6161,-0.7484],[117.6053,-0.7267],[117.5914,-0.7359],[117.5504,-0.727],[117.5152,-0.7363],[117.4625,-0.7028]]],[[[117.4376,-0.7435],[117.4399,-0.7387],[117.4376,-0.7435]]],[[[117.4364,-0.7385],[117.4364,-0.7385]]],[[[117.5125,-0.7072],[117.5221,-0.705],[117.5178,-0.6975],[117.4998,-0.7022],[117.5125,-0.7072]]],[[[117.4535,-0.6833],[117.4364,-0.6629],[117.4258,-0.6831],[117.4085,-0.6774],[117.4133,-0.697],[117.3846,-0.6811],[117.388,-0.6924],[117.4233,-0.7097],[117.4393,-0.7313],[117.4526,-0.7245],[117.4398,-0.7092],[117.4479,-0.6987],[117.4298,-0.6881],[117.4477,-0.7018],[117.4715,-0.7065],[117.4535,-0.6833]]],[[[117.5099,-0.6663],[117.4846,-0.6496],[117.4864,-0.6621],[117.4726,-0.6851],[117.5052,-0.6939],[117.5282,-0.6898],[117.5253,-0.6623],[117.5099,-0.6663]]],[[[117.4915,-0.6276],[117.4604,-0.6282],[117.4705,-0.6567],[117.4807,-0.6651],[117.4808,-0.6511],[117.4887,-0.647],[117.4998,-0.6616],[117.5103,-0.663],[117.5155,-0.6436],[117.5012,-0.6422],[117.4986,-0.6264],[117.4915,-0.6276]]],[[[117.5007,-0.614],[117.4881,-0.6021],[117.4715,-0.6239],[117.5,-0.6235],[117.5019,-0.6391],[117.5151,-0.6388],[117.5283,-0.6543],[117.5623,-0.6484],[117.5662,-0.6214],[117.5103,-0.6077],[117.5007,-0.614]]],[[[117.4836,-0.5962],[117.4766,-0.5897],[117.4735,-0.6002],[117.4638,-0.5965],[117.4736,-0.6076],[117.471,-0.6194],[117.4856,-0.6094],[117.4904,-0.5917],[117.4836,-0.5962]]],[[[117.4977,-0.613],[117.5056,-0.6106],[117.5001,-0.5937],[117.4932,-0.6023],[117.4977,-0.613]]],[[[117.4831,-0.5941],[117.4831,-0.5941]]],[[[117.5045,-0.5458],[117.4891,-0.5627],[117.5119,-0.5708],[117.5113,-0.6006],[117.5536,-0.5978],[117.5781,-0.5776],[117.588,-0.5178],[117.5691,-0.5138],[117.5744,-0.5366],[117.569,-0.5234],[117.556,-0.5277],[117.554,-0.522],[117.5706,-0.5226],[117.5725,-0.5094],[117.5471,-0.5058],[117.5276,-0.5321],[117.5324,-0.5444],[117.5455,-0.5327],[117.5357,-0.5448],[117.5237,-0.5283],[117.505,-0.5265],[117.5138,-0.5403],[117.5045,-0.5458]]],[[[117.5036,-0.5282],[117.4496,-0.5349],[117.4374,-0.5437],[117.4391,-0.561],[117.4735,-0.5483],[117.4791,-0.5629],[117.4879,-0.5624],[117.5014,-0.5539],[117.4982,-0.5452],[117.5127,-0.5405],[117.5036,-0.5282]]],[[[117.5314,-0.5271],[117.5404,-0.5048],[117.5011,-0.5227],[117.5314,-0.5271]]],[[[117.4905,-0.5209],[117.5096,-0.5102],[117.4905,-0.5209]]],[[[117.4793,-0.5097],[117.4793,-0.5097]]],[[[117.4558,-0.5011],[117.4454,-0.5081],[117.4558,-0.5011]]],[[[117.5724,-0.5047],[117.5669,-0.4953],[117.5509,-0.5039],[117.5724,-0.5047]]],[[[117.6256,-0.4211],[117.6,-0.4078],[117.5027,-0.4682],[117.4783,-0.494],[117.4179,-0.5333],[117.4179,-0.5608],[117.4452,-0.5621],[117.4385,-0.5615],[117.4361,-0.5433],[117.5097,-0.5065],[117.4867,-0.5005],[117.4901,-0.5112],[117.4785,-0.5124],[117.4854,-0.4996],[117.5144,-0.5066],[117.5972,-0.4742],[117.6042,-0.4775],[117.6226,-0.4574],[117.6256,-0.4211]]],[[[117.5949,-0.4787],[117.5949,-0.4787]]],[[[117.509,-0.4431],[117.5373,-0.3935],[117.5307,-0.3871],[117.518,-0.4015],[117.5014,-0.4021],[117.5024,-0.4371],[117.4868,-0.4421],[117.4497,-0.4981],[117.4781,-0.4839],[117.509,-0.4431]]],[[[117.4999,-0.4248],[117.5002,-0.4003],[117.52,-0.3975],[117.5407,-0.3739],[117.5264,-0.3515],[117.5148,-0.3524],[117.4694,-0.4184],[117.4578,-0.4634],[117.4416,-0.4809],[117.4432,-0.5004],[117.4649,-0.4835],[117.4858,-0.4419],[117.4999,-0.4389],[117.4999,-0.4248]]],[[[117.5363,-0.445],[117.5249,-0.4541],[117.5363,-0.445]]],[[[117.4948,-0.4606],[117.5158,-0.4372],[117.4948,-0.4606]]],[[[117.5196,-0.4371],[117.54,-0.4111],[117.5309,-0.4138],[117.5196,-0.4371]]],[[[117.458,-0.421],[117.4939,-0.3467],[117.4907,-0.329],[117.4733,-0.331],[117.4604,-0.3469],[117.4673,-0.3739],[117.4614,-0.3879],[117.4362,-0.3823],[117.4318,-0.4128],[117.4394,-0.4238],[117.4256,-0.4327],[117.4506,-0.4409],[117.458,-0.421]]],[[[117.5332,-0.4088],[117.5332,-0.4088]]],[[[117.5107,-0.3537],[117.4984,-0.3511],[117.4856,-0.3866],[117.5107,-0.3537]]]]},"properties":{"kab":"Kabupaten Kutai Kartanegara","prov":"Kalimantan Timur","n":46,"kj":1,"dd":0,"top":[{"loc":"SDN 025 Sebulu","n":46,"d":"2026-08-03"}]}},{"type":"Feature","geometry":{"type":"Polygon","coordinates":[[[112.649,-7.9166],[112.64,-7.9216],[112.6255,-7.9111],[112.6098,-7.9179],[112.6125,-7.9253],[112.5921,-7.9175],[112.5982,-7.9373],[112.5692,-7.9391],[112.6027,-7.9675],[112.5919,-7.9728],[112.5969,-7.9837],[112.5768,-7.9839],[112.6014,-7.9955],[112.5974,-8.006],[112.6065,-8.0135],[112.6172,-8.0099],[112.6139,-8.0214],[112.631,-8.0352],[112.6317,-8.046],[112.6456,-8.0515],[112.6731,-8.0314],[112.6721,-8.009],[112.6832,-8.0055],[112.6938,-7.9817],[112.6581,-7.9653],[112.6688,-7.9459],[112.663,-7.9274],[112.649,-7.9166]]]},"properties":{"kab":"Kabupaten Malang","prov":"Jawa Timur","n":80,"kj":3,"dd":0,"top":[{"loc":"MTs Al-Khalifah","n":38,"d":"2025-10-23"},{"loc":"SDN Kauman 1","n":33,"d":"2026-07-21"},{"loc":"MI Al Maarif 9","n":9,"d":"2026-02-11"}]}},{"type":"Feature","geometry":{"type":"Polygon","coordinates":[[[98.4714,3.2417],[98.4872,3.2364],[98.5389,3.2469],[98.5583,3.1998],[98.6229,3.2326],[98.6271,3.224],[98.6125,3.1948],[98.6151,3.1806],[98.6029,3.182],[98.6018,3.1609],[98.6163,3.1314],[98.6291,3.124],[98.6233,3.1049],[98.6337,3.0887],[98.6301,3.0692],[98.6348,3.062],[98.6945,3.0713],[98.6953,3.041],[98.7145,3.0667],[98.7137,3.1075],[98.7262,3.1205],[98.7327,3.1457],[98.7354,3.1705],[98.7274,3.1767],[98.7376,3.2251],[98.7908,3.2797],[98.7998,3.304],[98.8312,3.319],[98.8454,3.3404],[98.8907,3.3604],[98.9143,3.3618],[98.9186,3.3709],[98.9142,3.4507],[98.9342,3.4925],[98.9363,3.5202],[98.9263,3.5468],[98.9331,3.5682],[98.9191,3.5827],[98.9186,3.6013],[98.9376,3.6249],[98.9433,3.6758],[98.8741,3.6871],[98.7824,3.7267],[98.76,3.7585],[98.7446,3.7674],[98.7051,3.7696],[98.7046,3.7409],[98.7269,3.7334],[98.7312,3.721],[98.7151,3.7257],[98.7037,3.7126],[98.7115,3.694],[98.7036,3.6723],[98.6947,3.6724],[98.6966,3.6782],[98.669,3.6764],[98.6923,3.6646],[98.6897,3.6566],[98.7026,3.6562],[98.7017,3.6452],[98.6926,3.6455],[98.6934,3.6265],[98.7099,3.6266],[98.706,3.5953],[98.7437,3.5968],[98.7244,3.5952],[98.7179,3.5827],[98.7383,3.5814],[98.727,3.568],[98.7268,3.5524],[98.7201,3.5518],[98.7232,3.5406],[98.7467,3.5387],[98.7449,3.5287],[98.6984,3.5311],[98.6956,3.5184],[98.6723,3.5146],[98.6559,3.517],[98.6617,3.5174],[98.6582,3.5223],[98.6591,3.5046],[98.655,3.4962],[98.6475,3.4982],[98.6456,3.4799],[98.638,3.4898],[98.6409,3.5079],[98.6315,3.505],[98.6257,3.5186],[98.6172,3.4983],[98.6001,3.4908],[98.5929,3.4952],[98.6026,3.5346],[98.5933,3.5408],[98.6117,3.5537],[98.6115,3.5829],[98.6022,3.5871],[98.6068,3.6106],[98.5993,3.6193],[98.6271,3.6106],[98.6526,3.6152],[98.6666,3.6353],[98.6593,3.6393],[98.6587,3.6753],[98.6337,3.684],[98.6319,3.7019],[98.6189,3.7087],[98.6527,3.7294],[98.6533,3.7387],[98.6364,3.7436],[98.6254,3.7627],[98.6364,3.7696],[98.6329,3.7763],[98.6543,3.7826],[98.675,3.7756],[98.6813,3.789],[98.7102,3.7948],[98.6996,3.8237],[98.6974,3.8781],[98.6702,3.908],[98.6539,3.9047],[98.6378,3.8849],[98.6232,3.8841],[98.6116,3.8662],[98.604,3.8682],[98.6097,3.8563],[98.6016,3.8488],[98.6032,3.8346],[98.5862,3.8348],[98.575,3.8138],[98.5824,3.8109],[98.5515,3.7899],[98.5363,3.7922],[98.5045,3.745],[98.5098,3.7267],[98.5012,3.6724],[98.5185,3.6681],[98.5108,3.6636],[98.5168,3.6552],[98.5113,3.6459],[98.5172,3.6458],[98.5121,3.6318],[98.5272,3.6318],[98.527,3.621],[98.5332,3.6209],[98.5396,3.5754],[98.5153,3.5698],[98.4986,3.5758],[98.4966,3.5655],[98.5102,3.5529],[98.5102,3.5329],[98.5245,3.5225],[98.5102,3.496],[98.5046,3.4009],[98.496,3.3919],[98.5092,3.3085],[98.47,3.2765],[98.4714,3.2417]]]},"properties":{"kab":"Kabupaten Deli Serdang","prov":"Sumatera Utara","n":11,"kj":1,"dd":0,"top":[{"loc":"SD swasta terpadu As Syifa","n":11,"d":"2026-04-28"}]}},{"type":"Feature","geometry":{"type":"MultiPolygon","coordinates":[[[[116.1093,-8.8727],[116.1554,-8.8644],[116.162,-8.9079],[116.1953,-8.9168],[116.1981,-8.9045],[116.2069,-8.901],[116.2207,-8.9095],[116.2304,-8.9008],[116.2384,-8.9169],[116.2478,-8.9027],[116.2754,-8.9129],[116.2797,-8.8934],[116.2975,-8.9097],[116.3142,-8.9084],[116.3197,-8.9211],[116.3218,-8.9092],[116.3302,-8.9104],[116.33,-8.9194],[116.3371,-8.9163],[116.3466,-8.9305],[116.3509,-8.9261],[116.3414,-8.8996],[116.3585,-8.9107],[116.3771,-8.9041],[116.3808,-8.91],[116.3665,-8.925],[116.373,-8.9456],[116.3678,-8.9516],[116.394,-8.9521],[116.3939,-8.9231],[116.4049,-8.8996],[116.3858,-8.8663],[116.3929,-8.8564],[116.4014,-8.8563],[116.4012,-8.8648],[116.4048,-8.8582],[116.396,-8.8178],[116.415,-8.8055],[116.4175,-8.7764],[116.4252,-8.7729],[116.4285,-8.7558],[116.4458,-8.7459],[116.4463,-8.7233],[116.4326,-8.7146],[116.4287,-8.6911],[116.4033,-8.6779],[116.3942,-8.6837],[116.3782,-8.6631],[116.3843,-8.6526],[116.3762,-8.6375],[116.3843,-8.4905],[116.4068,-8.4594],[116.4063,-8.4345],[116.3851,-8.4214],[116.3824,-8.4101],[116.3373,-8.4105],[116.3203,-8.433],[116.3042,-8.465],[116.3207,-8.5046],[116.2888,-8.5307],[116.2953,-8.5507],[116.2668,-8.5643],[116.2657,-8.578],[116.2495,-8.5927],[116.1748,-8.6222],[116.1891,-8.6427],[116.1961,-8.6735],[116.1812,-8.6799],[116.1682,-8.6733],[116.1744,-8.7267],[116.1526,-8.7381],[116.1395,-8.7292],[116.1312,-8.7418],[116.1416,-8.7662],[116.1335,-8.7683],[116.1206,-8.8069],[116.0924,-8.8387],[116.0926,-8.8516],[116.1141,-8.8622],[116.1093,-8.8727]]],[[[116.2542,-8.9103],[116.2542,-8.9103]]],[[[116.3289,-8.9217],[116.3289,-8.9217]]],[[[116.3697,-8.9087],[116.3697,-8.9087]]]]},"properties":{"kab":"Kabupaten Lombok Tengah","prov":"Nusa Tenggara Barat","n":54,"kj":3,"dd":0,"top":[{"loc":"SDN 1 Darmaji","n":38,"d":"2026-01-17"},{"loc":"Balita","n":11,"d":"2026-04-10"},{"loc":"SDN Repuk Tunjang","n":5,"d":"2025-04-23"}]}},{"type":"Feature","geometry":{"type":"Polygon","coordinates":[[[108.3857,-7.0735],[108.4171,-7.0897],[108.4138,-7.0963],[108.4255,-7.0949],[108.4262,-7.1023],[108.4385,-7.1062],[108.4399,-7.118],[108.4678,-7.118],[108.5113,-7.1319],[108.5057,-7.1404],[108.5162,-7.1405],[108.5085,-7.1609],[108.5194,-7.1605],[108.5166,-7.1651],[108.5289,-7.1716],[108.5259,-7.1811],[108.563,-7.1944],[108.5622,-7.1713],[108.5898,-7.1544],[108.6351,-7.1387],[108.6572,-7.1567],[108.6763,-7.1565],[108.6977,-7.151],[108.726,-7.1152],[108.7687,-7.1125],[108.7875,-7.0561],[108.7763,-7.0388],[108.7926,-7.031],[108.7941,-7.0085],[108.7605,-6.988],[108.742,-6.995],[108.7366,-7.0063],[108.7185,-6.995],[108.7256,-6.9627],[108.7155,-6.9438],[108.684,-6.9319],[108.6832,-6.9237],[108.6694,-6.9404],[108.6553,-6.9362],[108.6658,-6.9172],[108.654,-6.9025],[108.621,-6.9104],[108.5795,-6.8988],[108.5376,-6.8775],[108.5365,-6.8684],[108.523,-6.8701],[108.5248,-6.8581],[108.5081,-6.852],[108.5118,-6.8293],[108.505,-6.8229],[108.5126,-6.7914],[108.4778,-6.7991],[108.4675,-6.7914],[108.4559,-6.7991],[108.4473,-6.7825],[108.4184,-6.7819],[108.3947,-6.8054],[108.4077,-6.8925],[108.4013,-6.9353],[108.3857,-6.9527],[108.3831,-7.0057],[108.394,-7.0319],[108.3832,-7.0414],[108.39,-7.0421],[108.3931,-7.0576],[108.3857,-7.0735]]]},"properties":{"kab":"Kabupaten Kuningan","prov":"Jawa Barat","n":304,"kj":4,"dd":0,"top":[{"loc":"SMAN 1 Luragung","n":103,"d":"2025-10-03"},{"loc":"SMP 1 Luragung","n":97,"d":"2025-10-03"},{"loc":"TBA (tidak disebutkan)","n":74,"d":"2025-11-28"}]}},{"type":"Feature","geometry":{"type":"Polygon","coordinates":[[[110.8046,-7.4592],[110.8379,-7.4592],[110.8468,-7.4711],[110.864,-7.4732],[110.8722,-7.489],[110.9395,-7.495],[111.0224,-7.5339],[111.0243,-7.5278],[111.0495,-7.5374],[111.0407,-7.5114],[111.0571,-7.5095],[111.0638,-7.4969],[111.0784,-7.4972],[111.0812,-7.5275],[111.1116,-7.5315],[111.1104,-7.5236],[111.1276,-7.511],[111.148,-7.5254],[111.1527,-7.4995],[111.1352,-7.4836],[111.1372,-7.4655],[111.1288,-7.4612],[111.1184,-7.415],[111.1453,-7.368],[111.1419,-7.3324],[111.1553,-7.3133],[111.1351,-7.2978],[111.1495,-7.2659],[111.1276,-7.2581],[111.1216,-7.2481],[111.1024,-7.2474],[111.0578,-7.2706],[111.032,-7.2645],[111.0299,-7.2567],[111.0073,-7.2609],[110.9724,-7.2816],[110.929,-7.2777],[110.9222,-7.2698],[110.9197,-7.2805],[110.9045,-7.2832],[110.8944,-7.2737],[110.8753,-7.2767],[110.8675,-7.2652],[110.8577,-7.2717],[110.8388,-7.2626],[110.8042,-7.2625],[110.793,-7.2781],[110.8032,-7.3275],[110.7998,-7.349],[110.7866,-7.3635],[110.8017,-7.369],[110.7727,-7.3923],[110.7691,-7.4153],[110.7822,-7.4328],[110.7713,-7.4421],[110.7889,-7.4583],[110.8046,-7.4592]]]},"properties":{"kab":"Kabupaten Sragen","prov":"Jawa Tengah","n":366,"kj":7,"dd":0,"top":[{"loc":"TBA (Tidak Disebutkan)","n":114,"d":"2025-08-11"},{"loc":"SMP Negeri 1 Gemolong","n":97,"d":"2025-08-11"},{"loc":"SD Negeri Gemolong","n":66,"d":"2025-08-11"}]}},{"type":"Feature","geometry":{"type":"Polygon","coordinates":[[[101.6009,0.5063],[101.609,0.4997],[101.6104,0.5135],[101.6748,0.5099],[101.6736,0.4914],[101.6439,0.4852],[101.6488,0.4714],[101.6582,0.4695],[101.6508,0.4482],[101.6753,0.4518],[101.6769,0.4383],[101.6877,0.4307],[101.701,0.4346],[101.6947,0.4503],[101.7329,0.4544],[101.752,0.432],[101.774,0.4204],[101.771,0.413],[101.7885,0.4057],[101.8503,0.4613],[101.8415,0.4875],[101.8219,0.4875],[101.8219,0.4998],[101.8346,0.4999],[101.8325,0.5071],[101.8733,0.5251],[101.8744,0.5104],[101.8847,0.5098],[101.8859,0.4495],[101.9126,0.454],[101.9104,0.4766],[101.9194,0.4771],[101.9172,0.5154],[101.9342,0.5243],[101.9323,0.552],[102.8096,0.6529],[102.8022,0.6784],[102.8127,0.6929],[102.8625,0.7095],[102.8815,0.7082],[102.8996,0.7241],[102.85,0.7401],[102.7722,0.732],[102.6758,0.7557],[102.6073,0.7395],[102.569,0.7392],[102.5042,0.7512],[102.4169,0.804],[102.3399,0.8996],[102.2972,0.938],[102.2626,0.956],[102.2294,0.9953],[102.1911,1.0943],[102.2089,1.1887],[102.1964,1.2163],[102.1798,1.2301],[102.1686,1.2285],[102.1652,1.2017],[102.1481,1.2045],[102.1491,1.1873],[102.1017,1.1483],[102.0946,1.1204],[102.077,1.1227],[102.0668,1.1138],[102.0653,1.0931],[102.0376,1.0874],[102.0333,1.0322],[102.0203,1.0322],[101.979,0.98],[101.954,1.0064],[101.9488,1.0312],[101.9101,1.0891],[101.8923,1.1648],[101.8791,1.1837],[101.8568,1.2015],[101.7128,1.2118],[101.599,1.034],[101.5477,0.9219],[101.5245,0.9315],[101.5151,0.9538],[101.4562,0.985],[101.4566,1.003],[101.4343,1.0157],[101.3765,1.0237],[101.3649,1.0319],[101.3391,1.0285],[101.2821,1.0596],[101.2746,1.0441],[101.2313,1.0068],[101.1924,0.9996],[101.1703,1.0121],[101.1271,1.0201],[101.0789,1.003],[100.984,1.082],[100.9816,1.0763],[100.9809,1.0686],[100.9899,1.0663],[100.9973,1.0195],[100.9899,0.9828],[100.9997,0.9784],[100.9932,0.9683],[101.062,0.9246],[101.0559,0.8881],[101.0661,0.8973],[101.0656,0.9152],[101.0696,0.9095],[101.0759,0.9191],[101.0874,0.9201],[101.1058,0.9041],[101.1197,0.9044],[101.1195,0.8969],[101.1343,0.9007],[101.1619,0.8784],[101.2441,0.8353],[101.2612,0.8332],[101.2662,0.8226],[101.2852,0.8242],[101.3038,0.8022],[101.3147,0.8063],[101.335,0.7976],[101.3235,0.7225],[101.3112,0.7086],[101.3143,0.6972],[101.3782,0.6626],[101.3846,0.6805],[101.3971,0.6894],[101.4343,0.6638],[101.4581,0.6671],[101.4558,0.6526],[101.466,0.638],[101.4849,0.6424],[101.5143,0.6903],[101.5381,0.6812],[101.5471,0.6405],[101.5703,0.6386],[101.5729,0.6209],[101.5926,0.6072],[101.5823,0.5906],[101.5949,0.5667],[101.5959,0.5444],[101.6053,0.5441],[101.5922,0.5302],[101.6009,0.5063]]]},"properties":{"kab":"Kabupaten Siak","prov":"Riau","n":21,"kj":1,"dd":0,"top":[{"loc":"SMKN 1 Kandis","n":21,"d":"2026-01-23"}]}},{"type":"Feature","geometry":{"type":"MultiPolygon","coordinates":[[[[120.3033,-8.8788],[120.282,-8.8698],[120.2564,-8.9019],[120.2727,-8.9155],[120.2874,-8.912],[120.306,-8.9],[120.3033,-8.8788]]],[[[120.2327,-8.8438],[120.2762,-8.8536],[120.2978,-8.8443],[120.3126,-8.8555],[120.3387,-8.8331],[120.3644,-8.8247],[120.3674,-8.8157],[120.3981,-8.8254],[120.4391,-8.8137],[120.5183,-8.8184],[120.5039,-8.7813],[120.5076,-8.7471],[120.4933,-8.7304],[120.4982,-8.7145],[120.4688,-8.6872],[120.4689,-8.6741],[120.4918,-8.6455],[120.5238,-8.6381],[120.5267,-8.6023],[120.5104,-8.5657],[120.5429,-8.5155],[120.5464,-8.4941],[120.5133,-8.4086],[120.4781,-8.3818],[120.4806,-8.3189],[120.492,-8.3156],[120.4938,-8.2932],[120.4654,-8.2952],[120.451,-8.2845],[120.4488,-8.2581],[120.4282,-8.241],[120.4139,-8.2512],[120.4081,-8.2806],[120.3674,-8.2942],[120.335,-8.2814],[120.2871,-8.2822],[120.2909,-8.3043],[120.2819,-8.3254],[120.29,-8.3653],[120.2822,-8.4171],[120.2982,-8.4558],[120.3259,-8.4373],[120.3336,-8.4404],[120.3453,-8.4265],[120.3693,-8.4311],[120.3893,-8.4252],[120.398,-8.4368],[120.3929,-8.4538],[120.3991,-8.4609],[120.3901,-8.4585],[120.3894,-8.4849],[120.3804,-8.4884],[120.3719,-8.5149],[120.3583,-8.5221],[120.3613,-8.5683],[120.3427,-8.571],[120.3304,-8.5587],[120.3167,-8.5658],[120.3184,-8.5828],[120.2855,-8.5969],[120.2806,-8.6254],[120.2902,-8.6372],[120.2797,-8.6473],[120.2968,-8.672],[120.3242,-8.6885],[120.3295,-8.7068],[120.2936,-8.7563],[120.273,-8.76],[120.2834,-8.7871],[120.2507,-8.7949],[120.233,-8.8121],[120.24,-8.83],[120.2327,-8.8438]]]]},"properties":{"kab":"Kabupaten Manggarai","prov":"Nusa Tenggara Timur","n":131,"kj":1,"dd":0,"top":[{"loc":"warga Kecamatan Satar Mese","n":131,"d":"2026-02-11"}]}},{"type":"Feature","geometry":{"type":"MultiPolygon","coordinates":[[[[116.4027,-8.8646],[116.4209,-8.8284],[116.4406,-8.8412],[116.4427,-8.8308],[116.4708,-8.8241],[116.4677,-8.8339],[116.4739,-8.839],[116.4591,-8.8512],[116.4484,-8.8991],[116.4316,-8.9132],[116.4514,-8.9215],[116.4986,-8.9094],[116.511,-8.8704],[116.5229,-8.8863],[116.5161,-8.8962],[116.5278,-8.8993],[116.5085,-8.9121],[116.5127,-8.9157],[116.5708,-8.8918],[116.5757,-8.8713],[116.5942,-8.8626],[116.5768,-8.8583],[116.5664,-8.868],[116.5641,-8.8526],[116.5583,-8.8588],[116.5434,-8.8566],[116.549,-8.8633],[116.542,-8.8686],[116.5339,-8.8597],[116.5422,-8.8522],[116.532,-8.8495],[116.5451,-8.8466],[116.5374,-8.8409],[116.5414,-8.8327],[116.5245,-8.8257],[116.5308,-8.8323],[116.5214,-8.8333],[116.533,-8.8383],[116.5161,-8.8343],[116.5187,-8.8445],[116.5044,-8.8417],[116.5103,-8.8565],[116.5044,-8.8593],[116.4926,-8.8476],[116.5011,-8.8113],[116.4842,-8.8158],[116.4801,-8.8103],[116.4983,-8.8085],[116.5115,-8.7784],[116.546,-8.7527],[116.5855,-8.6686],[116.6203,-8.627],[116.6237,-8.6042],[116.6667,-8.5593],[116.6578,-8.5324],[116.6777,-8.5042],[116.6781,-8.4814],[116.6692,-8.4836],[116.676,-8.4941],[116.6708,-8.5026],[116.6615,-8.4876],[116.7114,-8.4425],[116.7104,-8.4143],[116.7249,-8.3827],[116.7181,-8.3483],[116.689,-8.3333],[116.6507,-8.2883],[116.5989,-8.2809],[116.5322,-8.2542],[116.506,-8.2555],[116.4939,-8.2455],[116.4717,-8.2691],[116.4674,-8.3303],[116.4199,-8.3899],[116.4236,-8.4111],[116.4029,-8.4418],[116.403,-8.4693],[116.3843,-8.4905],[116.38,-8.5263],[116.3762,-8.6375],[116.3844,-8.6502],[116.3782,-8.6631],[116.3942,-8.6837],[116.4033,-8.6779],[116.4287,-8.6911],[116.4326,-8.7146],[116.4463,-8.7233],[116.4458,-8.7459],[116.4285,-8.7558],[116.4252,-8.7729],[116.4175,-8.7764],[116.415,-8.8055],[116.396,-8.8178],[116.4027,-8.8646]]],[[[116.4155,-8.851],[116.4155,-8.851]]],[[[116.4661,-8.8407],[116.4661,-8.8407]]],[[[116.4985,-8.9273],[116.4985,-8.9273]]],[[[116.5077,-8.8138],[116.5077,-8.8138]]],[[[116.5336,-8.8154],[116.5336,-8.8154]]],[[[116.5505,-8.8544],[116.5505,-8.8544]]],[[[116.7307,-8.446],[116.7307,-8.446]]],[[[116.7363,-8.4407],[116.7363,-8.4407]]],[[[116.753,-8.4292],[116.753,-8.4292]]],[[[116.755,-8.419],[116.755,-8.419]]],[[[116.7211,-8.3128],[116.7081,-8.3131],[116.7096,-8.3248],[116.7437,-8.3452],[116.7211,-8.3128]]],[[[116.6986,-8.2854],[116.6901,-8.2806],[116.6859,-8.2914],[116.7049,-8.3096],[116.7118,-8.2996],[116.6986,-8.2854]]]]},"properties":{"kab":"Kabupaten Lombok Timur","prov":"Nusa Tenggara Barat","n":125,"kj":3,"dd":0,"top":[{"loc":"MA Ma'arif Pondok Pesantren Baitul Rahman","n":51,"d":"2025-10-13"},{"loc":"MI Yadinu Banok","n":51,"d":"2026-04-24"},{"loc":"SMP Islam Terpadu Lukman Hakim Pohgading","n":23,"d":"2025-10-17"}]}},{"type":"Feature","geometry":{"type":"MultiPolygon","coordinates":[[[[123.528,-10.2117],[123.4888,-10.2241],[123.4891,-10.2489],[123.5006,-10.273],[123.4766,-10.3165],[123.4632,-10.326],[123.4574,-10.3565],[123.486,-10.3558],[123.543,-10.3277],[123.5692,-10.3332],[123.6114,-10.3701],[123.6282,-10.3552],[123.6592,-10.3495],[123.7039,-10.3663],[123.7658,-10.3478],[123.8004,-10.3542],[123.8645,-10.3327],[123.8761,-10.3183],[123.9143,-10.298],[123.9424,-10.297],[123.9623,-10.2768],[124.0186,-10.2731],[124.0343,-10.246],[124.0829,-10.2175],[124.0804,-10.2045],[124.101,-10.1797],[124.1393,-10.1614],[124.1707,-10.1555],[124.2235,-10.163],[124.2265,-10.1438],[124.2129,-10.1299],[124.2147,-10.1136],[124.1985,-10.1044],[124.2058,-10.0859],[124.144,-10.0271],[124.1452,-10.0172],[124.1648,-10.0177],[124.1247,-9.9757],[124.0968,-9.9766],[124.0857,-9.9632],[124.0816,-9.9232],[124.0919,-9.88],[124.0852,-9.8274],[124.094,-9.8094],[124.0675,-9.7569],[124.0862,-9.738],[124.09,-9.7136],[124.1049,-9.7048],[124.1105,-9.6843],[124.0984,-9.6564],[124.0807,-9.6734],[124.0549,-9.6532],[124.0601,-9.6439],[124.0832,-9.6356],[124.0894,-9.6208],[124.078,-9.5866],[124.1099,-9.5685],[124.1196,-9.553],[124.1472,-9.5651],[124.1576,-9.5573],[124.1391,-9.5101],[124.1173,-9.4848],[124.1216,-9.4729],[124.1445,-9.476],[124.1854,-9.5114],[124.1953,-9.5045],[124.1892,-9.4817],[124.1623,-9.4521],[124.1456,-9.4532],[124.1423,-9.4442],[124.0932,-9.4147],[124.0954,-9.4045],[124.0702,-9.3697],[124.081,-9.3415],[124.0791,-9.3255],[124.0299,-9.3451],[123.9943,-9.3423],[123.9715,-9.3647],[123.964,-9.3858],[123.9419,-9.397],[123.9342,-9.4218],[123.8992,-9.4299],[123.884,-9.4656],[123.8702,-9.4756],[123.848,-9.4756],[123.8275,-9.496],[123.795,-9.4909],[123.7876,-9.5419],[123.7341,-9.567],[123.7208,-9.5928],[123.6741,-9.6285],[123.682,-9.7404],[123.6757,-9.7573],[123.6424,-9.7743],[123.6656,-9.8014],[123.6681,-9.8537],[123.6408,-9.8952],[123.6283,-9.8975],[123.6214,-9.8903],[123.5953,-9.902],[123.5836,-9.9164],[123.5854,-9.9363],[123.5785,-9.9433],[123.5887,-9.9931],[123.5808,-10.0177],[123.5992,-10.0451],[123.6082,-10.0449],[123.6217,-10.0198],[123.654,-10.0095],[123.6799,-10.0209],[123.6954,-10.0102],[123.7238,-10.0273],[123.7534,-10.029],[123.7711,-10.0434],[123.7414,-10.0986],[123.7108,-10.1036],[123.6929,-10.1191],[123.6731,-10.1239],[123.6815,-10.1499],[123.6626,-10.1574],[123.6918,-10.1708],[123.678,-10.1719],[123.6734,-10.1894],[123.6487,-10.1807],[123.6495,-10.1892],[123.6362,-10.192],[123.6738,-10.2317],[123.6397,-10.222],[123.6176,-10.2342],[123.6262,-10.2385],[123.6224,-10.2511],[123.6387,-10.2684],[123.6337,-10.2853],[123.611,-10.2929],[123.5852,-10.2884],[123.5847,-10.2662],[123.5702,-10.2447],[123.5742,-10.217],[123.539,-10.2468],[123.5422,-10.2337],[123.531,-10.2228],[123.5409,-10.2148],[123.528,-10.2117]]],[[[123.3423,-10.3244],[123.3423,-10.3244]]],[[[123.2855,-10.3102],[123.2755,-10.3096],[123.2704,-10.3178],[123.2855,-10.3102]]],[[[123.3564,-10.3062],[123.3793,-10.3115],[123.3823,-10.3371],[123.4087,-10.335],[123.4148,-10.3137],[123.3996,-10.3064],[123.3954,-10.2927],[123.4197,-10.2963],[123.4075,-10.2679],[123.4185,-10.2602],[123.412,-10.241],[123.3936,-10.2311],[123.3911,-10.2092],[123.3993,-10.203],[123.421,-10.209],[123.4176,-10.2292],[123.4276,-10.2305],[123.4525,-10.2176],[123.4523,-10.205],[123.4632,-10.1944],[123.5053,-10.1785],[123.5004,-10.1576],[123.4893,-10.1536],[123.4815,-10.1636],[123.4689,-10.1618],[123.4528,-10.1147],[123.3965,-10.1339],[123.3679,-10.2037],[123.349,-10.2269],[123.3201,-10.2403],[123.3009,-10.2712],[123.3093,-10.2821],[123.3056,-10.3121],[123.3208,-10.3382],[123.3291,-10.3379],[123.3458,-10.3055],[123.3564,-10.3062]]],[[[123.4346,-10.2327],[123.4265,-10.2382],[123.4307,-10.2471],[123.4404,-10.2417],[123.4346,-10.2327]]],[[[123.5568,-10.0938],[123.5571,-10.085],[123.5568,-10.0938]]],[[[123.6135,-10.0518],[123.6135,-10.0518]]],[[[123.6512,-10.0251],[123.6512,-10.0251]]],[[[123.9934,-9.255],[123.9934,-9.255]]]]},"properties":{"kab":"Kota Kupang","prov":"Nusa Tenggara Timur","n":243,"kj":6,"dd":0,"top":[{"loc":"SMP Negeri 08 Kota Kupang","n":186,"d":"2025-07-22"},{"loc":"SDN Onitua","n":23,"d":"2026-05-13"},{"loc":"SD Negeri Tenau","n":13,"d":"2025-07-23"}]}},{"type":"Feature","geometry":{"type":"Polygon","coordinates":[[[110.7148,-7.7913],[110.7403,-7.8048],[110.7554,-7.8257],[110.7662,-7.8087],[110.7856,-7.8167],[110.7851,-7.8004],[110.8065,-7.791],[110.8382,-7.7978],[110.8523,-7.8179],[110.8606,-7.7594],[110.8786,-7.7517],[110.877,-7.7464],[110.8829,-7.7547],[110.9103,-7.7558],[110.9357,-7.7802],[110.9495,-7.6954],[110.9598,-7.6841],[110.9478,-7.67],[110.9469,-7.6184],[110.9064,-7.6138],[110.9125,-7.5843],[110.8682,-7.5666],[110.8471,-7.5729],[110.8331,-7.5949],[110.8217,-7.5952],[110.8021,-7.5715],[110.7825,-7.5758],[110.7839,-7.5636],[110.7709,-7.5453],[110.7589,-7.5498],[110.7379,-7.5384],[110.7132,-7.5416],[110.7113,-7.5487],[110.7265,-7.5537],[110.7026,-7.5936],[110.7439,-7.5992],[110.7473,-7.6165],[110.7672,-7.6235],[110.7635,-7.6359],[110.7726,-7.6403],[110.7769,-7.6332],[110.7995,-7.6424],[110.7917,-7.6475],[110.7939,-7.657],[110.7867,-7.6553],[110.7901,-7.6624],[110.7781,-7.6647],[110.7818,-7.6812],[110.7765,-7.6779],[110.7675,-7.6885],[110.7742,-7.6938],[110.7676,-7.7005],[110.7706,-7.7161],[110.7148,-7.7913]]]},"properties":{"kab":"Kabupaten Sukoharjo","prov":"Jawa Tengah","n":50,"kj":1,"dd":0,"top":[{"loc":"SDN Dukuh 03 Sukoharjo","n":50,"d":"2025-01-16"}]}},{"type":"Feature","geometry":{"type":"MultiPolygon","coordinates":[[[[97.0896,1.2336],[97.0803,1.2311],[97.0793,1.214],[97.1013,1.1885],[97.098,1.2152],[97.093,1.1982],[97.0842,1.2144],[97.0896,1.2336]]],[[[97.2396,1.2505],[97.2353,1.2562],[97.2396,1.2505]]],[[[97.5392,1.4208],[97.5185,1.4256],[97.5094,1.4446],[97.4963,1.4487],[97.4818,1.4796],[97.4576,1.47],[97.4402,1.4738],[97.4226,1.5178],[97.4136,1.5224],[97.4113,1.5041],[97.3955,1.4996],[97.3832,1.5135],[97.3761,1.5108],[97.3787,1.5208],[97.3697,1.5311],[97.3501,1.5415],[97.3346,1.5242],[97.3517,1.5042],[97.3452,1.4807],[97.308,1.4537],[97.2913,1.4509],[97.2749,1.4189],[97.2066,1.4029],[97.189,1.4193],[97.177,1.409],[97.1873,1.4065],[97.1837,1.3996],[97.1787,1.3957],[97.1781,1.4033],[97.1723,1.3957],[97.1743,1.4077],[97.1622,1.4134],[97.1631,1.4236],[97.1543,1.4205],[97.1365,1.4354],[97.0652,1.4146],[97.0674,1.425],[97.0576,1.4097],[97.0758,1.3878],[97.083,1.4076],[97.1009,1.4065],[97.1515,1.366],[97.1842,1.3218],[97.196,1.2927],[97.2089,1.2829],[97.205,1.2669],[97.2189,1.2737],[97.2321,1.2653],[97.2328,1.254],[97.2485,1.2593],[97.246,1.2492],[97.2632,1.2399],[97.2555,1.2283],[97.2581,1.2142],[97.2721,1.2165],[97.2823,1.2077],[97.2843,1.1943],[97.3003,1.1803],[97.2952,1.1677],[97.3079,1.1697],[97.3212,1.1562],[97.3615,1.0904],[97.3919,1.0852],[97.4343,1.0917],[97.4463,1.1192],[97.4699,1.0839],[97.4778,1.0855],[97.4774,1.1391],[97.5018,1.1915],[97.4882,1.188],[97.4891,1.2374],[97.4947,1.2616],[97.5069,1.2615],[97.4828,1.2905],[97.493,1.2882],[97.4975,1.296],[97.4848,1.3021],[97.49,1.317],[97.4708,1.3476],[97.4781,1.3518],[97.4993,1.3391],[97.5095,1.3654],[97.4976,1.3824],[97.5392,1.4208]]],[[[97.1115,1.3599],[97.0997,1.3595],[97.1023,1.3513],[97.1115,1.3599]]],[[[97.2259,1.4144],[97.2291,1.4206],[97.2259,1.4144]]],[[[97.2194,1.4204],[97.222,1.4249],[97.2131,1.4249],[97.2194,1.4204]]],[[[97.1748,1.4335],[97.1682,1.422],[97.1748,1.4335]]],[[[97.2266,1.44],[97.2321,1.4419],[97.2266,1.44]]],[[[97.2002,1.4611],[97.2002,1.4611]]],[[[97.2416,1.4274],[97.2416,1.4274]]],[[[97.2602,1.464],[97.2376,1.4631],[97.2299,1.4521],[97.2602,1.464]]],[[[97.4527,1.7006],[97.4391,1.7052],[97.4444,1.6934],[97.4527,1.7006]]]]},"properties":{"kab":"Kabupaten Nias Utara","prov":"Sumatera Utara","n":26,"kj":1,"dd":0,"top":[{"loc":"SD 071027 Onozitoli Sawo","n":26,"d":"2025-10-31"}]}},{"type":"Feature","geometry":{"type":"Polygon","coordinates":[[[110.339,-8.0281],[110.3755,-8.0715],[110.5272,-8.1309],[110.5492,-8.1288],[110.5957,-8.1492],[110.6039,-8.1452],[110.6915,-8.1868],[110.7082,-8.1839],[110.7081,-8.2003],[110.7318,-8.1926],[110.7746,-8.1967],[110.7989,-8.1901],[110.7996,-8.1979],[110.8349,-8.2031],[110.8388,-8.1788],[110.8325,-8.169],[110.825,-8.1684],[110.8227,-8.1816],[110.8139,-8.1797],[110.8158,-8.1528],[110.8308,-8.1368],[110.8147,-8.1378],[110.804,-8.1624],[110.7856,-8.1507],[110.7887,-8.1105],[110.7556,-8.0244],[110.7673,-7.9834],[110.7705,-7.904],[110.7854,-7.8535],[110.7856,-7.8167],[110.7719,-7.8081],[110.7554,-7.8257],[110.721,-7.7926],[110.7118,-7.7914],[110.7085,-7.8053],[110.6919,-7.8075],[110.6729,-7.8],[110.6765,-7.7909],[110.6697,-7.7863],[110.6577,-7.8048],[110.6496,-7.7925],[110.6253,-7.8031],[110.6043,-7.7983],[110.6,-7.8068],[110.5862,-7.8086],[110.5862,-7.8027],[110.5759,-7.8059],[110.582,-7.789],[110.5582,-7.7829],[110.555,-7.7951],[110.5436,-7.7926],[110.5424,-7.8234],[110.5226,-7.828],[110.5164,-7.8375],[110.4889,-7.8378],[110.4675,-7.8667],[110.4761,-7.8896],[110.495,-7.8906],[110.4978,-7.9008],[110.4923,-7.9374],[110.4884,-7.9449],[110.4764,-7.9427],[110.4726,-7.9536],[110.4772,-7.9714],[110.4634,-7.9684],[110.4706,-7.9631],[110.4665,-7.9542],[110.4549,-7.9674],[110.4503,-7.947],[110.4435,-7.9668],[110.4319,-7.963],[110.4212,-7.9733],[110.3972,-7.9671],[110.3981,-7.9805],[110.3656,-7.9725],[110.361,-7.9824],[110.3486,-7.9742],[110.3524,-7.9935],[110.3315,-7.9991],[110.339,-8.0281]]]},"properties":{"kab":"Kabupaten Gunungkidul","prov":"Daerah Istimewa Yogyakarta","n":1441,"kj":7,"dd":0,"top":[{"loc":"SMPN 1 Saptosari","n":695,"d":"2025-10-28"},{"loc":"TBA (Tidak disebutkan)","n":547,"d":"2025-11-03"},{"loc":"SD Sumbergiri","n":121,"d":"2025-10-29"}]}},{"type":"Feature","geometry":{"type":"Polygon","coordinates":[[[109.5386,-7.2444],[109.5675,-7.2219],[109.5782,-7.222],[109.5897,-7.2072],[109.6113,-7.2108],[109.6349,-7.1776],[109.6467,-7.1727],[109.67,-7.1785],[109.681,-7.1732],[109.6899,-7.1951],[109.7264,-7.202],[109.7528,-7.1795],[109.7991,-7.171],[109.7715,-7.143],[109.7714,-7.1137],[109.7439,-7.1116],[109.7387,-7.1003],[109.7536,-7.0906],[109.7594,-7.0689],[109.7512,-7.0447],[109.7589,-7.0308],[109.749,-6.9997],[109.744,-6.9953],[109.7312,-7.0031],[109.7214,-6.9862],[109.7059,-6.9851],[109.7026,-6.9647],[109.6753,-6.9403],[109.6755,-6.9266],[109.6691,-6.9266],[109.6716,-6.9368],[109.6695,-6.9222],[109.6577,-6.9188],[109.6522,-6.9246],[109.6422,-6.9179],[109.6435,-6.8922],[109.6511,-6.8879],[109.6453,-6.8808],[109.6539,-6.8724],[109.6632,-6.8779],[109.6619,-6.8498],[109.5955,-6.841],[109.5839,-6.8503],[109.5885,-6.863],[109.5816,-6.877],[109.5658,-6.8852],[109.5615,-6.9241],[109.5126,-6.9473],[109.4978,-6.9657],[109.4974,-7.0101],[109.4834,-7.0296],[109.5046,-7.1],[109.4941,-7.1098],[109.4909,-7.1293],[109.5263,-7.199],[109.5216,-7.2177],[109.5386,-7.2444]]]},"properties":{"kab":"Kabupaten Pekalongan","prov":"Jawa Tengah","n":15,"kj":1,"dd":0,"top":[{"loc":"SDN 01 Kedungwuni","n":15,"d":"2026-01-13"}]}},{"type":"Feature","geometry":{"type":"MultiPolygon","coordinates":[[[[111.5071,-7.6776],[111.5071,-7.6776]]],[[[111.5071,-7.6776],[111.5154,-7.6713],[111.5118,-7.6616],[111.5071,-7.6776]]],[[[111.5107,-7.6592],[111.5291,-7.6643],[111.5439,-7.6589],[111.5388,-7.6498],[111.5505,-7.6435],[111.5563,-7.5961],[111.5333,-7.6026],[111.5204,-7.5971],[111.5118,-7.6083],[111.5002,-7.6084],[111.4969,-7.6451],[111.5118,-7.6365],[111.5107,-7.6592]]],[[[111.505,-7.6493],[111.4987,-7.6474],[111.505,-7.6493]]]]},"properties":{"kab":"Kabupaten Madiun","prov":"Jawa Timur","n":97,"kj":3,"dd":0,"top":[{"loc":"SDN Klecorejo","n":49,"d":"2025-11-27"},{"loc":"SDN 2 Kanigoro","n":30,"d":"2026-09-09"},{"loc":"SDN 1 Demangan","n":18,"d":"2026-04-16"}]}},{"type":"Feature","geometry":{"type":"MultiPolygon","coordinates":[[[[110.9001,-8.2113],[110.9554,-8.226],[110.9987,-8.2546],[111.0149,-8.2484],[111.0281,-8.2566],[111.0763,-8.2457],[111.0765,-8.2227],[111.0937,-8.2211],[111.1055,-8.2311],[111.0946,-8.2461],[111.1367,-8.2614],[111.1331,-8.2726],[111.1531,-8.2781],[111.1536,-8.2847],[111.1773,-8.2725],[111.1939,-8.2782],[111.2016,-8.2647],[111.2156,-8.2653],[111.2165,-8.2591],[111.2275,-8.2672],[111.2279,-8.2596],[111.2613,-8.2475],[111.2781,-8.2541],[111.2847,-8.2611],[111.2786,-8.2681],[111.2908,-8.2739],[111.2949,-8.2661],[111.2878,-8.2602],[111.3021,-8.2569],[111.3144,-8.2589],[111.3122,-8.2665],[111.3249,-8.2733],[111.333,-8.2634],[111.358,-8.2701],[111.3675,-8.261],[111.3779,-8.276],[111.3986,-8.2774],[111.4064,-8.2584],[111.3922,-8.2332],[111.4086,-8.2131],[111.4035,-8.197],[111.4243,-8.1914],[111.4266,-8.1754],[111.4175,-8.1688],[111.4047,-8.1724],[111.3932,-8.1595],[111.3803,-8.1633],[111.3797,-8.1364],[111.3691,-8.1309],[111.3685,-8.1215],[111.3473,-8.1143],[111.3625,-8.0996],[111.3595,-8.0881],[111.3492,-8.0843],[111.3545,-8.079],[111.3463,-8.0662],[111.3668,-8.0308],[111.3582,-8.0259],[111.3599,-8.0145],[111.3439,-8.0048],[111.3493,-7.979],[111.327,-7.9674],[111.3163,-7.9363],[111.2867,-7.9391],[111.2811,-7.9185],[111.25,-7.946],[111.2327,-7.9487],[111.2209,-7.93],[111.1916,-7.9346],[111.1931,-7.9232],[111.1822,-7.9158],[111.1544,-7.922],[111.1413,-7.9342],[111.1448,-7.9523],[111.1295,-7.9628],[111.1233,-7.98],[111.135,-8.0212],[111.12,-8.035],[111.1154,-8.0609],[111.091,-8.0634],[111.0796,-8.0427],[111.0651,-8.062],[111.0324,-8.0798],[111.0047,-8.0729],[110.9829,-8.0789],[110.9515,-8.0634],[110.9394,-8.0867],[110.9079,-8.1165],[110.8953,-8.1667],[110.9001,-8.2113]]],[[[111.124,-8.2595],[111.1227,-8.2593],[111.123,-8.2608],[111.124,-8.2595]]]]},"properties":{"kab":"Kabupaten Pacitan","prov":"Jawa Timur","n":158,"kj":1,"dd":0,"top":[{"loc":"TK (Spesifik tidak disebutkan)","n":158,"d":"2026-04-09"}]}},{"type":"Feature","geometry":{"type":"MultiPolygon","coordinates":[[[[100.8481,-0.3428],[100.8616,-0.3323],[100.8725,-0.345],[100.8898,-0.3416],[100.9013,-0.3252],[100.9479,-0.3123],[100.9922,-0.3158],[101.0374,-0.3507],[101.0414,-0.3761],[101.106,-0.3764],[101.1416,-0.3299],[101.1357,-0.2877],[101.1527,-0.2385],[101.1737,-0.2042],[101.2007,-0.1784],[101.1942,-0.1682],[101.2039,-0.1446],[101.198,-0.1134],[101.2101,-0.1072],[101.2087,-0.0939],[101.2199,-0.0909],[101.2333,-0.0592],[101.2428,-0.0565],[101.2505,-0.0168],[101.266,0.01],[101.2815,-0.009],[101.2964,-0.0497],[101.3378,-0.0797],[101.3497,-0.1046],[101.3914,-0.0996],[101.4054,-0.0867],[101.4577,-0.0672],[101.4795,-0.073],[101.4954,-0.1016],[101.5171,-0.1016],[101.5151,-0.064],[101.5467,-0.0437],[101.534,-0.0025],[101.5223,-0.005],[101.5172,0.053],[101.4971,0.0651],[101.4956,0.0766],[101.5079,0.0953],[101.5038,0.1012],[101.5148,0.11],[101.5398,0.1119],[101.5585,0.1326],[101.5676,0.1309],[101.5678,0.2024],[101.5696,0.1923],[101.5847,0.1957],[101.5782,0.2345],[101.5894,0.2418],[101.585,0.2681],[101.6388,0.269],[101.6532,0.2717],[101.6613,0.2833],[101.6651,0.2783],[101.6668,0.3163],[101.637,0.3186],[101.622,0.3408],[101.6145,0.3404],[101.6337,0.3572],[101.6367,0.3833],[101.611,0.3828],[101.6136,0.3976],[101.5921,0.4142],[101.5904,0.4357],[101.6,0.4457],[101.5894,0.4641],[101.5834,0.4576],[101.5635,0.4611],[101.5439,0.4324],[101.4967,0.4445],[101.4899,0.4618],[101.4787,0.4619],[101.4805,0.4497],[101.4545,0.4439],[101.4473,0.4204],[101.3643,0.4415],[101.3507,0.4671],[101.3322,0.4766],[101.3535,0.5018],[101.3745,0.5544],[101.3707,0.5654],[101.3678,0.5578],[101.3497,0.5607],[101.353,0.566],[101.3433,0.5677],[101.3409,0.5819],[101.338,0.5754],[101.3232,0.58],[101.3317,0.5867],[101.3233,0.5967],[101.3813,0.6587],[101.3143,0.6972],[101.3112,0.7086],[101.3235,0.7225],[101.335,0.7976],[101.3147,0.8063],[101.3038,0.8022],[101.2852,0.8242],[101.2662,0.8226],[101.2612,0.8332],[101.2441,0.8353],[101.1619,0.8784],[101.1343,0.9007],[101.1195,0.8969],[101.1197,0.9044],[101.1058,0.9041],[101.0874,0.9201],[101.0759,0.9191],[101.0696,0.9095],[101.0656,0.9152],[101.0661,0.8973],[101.0559,0.8881],[101.062,0.9246],[100.9932,0.9683],[100.9941,0.9564],[100.9139,0.9594],[100.8349,0.941],[100.7735,0.8643],[100.7585,0.8546],[100.745,0.8698],[100.74,0.8585],[100.7483,0.8511],[100.7215,0.8386],[100.7218,0.8141],[100.7129,0.8139],[100.7127,0.8011],[100.6859,0.8012],[100.6859,0.7816],[100.7036,0.7815],[100.7038,0.7585],[100.6739,0.7662],[100.648,0.7332],[100.5874,0.7003],[100.6385,0.6548],[100.6432,0.622],[100.6745,0.5955],[100.7193,0.599],[100.7479,0.586],[100.7596,0.5897],[100.7673,0.5645],[100.797,0.5333],[100.8031,0.5411],[100.8123,0.5343],[100.8229,0.5393],[100.8301,0.5332],[100.8413,0.5385],[100.8616,0.534],[100.8631,0.5142],[100.8545,0.5022],[100.8658,0.4729],[100.8622,0.4645],[100.8405,0.4599],[100.8392,0.3766],[100.8325,0.3858],[100.8149,0.3806],[100.7942,0.388],[100.7867,0.4042],[100.7699,0.4021],[100.7585,0.3915],[100.7405,0.3974],[100.7195,0.3899],[100.6653,0.4365],[100.603,0.5083],[100.5805,0.5158],[100.5708,0.5279],[100.5424,0.5019],[100.555,0.4721],[100.5312,0.4462],[100.5042,0.4422],[100.4939,0.4536],[100.4776,0.4403],[100.4687,0.4489],[100.462,0.4459],[100.4653,0.4335],[100.4458,0.4178],[100.4611,0.4116],[100.4607,0.4014],[100.437,0.3843],[100.4293,0.3604],[100.453,0.3429],[100.4708,0.3113],[100.496,0.305],[100.5236,0.3192],[100.5316,0.3174],[100.5341,0.3044],[100.559,0.3047],[100.5819,0.2792],[100.5878,0.2515],[100.6257,0.2342],[100.6264,0.2194],[100.6706,0.196],[100.6727,0.1853],[100.6869,0.1903],[100.7008,0.2488],[100.715,0.24],[100.7388,0.2371],[100.7393,0.243],[100.7668,0.2336],[100.7735,0.2513],[100.7992,0.2581],[100.8111,0.2516],[100.8164,0.2605],[100.8417,0.2258],[100.8502,0.1695],[100.8418,0.1462],[100.8337,0.1401],[100.8202,0.1452],[100.8135,0.1339],[100.7878,0.1275],[100.7863,0.1067],[100.7742,0.1022],[100.8002,0.0502],[100.8271,0.0555],[100.8331,0.0685],[100.8645,0.0441],[100.8446,0.0339],[100.8426,-0.0056],[100.8239,-0.0197],[100.8288,-0.0284],[100.8165,-0.0336],[100.8165,-0.0488],[100.805,-0.0378],[100.8059,-0.0197],[100.7809,-0.0301],[100.767,-0.0208],[100.7584,-0.0436],[100.7406,-0.039],[100.7361,-0.0465],[100.748,-0.0535],[100.7553,-0.0881],[100.7596,-0.1196],[100.753,-0.1318],[100.7656,-0.1478],[100.7726,-0.1795],[100.7839,-0.186],[100.7747,-0.2144],[100.8019,-0.2426],[100.813,-0.2757],[100.8429,-0.29],[100.8454,-0.3162],[100.8353,-0.3244],[100.8481,-0.3428]]],[[[100.745,0.8698],[100.7585,0.8775],[100.7586,0.8868],[100.74,0.8874],[100.7341,0.876],[100.745,0.8698]]]]},"properties":{"kab":"Kabupaten Kampar","prov":"Riau","n":159,"kj":2,"dd":0,"top":[{"loc":"SDN 008 Rimba Beringin","n":141,"d":"2026-08-18"},{"loc":"SDN 006 Langgini","n":18,"d":"2025-08-28"}]}},{"type":"Feature","geometry":{"type":"Polygon","coordinates":[[[110.0443,-7.5347],[110.0592,-7.5598],[110.0597,-7.5755],[110.0678,-7.571],[110.0747,-7.5765],[110.0915,-7.5656],[110.1017,-7.5696],[110.103,-7.5906],[110.1448,-7.6507],[110.1894,-7.6456],[110.203,-7.6539],[110.2148,-7.6459],[110.2388,-7.6533],[110.2514,-7.642],[110.2638,-7.6463],[110.2607,-7.6874],[110.2721,-7.7064],[110.3027,-7.656],[110.3657,-7.6152],[110.4448,-7.542],[110.418,-7.519],[110.3771,-7.5121],[110.3954,-7.4986],[110.4162,-7.4956],[110.4326,-7.4765],[110.4393,-7.4536],[110.4143,-7.4166],[110.4033,-7.3647],[110.3815,-7.3539],[110.3791,-7.3346],[110.3265,-7.3238],[110.3166,-7.3524],[110.287,-7.3633],[110.2666,-7.3819],[110.2549,-7.3822],[110.252,-7.3704],[110.2355,-7.3724],[110.2325,-7.3835],[110.2225,-7.3822],[110.2145,-7.404],[110.2138,-7.3911],[110.1946,-7.3808],[110.1888,-7.3881],[110.1761,-7.382],[110.1328,-7.3884],[110.0774,-7.3825],[110.0595,-7.4218],[110.0649,-7.46],[110.0521,-7.4818],[110.0443,-7.5347]],[[110.2237,-7.5031],[110.2073,-7.5043],[110.2058,-7.4926],[110.1989,-7.493],[110.2099,-7.4739],[110.2118,-7.4466],[110.2237,-7.4336],[110.2307,-7.4352],[110.2275,-7.4662],[110.2375,-7.4935],[110.2367,-7.5042],[110.2237,-7.5031]]]},"properties":{"kab":"Kabupaten Magelang","prov":"Jawa Tengah","n":215,"kj":3,"dd":0,"top":[{"loc":"Pondok Pesatren Nurul Ali","n":112,"d":"2025-11-18"},{"loc":"SMPN 10 Kota Magelang","n":75,"d":"2026-01-22"},{"loc":"SMP Negeri 3 Candimulyo","n":28,"d":"2026-08-07"}]}},{"type":"Feature","geometry":{"type":"MultiPolygon","coordinates":[[[[105.2114,-5.3698],[105.2069,-5.3891],[105.1956,-5.3845],[105.1784,-5.4065],[105.1818,-5.4234],[105.1911,-5.4285],[105.1797,-5.4327],[105.188,-5.4364],[105.1809,-5.4392],[105.1833,-5.4512],[105.2216,-5.4462],[105.2249,-5.4897],[105.2453,-5.4814],[105.2515,-5.4902],[105.2548,-5.4611],[105.2907,-5.4456],[105.3198,-5.4691],[105.3153,-5.4788],[105.3247,-5.4871],[105.3257,-5.5024],[105.3502,-5.5157],[105.3261,-5.4655],[105.3419,-5.42],[105.3251,-5.4058],[105.3238,-5.3888],[105.3157,-5.3879],[105.306,-5.3583],[105.2908,-5.3689],[105.295,-5.3475],[105.277,-5.3416],[105.2712,-5.3532],[105.2606,-5.3507],[105.2622,-5.3297],[105.254,-5.3266],[105.2319,-5.3592],[105.2114,-5.3698]]],[[[105.2644,-5.462],[105.2644,-5.462]]]]},"properties":{"kab":"Kota Bandar Lampung","prov":"Lampung","n":625,"kj":5,"dd":0,"top":[{"loc":"SDN 2 Sukabumi","n":247,"d":"2025-08-29"},{"loc":"SMAN 6 Bandar Lampung","n":172,"d":"2026-04-22"},{"loc":"SDN 4 Sumberjo","n":87,"d":"2026-02-11"}]}},{"type":"Feature","geometry":{"type":"MultiPolygon","coordinates":[[[[107.8554,-6.5791],[107.9061,-6.5939],[107.9395,-6.6254],[107.9902,-6.6533],[108.028,-6.664],[108.0344,-6.6554],[108.0318,-6.6371],[108.043,-6.6403],[108.0496,-6.6232],[108.0706,-6.6143],[108.0739,-6.5748],[108.1055,-6.5615],[108.1198,-6.5412],[108.1322,-6.555],[108.1279,-6.5658],[108.1421,-6.5653],[108.1485,-6.6063],[108.1622,-6.6144],[108.1726,-6.6032],[108.1877,-6.6098],[108.2074,-6.5734],[108.2237,-6.5733],[108.274,-6.5901],[108.2732,-6.6104],[108.2808,-6.6206],[108.2925,-6.6209],[108.2855,-6.6117],[108.2938,-6.6085],[108.3077,-6.6242],[108.3154,-6.6078],[108.3236,-6.6208],[108.3286,-6.5984],[108.3609,-6.5548],[108.4204,-6.5235],[108.4354,-6.5213],[108.4454,-6.5294],[108.4433,-6.5647],[108.4497,-6.5714],[108.487,-6.5593],[108.5028,-6.534],[108.539,-6.5161],[108.5364,-6.4843],[108.5426,-6.4847],[108.4921,-6.4647],[108.453,-6.4353],[108.3848,-6.357],[108.3726,-6.3318],[108.3581,-6.2504],[108.3568,-6.2624],[108.3486,-6.2472],[108.3403,-6.2525],[108.3353,-6.2729],[108.3199,-6.2547],[108.2407,-6.2497],[108.1976,-6.2211],[108.1696,-6.2265],[108.1685,-6.2316],[108.1942,-6.2371],[108.1895,-6.2436],[108.2022,-6.2421],[108.2119,-6.2755],[108.1971,-6.2793],[108.1909,-6.2944],[108.1269,-6.3351],[108.0335,-6.3076],[107.9491,-6.2574],[107.9196,-6.2498],[107.9121,-6.2691],[107.9253,-6.28],[107.9231,-6.3175],[107.9174,-6.3201],[107.9235,-6.3595],[107.8962,-6.3939],[107.9004,-6.4055],[107.8912,-6.4032],[107.888,-6.4166],[107.8971,-6.4255],[107.8863,-6.4564],[107.8949,-6.4601],[107.8977,-6.4821],[107.9192,-6.4836],[107.9058,-6.5048],[107.9144,-6.4985],[107.9208,-6.5136],[107.9095,-6.5376],[107.893,-6.5461],[107.8983,-6.549],[107.8937,-6.5571],[107.8844,-6.5568],[107.8702,-6.5725],[107.8673,-6.5655],[107.8513,-6.5718],[107.8554,-6.5791]]],[[[108.3798,-5.9258],[108.3732,-5.9296],[108.3851,-5.9346],[108.3798,-5.9258]]]]},"properties":{"kab":"Kabupaten Indramayu","prov":"Jawa Barat","n":8,"kj":2,"dd":0,"top":[{"loc":"TBA (Tidak Disebutkan)","n":6,"d":"2025-01-14"},{"loc":"TBA (Tidak Disebutkan)","n":2,"d":"2025-08-22"}]}},{"type":"Feature","geometry":{"type":"Polygon","coordinates":[[[106.1483,-6.0203],[106.1428,-6.0575],[106.1476,-6.0678],[106.1104,-6.0856],[106.0888,-6.1169],[106.0743,-6.1219],[106.0692,-6.1334],[106.076,-6.1507],[106.0659,-6.1744],[106.0757,-6.183],[106.0879,-6.1732],[106.1114,-6.182],[106.1223,-6.1679],[106.1496,-6.1694],[106.1512,-6.1793],[106.1349,-6.1924],[106.1377,-6.2089],[106.1923,-6.218],[106.1999,-6.1984],[106.2297,-6.1934],[106.2195,-6.1869],[106.233,-6.1708],[106.2419,-6.174],[106.2557,-6.1462],[106.2411,-6.1296],[106.2225,-6.1268],[106.2302,-6.0991],[106.2192,-6.0834],[106.2257,-6.0387],[106.2164,-6.0162],[106.1908,-6.0155],[106.1945,-6.0204],[106.1817,-6.0271],[106.1483,-6.0203]]]},"properties":{"kab":"Kabupaten Serang","prov":"Banten","n":59,"kj":2,"dd":0,"top":[{"loc":"SMAN 1 Padarincang","n":32,"d":"2026-05-24"},{"loc":"SMPN 1 Kramatwatu","n":27,"d":"2025-09-02"}]}},{"type":"Feature","geometry":{"type":"Polygon","coordinates":[[[104.3876,-3.7607],[104.3973,-3.7663],[104.4049,-3.7584],[104.4175,-3.7621],[104.4543,-3.745],[104.5011,-3.7852],[104.5188,-3.7888],[104.5182,-3.7942],[104.5338,-3.789],[104.5397,-3.7993],[104.5445,-3.7929],[104.5564,-3.8031],[104.6075,-3.7219],[104.6225,-3.7112],[104.6353,-3.6534],[104.66,-3.6504],[104.6393,-3.6287],[104.6314,-3.6037],[104.6513,-3.5759],[104.6434,-3.5817],[104.6395,-3.5736],[104.6493,-3.5607],[104.649,-3.5286],[104.6595,-3.5171],[104.6608,-3.4959],[104.6682,-3.499],[104.7009,-3.4666],[104.726,-3.4665],[104.7352,-3.484],[104.7483,-3.4873],[104.7606,-3.4794],[104.7683,-3.4607],[104.7855,-3.4671],[104.8161,-3.4506],[104.8141,-3.4174],[104.8058,-3.4121],[104.8264,-3.3187],[104.8089,-3.2729],[104.7989,-3.2739],[104.8013,-3.2662],[104.7878,-3.258],[104.7871,-3.2494],[104.793,-3.2484],[104.7906,-3.2378],[104.8134,-3.2376],[104.8109,-3.2032],[104.7986,-3.1863],[104.807,-3.1786],[104.7991,-3.1732],[104.809,-3.168],[104.8123,-3.1576],[104.8053,-3.1539],[104.8182,-3.1437],[104.8141,-3.1328],[104.793,-3.1309],[104.7999,-3.1206],[104.7919,-3.1136],[104.7954,-3.0773],[104.8061,-3.0554],[104.778,-3.0516],[104.7754,-3.0353],[104.7505,-3.0392],[104.7245,-3.0907],[104.7105,-3.0578],[104.6766,-3.0486],[104.6604,-3.0777],[104.6431,-3.0709],[104.643,-3.0963],[104.5767,-3.1022],[104.576,-3.1148],[104.5223,-3.1805],[104.5214,-3.2069],[104.5425,-3.2101],[104.55,-3.2496],[104.5488,-3.2632],[104.5307,-3.2743],[104.5316,-3.2973],[104.5407,-3.3025],[104.54,-3.3153],[104.533,-3.3179],[104.5384,-3.3451],[104.5335,-3.3612],[104.5013,-3.3726],[104.4978,-3.3993],[104.4657,-3.4226],[104.4373,-3.4281],[104.4427,-3.4579],[104.4243,-3.4918],[104.3783,-3.5103],[104.3488,-3.5318],[104.3177,-3.5387],[104.3209,-3.6092],[104.3488,-3.6001],[104.358,-3.5893],[104.3907,-3.5903],[104.4141,-3.5727],[104.4151,-3.5631],[104.4392,-3.5675],[104.4578,-3.5818],[104.455,-3.595],[104.4675,-3.6146],[104.4514,-3.644],[104.3805,-3.6856],[104.37,-3.701],[104.3663,-3.7556],[104.3876,-3.7607]]]},"properties":{"kab":"Kabupaten Ogan Ilir","prov":"Sumatera Selatan","n":15,"kj":1,"dd":0,"top":[{"loc":"Pondok Pesantren Al Ittifaqiah Indralaya","n":15,"d":"2026-02-09"}]}},{"type":"Feature","geometry":{"type":"Polygon","coordinates":[[[102.4464,-3.5291],[102.4337,-3.5491],[102.4832,-3.5566],[102.4912,-3.5754],[102.5136,-3.5928],[102.5127,-3.6208],[102.5288,-3.6429],[102.5282,-3.6561],[102.5451,-3.6608],[102.5515,-3.6767],[102.5779,-3.6834],[102.5735,-3.6989],[102.5798,-3.7042],[102.583,-3.7454],[102.597,-3.748],[102.5984,-3.7665],[102.6203,-3.8022],[102.6412,-3.7936],[102.6573,-3.772],[102.6924,-3.7585],[102.6964,-3.77],[102.7013,-3.7579],[102.7343,-3.7463],[102.7342,-3.7177],[102.7706,-3.7082],[102.7781,-3.687],[102.7732,-3.6776],[102.79,-3.6602],[102.8078,-3.6128],[102.7946,-3.5829],[102.8105,-3.5548],[102.8102,-3.5299],[102.7745,-3.5471],[102.7513,-3.5431],[102.7222,-3.5526],[102.655,-3.5407],[102.6374,-3.5326],[102.6282,-3.5164],[102.5944,-3.5257],[102.5296,-3.4942],[102.5007,-3.4972],[102.4969,-3.5136],[102.4464,-3.5291]]]},"properties":{"kab":"Kabupaten Kepahiang","prov":"Bengkulu","n":16,"kj":1,"dd":0,"top":[{"loc":"SDN 18 Taba Tebelet","n":16,"d":"2026-06-04"}]}},{"type":"Feature","geometry":{"type":"MultiPolygon","coordinates":[[[[124.8852,1.4658],[124.9044,1.4517],[124.901,1.4267],[124.9176,1.405],[124.9077,1.398],[124.9213,1.3926],[124.926,1.3782],[124.9122,1.3531],[124.9226,1.3501],[124.9268,1.3372],[124.9351,1.3425],[124.9632,1.3191],[124.9801,1.3223],[124.9833,1.3373],[124.9989,1.3364],[124.995,1.3296],[125.0028,1.3237],[125.0224,1.3263],[125.0167,1.3136],[125.029,1.3005],[125.0268,1.2914],[125.0635,1.2861],[125.068,1.3044],[125.0617,1.3191],[125.0762,1.338],[125.0704,1.3532],[125.1084,1.3937],[125.0886,1.4284],[125.0957,1.4517],[125.0325,1.4551],[125.0499,1.4899],[125.0671,1.5012],[125.078,1.4981],[125.0672,1.5417],[125.0853,1.5762],[125.1248,1.5659],[125.1371,1.5769],[125.1479,1.5993],[125.1429,1.6215],[125.1647,1.644],[125.1627,1.6633],[125.1751,1.6724],[125.1754,1.6842],[125.1653,1.6899],[125.1511,1.6793],[125.1438,1.6875],[125.1346,1.6674],[125.1181,1.6763],[125.1069,1.6645],[125.0909,1.6763],[125.0675,1.6717],[125.0468,1.6851],[125.0303,1.6812],[125.0124,1.695],[125.0254,1.7302],[125.0123,1.7351],[125.0095,1.729],[125.0099,1.7387],[124.9976,1.7491],[124.9806,1.7499],[124.9772,1.7336],[124.9846,1.7198],[124.9725,1.7315],[124.9623,1.7279],[124.9626,1.7051],[124.971,1.703],[124.9572,1.6987],[124.9668,1.6774],[124.9612,1.6849],[124.9609,1.6786],[124.942,1.6839],[124.9411,1.6942],[124.9238,1.6714],[124.9298,1.6625],[124.9188,1.6631],[124.8733,1.6227],[124.8667,1.5986],[124.8421,1.5969],[124.8211,1.5829],[124.8417,1.5655],[124.9,1.5784],[124.9273,1.5603],[124.9247,1.5255],[124.934,1.5086],[124.9038,1.4973],[124.8852,1.4658]]],[[[124.7797,1.7058],[124.7648,1.7448],[124.7511,1.7347],[124.7487,1.7199],[124.7386,1.7333],[124.7314,1.7284],[124.7349,1.713],[124.7589,1.6953],[124.7738,1.6938],[124.7797,1.7058]]],[[[124.7474,1.7215],[124.7474,1.7215]]],[[[124.7426,1.7509],[124.7342,1.7436],[124.7459,1.7284],[124.7426,1.7509]]],[[[124.7639,1.7441],[124.7577,1.7532],[124.7554,1.744],[124.7639,1.7441]]],[[[124.751,1.7468],[124.7461,1.7492],[124.751,1.7468]]],[[[124.7485,1.7517],[124.7485,1.7517]]],[[[124.7927,1.7769],[124.798,1.7756],[124.7971,1.7944],[124.7887,1.7895],[124.7927,1.7769]]],[[[124.9412,1.6863],[124.9412,1.6863]]],[[[124.9535,1.6991],[124.9484,1.6921],[124.9541,1.6868],[124.9535,1.6991]]],[[[125.0217,1.6866],[125.0217,1.6866]]],[[[125.0276,1.7061],[125.0175,1.6946],[125.0299,1.6876],[125.0276,1.7061]]],[[[125.0394,1.6879],[125.0394,1.6879]]],[[[125.0378,1.7622],[125.0378,1.7622]]],[[[125.0582,1.7676],[125.0575,1.7867],[125.0493,1.7628],[125.0582,1.7676]]],[[[125.0558,1.7892],[125.0584,1.7963],[125.0558,1.7892]]],[[[125.0656,1.8197],[125.0873,1.8394],[125.0987,1.8878],[125.0652,1.8566],[125.0485,1.8093],[125.059,1.8059],[125.0656,1.8197]]],[[[125.1577,1.6352],[125.1577,1.6352]]],[[[125.1597,1.744],[125.1545,1.7437],[125.1597,1.744]]],[[[125.1629,1.8074],[125.1353,1.8465],[125.1252,1.832],[125.1357,1.8222],[125.1139,1.8162],[125.1309,1.7836],[125.1327,1.7528],[125.151,1.7347],[125.1491,1.7475],[125.1612,1.7478],[125.1479,1.7583],[125.16,1.7704],[125.1821,1.7727],[125.1875,1.7829],[125.1883,1.8003],[125.1629,1.8074]]],[[[125.0993,1.8429],[125.0925,1.8329],[125.0988,1.8316],[125.0993,1.8429]]]]},"properties":{"kab":"Kabupaten Minahasa Utara","prov":"Sulawesi Utara","n":182,"kj":1,"dd":0,"top":[{"loc":"SMPN 2 Airmadidi","n":182,"d":"2025-11-27"}]}},{"type":"Feature","geometry":{"type":"MultiPolygon","coordinates":[[[[103.2845,0.8241],[103.2845,0.8241]]],[[[103.3439,0.849],[103.3439,0.849]]],[[[103.3484,0.8488],[103.3484,0.8488]]],[[[103.3424,0.9137],[103.3366,0.9163],[103.3322,0.9051],[103.3389,0.8946],[103.3424,0.9137]]],[[[103.3417,0.9155],[103.3417,0.9155]]],[[[103.3481,0.9277],[103.3481,0.9277]]],[[[103.3427,0.9283],[103.3427,0.9283]]],[[[103.2973,0.9862],[103.3029,0.9787],[103.2973,0.9862]]],[[[103.3456,1.0142],[103.3533,1.0042],[103.3834,1.008],[103.3954,0.9926],[103.4177,0.9982],[103.4372,0.9881],[103.4463,0.9944],[103.4252,1.0284],[103.424,1.0456],[103.399,1.0518],[103.3895,1.0655],[103.3771,1.1028],[103.3899,1.1197],[103.3734,1.1375],[103.3697,1.124],[103.3645,1.1334],[103.3508,1.135],[103.3416,1.1183],[103.3273,1.1119],[103.3229,1.0927],[103.3115,1.0875],[103.3128,1.0686],[103.3243,1.0668],[103.3107,1.0574],[103.3163,1.0352],[103.3289,1.0348],[103.3269,1.02],[103.3353,1.0121],[103.3425,1.0167],[103.348,1.0071],[103.3456,1.0142]]],[[[103.2901,1.1013],[103.2878,1.0874],[103.2901,1.1013]]],[[[103.3048,1.1119],[103.3048,1.1119]]],[[[103.3268,1.1172],[103.3241,1.1127],[103.3268,1.1172]]],[[[103.2918,1.118],[103.2918,1.118]]],[[[103.3328,1.1243],[103.3328,1.1243]]],[[[103.3015,1.1413],[103.2938,1.1171],[103.3037,1.1137],[103.3105,1.131],[103.3015,1.1413]]],[[[103.2927,1.1276],[103.2927,1.1276]]],[[[103.296,1.1432],[103.296,1.1432]]],[[[103.3459,1.1876],[103.3459,1.1876]]],[[[103.4645,0.6495],[103.5046,0.7199],[103.512,0.7571],[103.473,0.8094],[103.4123,0.8448],[103.4041,0.8635],[103.4065,0.8801],[103.3761,0.8975],[103.3658,0.8556],[103.3525,0.8441],[103.3437,0.801],[103.3515,0.7407],[103.4,0.6748],[103.4005,0.6487],[103.435,0.6358],[103.4577,0.6381],[103.4645,0.6495]]],[[[103.4659,0.8284],[103.4204,0.8566],[103.4202,0.8433],[103.4317,0.8335],[103.4659,0.8284]]],[[[103.4168,0.8456],[103.4137,0.8648],[103.4168,0.8456]]],[[[103.4099,0.8558],[103.4099,0.8558]]],[[[103.41,0.8636],[103.4053,0.8616],[103.41,0.8636]]],[[[103.4217,0.8788],[103.4217,0.8788]]],[[[103.3949,0.894],[103.3949,0.894]]],[[[103.4476,0.9223],[103.4349,0.9251],[103.4216,0.9115],[103.4066,0.9093],[103.4099,0.8923],[103.4541,0.859],[103.4872,0.8551],[103.4764,0.9118],[103.4476,0.9223]]],[[[103.3683,0.9049],[103.3644,0.8973],[103.3731,0.8981],[103.3683,0.9049]]],[[[103.361,0.9075],[103.3576,0.913],[103.361,0.9075]]],[[[103.4052,0.911],[103.3988,0.9104],[103.4052,0.911]]],[[[103.3482,0.9233],[103.3482,0.9233]]],[[[103.3872,0.9244],[103.3872,0.9244]]],[[[103.3858,0.9271],[103.38,0.9249],[103.3858,0.9271]]],[[[103.4203,0.9481],[103.4086,0.9413],[103.4193,0.9135],[103.4391,0.9315],[103.4203,0.9481]]],[[[103.3721,0.9319],[103.3721,0.9319]]],[[[103.3606,0.9617],[103.3561,0.9583],[103.3639,0.9505],[103.3606,0.9617]]],[[[103.3792,0.9947],[103.3716,0.9912],[103.3883,0.9829],[103.3792,0.9947]]],[[[103.3901,1.1652],[103.3813,1.1617],[103.3797,1.1501],[103.3943,1.1296],[103.4084,1.129],[103.4084,1.145],[103.3901,1.1652]]],[[[103.3519,1.1897],[103.3528,1.1911],[103.3517,1.1915],[103.3519,1.1897]]],[[[103.5556,0.5482],[103.5556,0.5482]]],[[[103.5539,0.5534],[103.5539,0.5534]]],[[[103.4899,0.6241],[103.5164,0.6656],[103.5194,0.6924],[103.4902,0.6832],[103.4635,0.6364],[103.4616,0.6212],[103.4899,0.6241]]],[[[103.5602,0.6332],[103.5602,0.6332]]],[[[103.5518,0.6384],[103.5518,0.6384]]],[[[103.5487,0.6524],[103.5487,0.6524]]],[[[103.5559,0.674],[103.5559,0.674]]],[[[103.5596,0.6876],[103.554,0.6819],[103.5596,0.6876]]],[[[103.5396,0.6861],[103.5396,0.6861]]],[[[103.5269,0.6876],[103.5269,0.6876]]],[[[103.5427,0.6879],[103.5427,0.6879]]],[[[103.5332,0.6917],[103.5332,0.6917]]],[[[103.5535,0.6976],[103.557,0.702],[103.5535,0.6976]]],[[[103.5048,0.705],[103.4967,0.6921],[103.5173,0.6946],[103.5048,0.705]]],[[[103.55,0.7564],[103.5511,0.7497],[103.55,0.7564]]],[[[103.5523,0.7672],[103.5523,0.7672]]],[[[103.5399,0.7938],[103.5332,0.7926],[103.5311,0.7616],[103.5434,0.7551],[103.5543,0.7846],[103.5399,0.7938]]],[[[103.5284,0.7776],[103.5284,0.7776]]],[[[103.5314,0.7985],[103.4948,0.8448],[103.4719,0.8569],[103.4527,0.8565],[103.4106,0.885],[103.4197,0.8575],[103.4612,0.8333],[103.5258,0.7662],[103.5314,0.7985]]],[[[103.5329,0.8028],[103.5329,0.8028]]],[[[103.5292,0.8147],[103.5282,0.8086],[103.5292,0.8147]]],[[[103.5238,0.8135],[103.5238,0.8135]]],[[[103.5235,0.8175],[103.5235,0.8175]]],[[[103.4592,0.8218],[103.4526,0.8192],[103.474,0.8127],[103.4592,0.8218]]],[[[103.4502,0.8269],[103.4415,0.8269],[103.4502,0.8269]]],[[[103.4508,0.8271],[103.4508,0.8271]]],[[[103.5167,0.8315],[103.5207,0.8268],[103.5167,0.8315]]],[[[103.5007,0.8512],[103.4993,0.8439],[103.5007,0.8512]]],[[[103.5011,0.9195],[103.4892,0.9262],[103.4857,0.8995],[103.5009,0.8632],[103.5124,0.8605],[103.5288,0.8687],[103.528,0.8781],[103.5011,0.9195]]],[[[103.4771,0.9139],[103.4771,0.9139]]],[[[103.4692,0.9181],[103.4692,0.9181]]],[[[103.4622,0.923],[103.4622,0.923]]],[[[103.453,0.9235],[103.4609,0.9255],[103.4574,0.9339],[103.4383,0.9379],[103.4435,0.9252],[103.453,0.9235]]],[[[103.4728,0.9505],[103.444,0.9627],[103.4257,0.9561],[103.4744,0.9199],[103.4728,0.9505]]],[[[103.4934,0.9504],[103.4894,0.9427],[103.4934,0.9504]]],[[[103.495,0.9535],[103.495,0.9535]]],[[[103.6334,0.4939],[103.6292,0.498],[103.6248,0.4846],[103.6334,0.4939]]],[[[103.6227,0.4916],[103.6227,0.4916]]],[[[103.6364,0.5064],[103.629,0.5069],[103.6349,0.498],[103.6364,0.5064]]],[[[103.6117,0.5139],[103.5762,0.5585],[103.5692,0.5504],[103.5935,0.5205],[103.5973,0.4921],[103.6201,0.4968],[103.6236,0.5069],[103.6117,0.5139]]],[[[103.6276,0.51],[103.6329,0.513],[103.621,0.5223],[103.6276,0.51]]],[[[103.6352,0.535],[103.6198,0.5267],[103.6349,0.515],[103.6352,0.535]]],[[[103.622,0.5341],[103.622,0.5341]]],[[[103.5701,0.5359],[103.5701,0.5359]]],[[[103.5685,0.5395],[103.5685,0.5395]]],[[[103.6256,0.5487],[103.6267,0.5362],[103.6256,0.5487]]],[[[103.5658,0.5472],[103.5596,0.5383],[103.5663,0.5381],[103.5658,0.5472]]],[[[103.5747,0.5631],[103.5721,0.5585],[103.5747,0.5631]]],[[[103.6321,0.5682],[103.6291,0.5628],[103.6321,0.5682]]],[[[103.6485,0.5775],[103.6476,0.5701],[103.6485,0.5775]]],[[[103.5672,0.5853],[103.5672,0.5853]]],[[[103.5688,0.5886],[103.5688,0.5886]]],[[[103.6438,0.5924],[103.6384,0.5864],[103.6438,0.5924]]],[[[103.5647,0.5906],[103.5647,0.5906]]],[[[103.6393,0.5929],[103.6393,0.5929]]],[[[103.5659,0.6044],[103.5659,0.6044]]],[[[103.6386,0.6251],[103.631,0.6215],[103.6368,0.6159],[103.6643,0.6148],[103.6386,0.6251]]],[[[103.5665,0.619],[103.5665,0.619]]],[[[103.571,0.6251],[103.571,0.6251]]],[[[103.6361,0.635],[103.63,0.6315],[103.6416,0.6278],[103.6361,0.635]]],[[[103.626,0.6411],[103.626,0.6411]]],[[[103.5833,0.6513],[103.5833,0.6513]]],[[[103.5769,0.6623],[103.5736,0.6566],[103.5809,0.655],[103.5769,0.6623]]],[[[103.5856,0.6652],[103.5856,0.6652]]],[[[103.5718,0.6797],[103.5722,0.6694],[103.586,0.672],[103.5718,0.6797]]],[[[103.5873,0.6972],[103.5775,0.6872],[103.5859,0.6774],[103.5923,0.6891],[103.5873,0.6972]]],[[[103.5645,0.6971],[103.5645,0.6971]]],[[[103.5654,0.71],[103.5654,0.71]]],[[[103.6513,0.7208],[103.6513,0.7208]]],[[[103.5636,0.7454],[103.5565,0.7449],[103.5672,0.7254],[103.5716,0.7373],[103.5636,0.7454]]],[[[103.5825,0.7453],[103.5825,0.7453]]],[[[103.6297,0.7596],[103.6297,0.7596]]],[[[103.625,0.8683],[103.625,0.8683]]],[[[103.6613,0.4742],[103.6613,0.4742]]],[[[103.6569,0.5593],[103.6569,0.5593]]],[[[103.6574,0.5721],[103.6524,0.5679],[103.6637,0.5524],[103.6671,0.5628],[103.6574,0.5721]]],[[[103.6602,0.5985],[103.6602,0.5985]]],[[[103.7009,0.6068],[103.7009,0.6068]]],[[[103.7134,0.6095],[103.7037,0.6088],[103.7134,0.6095]]],[[[103.6787,0.6104],[103.6693,0.6118],[103.6787,0.6104]]],[[[103.6684,0.6149],[103.6683,0.6135],[103.6697,0.614],[103.6684,0.6149]]],[[[103.6768,0.6349],[103.6708,0.6175],[103.6866,0.6044],[103.7067,0.6148],[103.6768,0.6349]]],[[[103.6561,0.6327],[103.658,0.6378],[103.6561,0.6327]]],[[[103.6693,0.6364],[103.6693,0.6364]]],[[[103.7449,0.7368],[103.7113,0.7256],[103.6923,0.7289],[103.6925,0.7112],[103.7216,0.6875],[103.7271,0.6932],[103.741,0.6855],[103.7324,0.7133],[103.7476,0.7289],[103.7449,0.7368]]],[[[103.6578,0.7409],[103.6738,0.7124],[103.6879,0.7236],[103.6802,0.7339],[103.6578,0.7409]]],[[[103.6908,0.7301],[103.6908,0.7301]]],[[[103.7264,0.7416],[103.7264,0.7416]]],[[[103.7319,0.7578],[103.7191,0.7539],[103.7328,0.7492],[103.7394,0.7552],[103.7319,0.7578]]],[[[103.6852,0.7645],[103.6863,0.7563],[103.6852,0.7645]]],[[[103.6801,0.7671],[103.6685,0.762],[103.6797,0.7582],[103.6801,0.7671]]],[[[103.6622,0.7686],[103.6673,0.7636],[103.6622,0.7686]]],[[[103.7179,0.7762],[103.7039,0.8041],[103.6798,0.8116],[103.6648,0.8327],[103.6605,0.8272],[103.7037,0.7545],[103.7272,0.7588],[103.7179,0.7762]]],[[[103.755,0.7831],[103.755,0.7831]]],[[[103.7497,0.783],[103.7508,0.7838],[103.7501,0.7845],[103.7497,0.783]]],[[[103.725,0.7889],[103.725,0.7889]]],[[[103.7105,0.7978],[103.7173,0.7887],[103.7105,0.7978]]],[[[103.7256,0.8022],[103.7256,0.8022]]],[[[103.6556,0.8432],[103.6557,0.833],[103.6556,0.8432]]],[[[103.6995,0.8592],[103.6915,0.8567],[103.6972,0.8366],[103.7052,0.8392],[103.6995,0.8592]]],[[[103.6633,0.8688],[103.6545,0.8715],[103.692,0.8234],[103.6726,0.8634],[103.6633,0.8688]]],[[[103.6559,0.8653],[103.6559,0.8653]]],[[[103.7504,0.8843],[103.7238,0.8811],[103.7167,0.8706],[103.7199,0.852],[103.7573,0.8035],[103.8197,0.7724],[103.8184,0.7531],[103.8301,0.7524],[103.8336,0.8123],[103.785,0.8698],[103.7504,0.8843]]],[[[103.7167,0.8816],[103.7167,0.8816]]],[[[103.7014,0.8854],[103.7024,0.8748],[103.7014,0.8854]]],[[[103.7544,0.9002],[103.7446,0.894],[103.7535,0.8841],[103.767,0.8837],[103.7544,0.9002]]],[[[103.7741,0.5524],[103.7708,0.5417],[103.7778,0.5394],[103.7741,0.5524]]],[[[103.773,0.5744],[103.768,0.5806],[103.773,0.5744]]],[[[103.8547,0.7499],[103.8547,0.7499]]],[[[103.9751,0.7517],[103.9627,0.751],[103.9751,0.7517]]],[[[103.9416,0.7489],[103.9416,0.7489]]],[[[103.8603,0.7579],[103.8603,0.7579]]],[[[103.8573,0.7612],[103.8573,0.7612]]],[[[103.9801,0.7624],[103.9775,0.7706],[103.9801,0.7624]]],[[[103.8538,0.7692],[103.8483,0.7661],[103.8538,0.7692]]],[[[103.9596,0.7643],[103.9664,0.7693],[103.9625,0.7781],[103.9509,0.7635],[103.9596,0.7643]]],[[[103.7724,0.779],[103.768,0.7859],[103.7724,0.779]]],[[[103.8659,0.784],[103.8709,0.7745],[103.8659,0.784]]],[[[103.9638,0.7867],[103.9638,0.7867]]],[[[103.8444,0.7819],[103.8356,0.802],[103.8338,0.783],[103.8444,0.7819]]],[[[103.9089,0.832],[103.8865,0.7945],[103.9136,0.7807],[103.9188,0.7548],[103.9408,0.7874],[103.9089,0.832]]],[[[103.8346,0.8172],[103.8346,0.8172]]],[[[103.9053,0.8415],[103.8643,0.8806],[103.8369,0.8843],[103.8104,0.8999],[103.8286,0.8472],[103.8812,0.7989],[103.8946,0.8026],[103.904,0.8173],[103.9053,0.8415]]],[[[103.7983,0.856],[103.7948,0.8621],[103.7983,0.856]]],[[[103.903,0.8662],[103.903,0.8662]]],[[[103.7942,0.878],[103.8029,0.867],[103.7942,0.878]]],[[[103.7968,0.8761],[103.7968,0.8761]]],[[[103.8059,0.8781],[103.8059,0.8781]]],[[[103.7716,0.8827],[103.7748,0.874],[103.7716,0.8827]]],[[[103.8039,0.8807],[103.8049,0.8872],[103.8039,0.8807]]],[[[103.7998,0.8855],[103.7998,0.8855]]],[[[103.8005,0.8883],[103.7936,0.8882],[103.7974,0.8815],[103.8005,0.8883]]],[[[103.7964,0.8941],[103.7964,0.8941]]],[[[103.7963,0.9059],[103.7906,0.902],[103.7969,0.897],[103.7963,0.9059]]],[[[103.8364,0.905],[103.8325,0.9015],[103.8364,0.905]]],[[[103.8013,0.9056],[103.8013,0.9056]]],[[[103.8045,0.9152],[103.8098,0.9082],[103.8045,0.9152]]],[[[103.7738,0.9114],[103.7738,0.9114]]]]},"properties":{"kab":"Kabupaten Karimun","prov":"Kepulauan Riau","n":14,"kj":1,"dd":0,"top":[{"loc":"SMPN 2 Karimun","n":14,"d":"2025-09-25"}]}},{"type":"Feature","geometry":{"type":"MultiPolygon","coordinates":[[[[104.9629,-5.5756],[104.9931,-5.5819],[105.0308,-5.6211],[105.05,-5.6197],[105.0742,-5.6456],[105.0814,-5.7125],[105.0967,-5.7064],[105.1099,-5.7498],[105.1354,-5.7703],[105.1386,-5.785],[105.182,-5.7947],[105.2078,-5.7843],[105.22,-5.7891],[105.2147,-5.7707],[105.1802,-5.7708],[105.1756,-5.7783],[105.1551,-5.7536],[105.1815,-5.7211],[105.2014,-5.7175],[105.2089,-5.7292],[105.219,-5.7184],[105.2144,-5.7077],[105.1931,-5.7023],[105.1834,-5.6839],[105.1925,-5.6798],[105.1737,-5.6667],[105.2098,-5.6471],[105.2036,-5.6425],[105.1898,-5.6497],[105.1913,-5.6282],[105.167,-5.6009],[105.2031,-5.5771],[105.2356,-5.5921],[105.2448,-5.5879],[105.2492,-5.576],[105.2382,-5.5647],[105.251,-5.5642],[105.2616,-5.5451],[105.247,-5.5451],[105.2451,-5.5212],[105.2496,-5.5147],[105.2553,-5.5259],[105.2668,-5.5192],[105.2502,-5.4828],[105.2249,-5.4897],[105.2216,-5.4462],[105.1976,-5.4528],[105.1811,-5.4479],[105.188,-5.4364],[105.1797,-5.4327],[105.1911,-5.4285],[105.1818,-5.4234],[105.1784,-5.4065],[105.1956,-5.3845],[105.2069,-5.3891],[105.2114,-5.3698],[105.2016,-5.3471],[105.1681,-5.3478],[105.1651,-5.3267],[105.1523,-5.3267],[105.1414,-5.3128],[105.1148,-5.3125],[105.1451,-5.2525],[105.1717,-5.2709],[105.1673,-5.2384],[105.1532,-5.2297],[105.1622,-5.2019],[105.1722,-5.1948],[105.1955,-5.1998],[105.2186,-5.1794],[105.2582,-5.179],[105.2415,-5.1678],[105.2238,-5.1688],[105.2267,-5.1544],[105.1905,-5.1218],[105.166,-5.1354],[105.1535,-5.1371],[105.1484,-5.1304],[105.136,-5.1643],[105.1154,-5.1573],[105.1156,-5.1481],[105.1129,-5.1565],[105.0962,-5.1574],[105.0926,-5.1507],[105.1035,-5.1404],[105.0946,-5.1347],[105.0837,-5.1433],[105.0821,-5.1185],[105.0716,-5.1339],[105.0794,-5.1467],[105.0661,-5.1525],[105.0409,-5.185],[105.058,-5.1951],[105.049,-5.2065],[105.0541,-5.2112],[105.0745,-5.2255],[105.0794,-5.2184],[105.0972,-5.2295],[105.0695,-5.2288],[105.0548,-5.2591],[105.0376,-5.2588],[105.045,-5.2704],[105.0365,-5.2842],[105.0424,-5.2856],[105.0447,-5.321],[105.0555,-5.3251],[105.0564,-5.3148],[105.0633,-5.3208],[105.0612,-5.3369],[105.0717,-5.3369],[105.0684,-5.3609],[105.0809,-5.3629],[105.0812,-5.3729],[105.0748,-5.3934],[105.0392,-5.3862],[105.0159,-5.3997],[105.0019,-5.3876],[105.0013,-5.4229],[104.9773,-5.4412],[104.9643,-5.4365],[104.9417,-5.4605],[104.9342,-5.4944],[104.9561,-5.5208],[104.9676,-5.5558],[104.9629,-5.5756]]],[[[105.1737,-5.7447],[105.1737,-5.7447]]],[[[105.1806,-5.7521],[105.1806,-5.7521]]],[[[105.2204,-5.7279],[105.205,-5.7354],[105.2204,-5.7279]]],[[[105.2313,-5.7294],[105.2272,-5.7323],[105.2313,-5.7294]]],[[[105.2174,-5.6614],[105.2056,-5.672],[105.2077,-5.686],[105.216,-5.6901],[105.2266,-5.6875],[105.2374,-5.6695],[105.2174,-5.6614]]],[[[105.224,-5.6175],[105.2124,-5.6231],[105.2127,-5.6373],[105.2421,-5.6416],[105.224,-5.6175]]],[[[105.3198,-5.8241],[105.3107,-5.8292],[105.319,-5.8307],[105.3198,-5.8241]]],[[[105.3421,-5.8126],[105.3459,-5.8264],[105.3421,-5.8126]]],[[[105.2922,-5.8005],[105.2914,-5.7881],[105.278,-5.8143],[105.2712,-5.8054],[105.2598,-5.819],[105.2512,-5.8212],[105.2496,-5.8142],[105.2281,-5.8306],[105.2844,-5.8387],[105.2959,-5.8183],[105.3075,-5.8194],[105.3063,-5.8078],[105.2922,-5.8005]]],[[[105.3139,-5.7847],[105.3065,-5.7946],[105.3211,-5.8061],[105.3252,-5.8233],[105.3325,-5.822],[105.3139,-5.7847]]],[[[105.2446,-5.7971],[105.2495,-5.7927],[105.2446,-5.7971]]],[[[105.2792,-5.7912],[105.2792,-5.7912]]],[[[105.2438,-5.718],[105.2438,-5.718]]],[[[105.2409,-5.6723],[105.2409,-5.6723]]],[[[105.2431,-5.5917],[105.253,-5.5989],[105.2431,-5.5917]]],[[[105.2798,-5.5613],[105.2697,-5.5631],[105.2745,-5.574],[105.2828,-5.5704],[105.2798,-5.5613]]],[[[105.2721,-5.5104],[105.2719,-5.5156],[105.2721,-5.5104]]]]},"properties":{"kab":"Kabupaten Pesawaran","prov":"Lampung","n":33,"kj":1,"dd":0,"top":[{"loc":"SDN 22 Ogan 2 Trimulyo","n":33,"d":"2026-07-24"}]}},{"type":"Feature","geometry":{"type":"MultiPolygon","coordinates":[[[[105.2818,-5.1756],[105.2785,-5.1973],[105.2877,-5.2022],[105.2863,-5.2141],[105.3039,-5.2206],[105.3199,-5.21],[105.3313,-5.2311],[105.3569,-5.2305],[105.3589,-5.2214],[105.3877,-5.2064],[105.3947,-5.2151],[105.4021,-5.2103],[105.418,-5.2169],[105.4178,-5.2264],[105.4374,-5.2354],[105.433,-5.2473],[105.4539,-5.2474],[105.4556,-5.2762],[105.4161,-5.3036],[105.4708,-5.3037],[105.4738,-5.2884],[105.4817,-5.2862],[105.4902,-5.3094],[105.5416,-5.34],[105.5232,-5.3728],[105.5326,-5.4251],[105.5168,-5.4612],[105.5278,-5.4683],[105.5372,-5.4534],[105.5858,-5.4552],[105.5877,-5.4758],[105.6001,-5.4865],[105.6557,-5.4931],[105.6603,-5.5535],[105.676,-5.5729],[105.7253,-5.5948],[105.7366,-5.5925],[105.7327,-5.5987],[105.7404,-5.5955],[105.7388,-5.6021],[105.7465,-5.5888],[105.7528,-5.5998],[105.7558,-5.591],[105.7541,-5.6086],[105.7646,-5.6035],[105.7598,-5.6148],[105.765,-5.6188],[105.7845,-5.6165],[105.785,-5.609],[105.7928,-5.6141],[105.7893,-5.5995],[105.7979,-5.6039],[105.801,-5.5882],[105.8223,-5.5654],[105.8228,-5.5389],[105.8155,-5.531],[105.8238,-5.5161],[105.8204,-5.3244],[105.836,-5.2878],[105.8519,-5.2761],[105.845,-5.2951],[105.8643,-5.2552],[105.8568,-5.0732],[105.8651,-4.9932],[105.8771,-4.9573],[105.9006,-4.9382],[105.899,-4.9192],[105.8749,-4.8833],[105.8632,-4.8382],[105.8653,-4.7516],[105.884,-4.7005],[105.878,-4.6823],[105.8519,-4.674],[105.8569,-4.6315],[105.8452,-4.631],[105.8346,-4.6193],[105.8166,-4.65],[105.8131,-4.6766],[105.8203,-4.7048],[105.8096,-4.7064],[105.8046,-4.7229],[105.8149,-4.7432],[105.8112,-4.7515],[105.7945,-4.7539],[105.7845,-4.7398],[105.7548,-4.7311],[105.7361,-4.7459],[105.7194,-4.7351],[105.6831,-4.7461],[105.6791,-4.7815],[105.6495,-4.7938],[105.6525,-4.8132],[105.6374,-4.8262],[105.6377,-4.8508],[105.6252,-4.8599],[105.6049,-4.8519],[105.5895,-4.8824],[105.553,-4.878],[105.5479,-4.8994],[105.5347,-4.8856],[105.5366,-4.8939],[105.5089,-4.8914],[105.4925,-4.8984],[105.4723,-4.8879],[105.4461,-4.9006],[105.4389,-4.8838],[105.4334,-4.8852],[105.3994,-4.9205],[105.4154,-4.961],[105.3893,-4.9591],[105.3799,-4.9666],[105.3672,-4.9552],[105.3606,-4.9667],[105.3474,-4.9634],[105.3202,-5.0052],[105.3633,-5.0112],[105.3583,-5.0228],[105.3661,-5.0263],[105.3166,-5.0545],[105.3088,-5.0721],[105.3182,-5.0763],[105.3549,-5.0637],[105.3579,-5.0716],[105.3349,-5.091],[105.3491,-5.1085],[105.3364,-5.1122],[105.3225,-5.1317],[105.3347,-5.1484],[105.3274,-5.168],[105.3054,-5.1708],[105.3003,-5.1787],[105.291,-5.1696],[105.2818,-5.1756]]],[[[106.1079,-5.1705],[106.1079,-5.1705]]],[[[106.1095,-5.1561],[106.1095,-5.1561]]],[[[106.2788,-5.0876],[106.2788,-5.0876]]],[[[106.2803,-5.0765],[106.2803,-5.0765]]]]},"properties":{"kab":"Kabupaten Lampung Timur","prov":"Lampung","n":81,"kj":2,"dd":0,"top":[{"loc":"SDN 1 Lehan","n":41,"d":"2025-09-26"},{"loc":"Pondok Pesantren Al Islah","n":40,"d":"2025-08-26"}]}},{"type":"Feature","geometry":{"type":"Polygon","coordinates":[[[123.528,-10.2117],[123.5409,-10.2148],[123.531,-10.2228],[123.5422,-10.2337],[123.539,-10.2468],[123.5742,-10.217],[123.5702,-10.2447],[123.5847,-10.2662],[123.5852,-10.2884],[123.611,-10.2929],[123.6322,-10.286],[123.6387,-10.2684],[123.6224,-10.2511],[123.6262,-10.2385],[123.6176,-10.2342],[123.6397,-10.222],[123.6733,-10.233],[123.6503,-10.2001],[123.6359,-10.193],[123.6495,-10.1892],[123.6487,-10.1807],[123.6734,-10.1894],[123.678,-10.1719],[123.6918,-10.1708],[123.6626,-10.1574],[123.6803,-10.1514],[123.6831,-10.1401],[123.6731,-10.1239],[123.6504,-10.1453],[123.6248,-10.1402],[123.5618,-10.1725],[123.5351,-10.1738],[123.5272,-10.188],[123.528,-10.2117]]]},"properties":{"kab":"Kota Kupang","prov":"Nusa Tenggara Timur","n":243,"kj":6,"dd":0,"top":[{"loc":"SMP Negeri 08 Kota Kupang","n":186,"d":"2025-07-22"},{"loc":"SDN Onitua","n":23,"d":"2026-05-13"},{"loc":"SD Negeri Tenau","n":13,"d":"2025-07-23"}]}},{"type":"Feature","geometry":{"type":"Polygon","coordinates":[[[101.3172,1.4744],[101.4356,1.4472],[101.4493,1.4943],[101.5066,1.4933],[101.5281,1.5956],[101.598,1.6002],[101.6111,1.5796],[101.6183,1.5455],[101.6407,1.5479],[101.6423,1.5622],[101.6243,1.5886],[101.6422,1.6099],[101.7185,1.6227],[101.7272,1.6664],[101.7182,1.6715],[101.6672,1.6654],[101.6017,1.6381],[101.5616,1.637],[101.5169,1.6533],[101.4816,1.6825],[101.438,1.6865],[101.4093,1.6982],[101.386,1.7206],[101.358,1.7761],[101.3635,1.8314],[101.3359,1.891],[101.3221,1.9963],[101.3032,2.0422],[101.2825,2.0561],[101.267,2.0804],[101.1782,2.1268],[101.0762,2.2151],[101.0656,2.2325],[101.0523,2.2328],[101.0391,2.2202],[101.0257,2.1836],[101.0102,2.1162],[101.0593,1.9517],[101.1306,1.8356],[101.1992,1.7547],[101.2481,1.6793],[101.2904,1.5995],[101.304,1.5493],[101.3354,1.4961],[101.3172,1.4744]]]},"properties":{"kab":"Kota Dumai","prov":"Riau","n":42,"kj":1,"dd":0,"top":[{"loc":"SDN 013 Buluh Kasap","n":42,"d":"2026-08-13"}]}},{"type":"Feature","geometry":{"type":"Polygon","coordinates":[[[103.2711,-2.7531],[103.3379,-2.8231],[103.3525,-2.8524],[103.4338,-2.8542],[103.4357,-2.8783],[103.4111,-2.9247],[103.4264,-2.9434],[103.442,-2.9369],[103.4433,-2.9633],[103.457,-2.9758],[103.4753,-3.0192],[103.4835,-3.0212],[103.4784,-3.0433],[103.5093,-3.1337],[103.5158,-3.2095],[103.5327,-3.2328],[103.5549,-3.2297],[103.5625,-3.2362],[103.5882,-3.2227],[103.5959,-3.2455],[103.6367,-3.2374],[103.6501,-3.2417],[103.6344,-3.2628],[103.655,-3.266],[103.7159,-3.236],[103.7219,-3.2557],[103.738,-3.2612],[103.7837,-3.2392],[103.7956,-3.2405],[103.797,-3.2235],[103.7801,-3.179],[103.7972,-3.1504],[103.7915,-3.1345],[103.8119,-3.1223],[103.8192,-3.103],[103.835,-3.1046],[103.8489,-3.083],[103.8897,-3.0758],[103.9117,-3.0222],[103.9257,-3.0242],[103.9504,-3.0042],[104.0234,-3.0301],[104.0523,-3.0088],[104.0937,-3.0025],[104.1348,-3.0118],[104.1321,-3.0266],[104.1416,-3.0465],[104.1659,-3.0503],[104.1643,-2.9956],[104.1768,-2.9511],[104.1752,-2.9185],[104.2055,-2.9188],[104.2114,-2.9082],[104.2317,-2.9084],[104.2299,-2.8852],[104.183,-2.8845],[104.1707,-2.8723],[104.1762,-2.8263],[104.1851,-2.8133],[104.1789,-2.7911],[104.1705,-2.7863],[104.1713,-2.7606],[104.1918,-2.7606],[104.1959,-2.7235],[104.2256,-2.689],[104.2629,-2.6822],[104.2672,-2.6644],[104.2944,-2.659],[104.3022,-2.6444],[104.2806,-2.6297],[104.2533,-2.6242],[104.2287,-2.6353],[104.2092,-2.6287],[104.1402,-2.551],[104.1515,-2.5375],[104.1525,-2.5177],[104.1466,-2.5035],[104.1348,-2.4995],[104.1307,-2.4809],[104.1009,-2.4657],[104.096,-2.4416],[104.0761,-2.4368],[104.0833,-2.4449],[104.0794,-2.4513],[104.0616,-2.4518],[104.0547,-2.3621],[104.0389,-2.3302],[104.0613,-2.2965],[104.0936,-2.3118],[104.1424,-2.3884],[104.2794,-2.4398],[104.3426,-2.4066],[104.3785,-2.4028],[104.474,-2.4142],[104.473,-2.4076],[104.5146,-2.3745],[104.5204,-2.3827],[104.5387,-2.3681],[104.5482,-2.3793],[104.6054,-2.3769],[104.6422,-2.3433],[104.6599,-2.3477],[104.6841,-2.3352],[104.6336,-2.241],[104.609,-2.2377],[104.5644,-2.2471],[104.5105,-2.2296],[104.4885,-2.2039],[104.4681,-2.2197],[104.4552,-2.2093],[104.4552,-2.1912],[104.429,-2.1909],[104.4005,-2.1505],[104.3837,-2.1462],[104.3831,-2.1322],[104.3714,-2.1177],[104.3702,-2.0553],[104.3556,-2.0553],[104.3411,-2.0142],[104.2952,-1.9873],[104.2007,-1.8664],[104.1628,-1.7927],[104.1446,-1.7155],[103.8733,-1.7886],[103.8719,-1.8028],[103.85,-1.8167],[103.7953,-1.8253],[103.7661,-1.8161],[103.6607,-1.8465],[103.6303,-1.8412],[103.5862,-1.8617],[103.5214,-1.9067],[103.5003,-1.9599],[103.5,-1.9822],[103.5427,-1.986],[103.5566,-2.0177],[103.5639,-2.0168],[103.5631,-2.0422],[103.5536,-2.0422],[103.5246,-2.073],[103.5322,-2.0727],[103.5323,-2.0915],[103.5169,-2.0922],[103.5173,-2.1142],[103.546,-2.1363],[103.5593,-2.1371],[103.507,-2.1737],[103.4602,-2.1777],[103.4551,-2.186],[103.4521,-2.2219],[103.4631,-2.2655],[103.4556,-2.2776],[103.4616,-2.2965],[103.4476,-2.3162],[103.4619,-2.3397],[103.4538,-2.3596],[103.4384,-2.3424],[103.4058,-2.3351],[103.383,-2.2947],[103.3595,-2.285],[103.3493,-2.2654],[103.3384,-2.2713],[103.3327,-2.249],[103.3011,-2.2218],[103.3034,-2.1993],[103.2776,-2.1479],[103.259,-2.1331],[103.2305,-2.1358],[103.2258,-2.1654],[103.187,-2.1842],[103.185,-2.2009],[103.1687,-2.221],[103.1696,-2.2384],[103.1982,-2.2606],[103.2113,-2.3203],[103.154,-2.3356],[103.1317,-2.3528],[103.0671,-2.3399],[103.0552,-2.3173],[103.0393,-2.3222],[103.0413,-2.3306],[103.0293,-2.3416],[103.0388,-2.3869],[103.0518,-2.3923],[103.0664,-2.3849],[103.0793,-2.3929],[103.068,-2.4124],[103.0828,-2.4326],[103.1168,-2.4515],[103.143,-2.4347],[103.2,-2.439],[103.2007,-2.4607],[103.2267,-2.4701],[103.2498,-2.4445],[103.2667,-2.4374],[103.2758,-2.4468],[103.2854,-2.5116],[103.3239,-2.5375],[103.3473,-2.5692],[103.3614,-2.5732],[103.3413,-2.6947],[103.3087,-2.7315],[103.2711,-2.7531]]]},"properties":{"kab":"Kabupaten Musi Banyuasin","prov":"Sumatera Selatan","n":9,"kj":1,"dd":0,"top":[{"loc":"SDN 3 Mangun Jaya","n":9,"d":"2025-09-03"}]}},{"type":"Feature","geometry":{"type":"MultiPolygon","coordinates":[[[[116.7412,-1.0733],[116.7296,-1.1044],[116.744,-1.1068],[116.7792,-1.1444],[116.7885,-1.1732],[116.7827,-1.2123],[116.799,-1.215],[116.8067,-1.1986],[116.813,-1.2028],[116.8147,-1.2188],[116.8084,-1.2227],[116.8158,-1.2602],[116.8056,-1.272],[116.8115,-1.2819],[116.8843,-1.2766],[116.9059,-1.2673],[116.9713,-1.2251],[117.0111,-1.184],[117.0194,-1.1356],[117.0004,-1.1252],[116.9453,-1.1261],[116.9406,-1.1206],[116.9468,-1.1171],[116.9305,-1.1096],[116.9072,-1.0808],[116.9037,-1.0647],[116.8604,-1.0587],[116.8389,-1.0474],[116.8396,-1.0286],[116.8509,-1.0149],[116.8244,-1.0217],[116.8006,-1.0506],[116.7829,-1.0428],[116.7646,-1.0716],[116.7412,-1.0733]]],[[[116.7337,-1.0895],[116.735,-1.0889],[116.7348,-1.0874],[116.7337,-1.0895]]]]},"properties":{"kab":"Kota Balikpapan","prov":"Kalimantan Timur","n":5,"kj":1,"dd":0,"top":[{"loc":"SMKN 3 Balikpapan","n":5,"d":"2025-09-25"}]}},{"type":"Feature","geometry":{"type":"Polygon","coordinates":[[[124.1898,-9.4832],[124.2015,-9.4849],[124.2382,-9.5254],[124.2149,-9.538],[124.2266,-9.5603],[124.2364,-9.5432],[124.2653,-9.5522],[124.2798,-9.5697],[124.3086,-9.5718],[124.3207,-9.597],[124.3509,-9.5864],[124.3617,-9.5971],[124.3702,-9.5904],[124.4093,-9.6],[124.4299,-9.594],[124.429,-9.606],[124.4489,-9.6187],[124.4607,-9.6134],[124.4575,-9.6346],[124.5013,-9.6479],[124.5172,-9.663],[124.5319,-9.6595],[124.5445,-9.6441],[124.5633,-9.6411],[124.5801,-9.617],[124.6168,-9.6122],[124.6334,-9.5864],[124.6633,-9.5808],[124.6945,-9.5857],[124.704,-9.5616],[124.73,-9.5533],[124.7369,-9.5619],[124.7537,-9.5636],[124.753,-9.5363],[124.7417,-9.5306],[124.7379,-9.5094],[124.7293,-9.5134],[124.7215,-9.503],[124.7369,-9.4997],[124.7528,-9.4821],[124.7676,-9.4806],[124.7689,-9.4677],[124.7813,-9.4705],[124.7803,-9.4526],[124.7977,-9.4258],[124.7933,-9.41],[124.7793,-9.4],[124.803,-9.3855],[124.7988,-9.3818],[124.8087,-9.3687],[124.8017,-9.35],[124.8193,-9.3467],[124.8179,-9.3401],[124.8437,-9.3265],[124.8437,-9.2995],[124.8575,-9.2629],[124.8416,-9.2437],[124.826,-9.2425],[124.8371,-9.2299],[124.8363,-9.2173],[124.8199,-9.1993],[124.8209,-9.1737],[124.8096,-9.1682],[124.8271,-9.1457],[124.8211,-9.144],[124.8136,-9.1016],[124.8202,-9.0763],[124.8045,-9.0545],[124.7973,-9.0223],[124.7854,-9.0191],[124.7298,-9.0588],[124.7155,-9.0507],[124.6974,-9.0536],[124.6872,-9.0922],[124.6697,-9.1187],[124.6393,-9.1283],[124.6159,-9.1534],[124.5738,-9.1616],[124.5548,-9.1788],[124.551,-9.1725],[124.5295,-9.1864],[124.4763,-9.1742],[124.4829,-9.1976],[124.4686,-9.2081],[124.4649,-9.2498],[124.4545,-9.2658],[124.4627,-9.2991],[124.4399,-9.315],[124.4382,-9.3339],[124.4088,-9.3374],[124.3949,-9.3571],[124.3804,-9.3575],[124.3742,-9.3767],[124.3804,-9.3967],[124.3655,-9.4019],[124.373,-9.4162],[124.3494,-9.4252],[124.3487,-9.4359],[124.3648,-9.46],[124.3565,-9.4642],[124.3548,-9.4852],[124.2789,-9.5009],[124.287,-9.4512],[124.2746,-9.4347],[124.2716,-9.4124],[124.261,-9.3957],[124.2176,-9.3658],[124.1681,-9.3945],[124.1619,-9.4194],[124.15,-9.4273],[124.1337,-9.4261],[124.1195,-9.4067],[124.0959,-9.4061],[124.0932,-9.4147],[124.1083,-9.4282],[124.1339,-9.4384],[124.1456,-9.4532],[124.1623,-9.4521],[124.1898,-9.4832]]]},"properties":{"kab":"Kabupaten Timur Tengah Utara","prov":"Nusa Tenggara Timur","n":312,"kj":2,"dd":0,"top":[{"loc":"SMAN 1 Insana","n":300,"d":"2026-03-04"},{"loc":"PAUD Kensulat","n":12,"d":"2025-11-27"}]}},{"type":"Feature","geometry":{"type":"Polygon","coordinates":[[[112.8166,-3.2987],[112.81,-3.2985],[112.8141,-3.0502],[112.845,-2.998],[112.8438,-2.8458],[112.822,-2.8057],[112.7448,-2.7548],[112.6363,-2.7287],[112.6091,-2.7044],[112.6042,-2.6668],[112.5118,-2.629],[112.4954,-2.5453],[112.5249,-2.5454],[112.4954,-2.5398],[112.4868,-2.5182],[112.4789,-2.5182],[112.4743,-2.4966],[112.4505,-2.491],[112.4521,-2.4329],[112.4436,-2.4324],[112.4478,-2.4275],[112.4348,-2.435],[112.4362,-2.362],[112.4308,-2.3313],[112.4087,-2.331],[112.4082,-2.267],[112.3735,-2.2671],[112.3737,-2.1967],[112.3362,-2.1822],[112.314,-2.1564],[112.3059,-2.0628],[112.3113,-2.0525],[112.3312,-2.0523],[112.3408,-2.0131],[112.3121,-1.9959],[112.3127,-1.9841],[112.3385,-1.9569],[112.3474,-1.9383],[112.3446,-1.927],[112.3182,-1.9017],[112.2516,-1.8601],[112.251,-1.8314],[112.2371,-1.8276],[112.2279,-1.8099],[112.2187,-1.8099],[112.2187,-1.7973],[112.2007,-1.789],[112.1921,-1.758],[112.0912,-1.6443],[112.067,-1.5947],[112.0691,-1.5676],[112.1146,-1.486],[112.1328,-1.4122],[112.1261,-1.2331],[112.0963,-1.2114],[112.1085,-1.2007],[112.1187,-1.1398],[112.138,-1.1283],[112.1622,-1.0871],[112.158,-1.0391],[112.1169,-1.0452],[112.1002,-1.0208],[112.114,-0.9885],[112.1132,-0.9298],[112.1312,-0.9003],[112.1723,-0.8663],[112.1465,-0.8302],[112.1942,-0.7654],[112.1923,-0.7488],[112.1754,-0.7256],[112.1463,-0.7303],[112.1139,-0.7083],[112.1023,-0.7098],[112.0939,-0.6972],[112.0834,-0.701],[112.0723,-0.7207],[112.0707,-0.7398],[112.054,-0.7516],[112.0549,-0.7706],[112.0272,-0.7794],[112.0226,-0.7911],[111.9844,-0.7994],[111.9768,-0.8133],[111.9641,-0.811],[111.9517,-0.7926],[111.9217,-0.7941],[111.9173,-0.8411],[111.8877,-0.8412],[111.8855,-0.8582],[111.8431,-0.8919],[111.838,-0.9064],[111.7479,-0.9117],[111.7237,-0.9427],[111.7053,-0.9411],[111.7016,-0.953],[111.6556,-0.9693],[111.6396,-0.968],[111.6251,-0.9911],[111.6249,-1.0125],[111.6161,-1.0261],[111.6246,-1.037],[111.6161,-1.0563],[111.5847,-1.0652],[111.5718,-1.0579],[111.5582,-1.1013],[111.5443,-1.0985],[111.5434,-1.1154],[111.5612,-1.1298],[111.5571,-1.1527],[111.5774,-1.1676],[111.5686,-1.1848],[111.5494,-1.2073],[111.5254,-1.2031],[111.4866,-1.2312],[111.446,-1.2453],[111.4525,-1.2597],[111.4632,-1.2529],[111.4878,-1.2589],[111.504,-1.2535],[111.5161,-1.2697],[111.5442,-1.2857],[111.5606,-1.311],[111.5772,-1.314],[111.5687,-1.3343],[111.5896,-1.3475],[111.6091,-1.3777],[111.6103,-1.3922],[111.6387,-1.4012],[111.6448,-1.4193],[111.6779,-1.421],[111.7034,-1.4542],[111.872,-1.5444],[111.917,-1.618],[111.9554,-1.7505],[111.9527,-1.7945],[111.9339,-1.8417],[111.9371,-1.8689],[111.9685,-1.9041],[112.0576,-1.95],[112.0744,-1.972],[112.0644,-1.9813],[112.0581,-2.0123],[112.0564,-2.0674],[112.0457,-2.0962],[112.0275,-2.0998],[112.018,-2.1254],[112.0248,-2.232],[112.0421,-2.2507],[112.0373,-2.2675],[112.0639,-2.314],[112.073,-2.3474],[112.04,-2.3455],[112.04,-2.393],[112.0622,-2.3935],[112.0614,-2.4278],[112.0502,-2.4275],[112.05,-2.4517],[112.0242,-2.4484],[112.011,-2.462],[112.0153,-2.4825],[112.0236,-2.4827],[112.0229,-2.5202],[112.0341,-2.5203],[112.0328,-2.5569],[112.0416,-2.5576],[112.0368,-2.5918],[112.0618,-2.6492],[112.042,-2.6883],[112.1295,-2.7657],[112.1398,-2.8034],[112.0989,-2.988],[112.0969,-3.0538],[112.132,-3.1398],[112.1314,-3.159],[112.1185,-3.1816],[111.7947,-3.5257],[111.853,-3.5413],[111.9042,-3.5394],[111.9916,-3.4661],[112.0814,-3.404],[112.1924,-3.3368],[112.2564,-3.3136],[112.309,-3.3107],[112.3804,-3.332],[112.4209,-3.3528],[112.4312,-3.3739],[112.4799,-3.411],[112.5393,-3.443],[112.5632,-3.4468],[112.5681,-3.4303],[112.6369,-3.4064],[112.6846,-3.3622],[112.8166,-3.2987]]]},"properties":{"kab":"Kabupaten Seruyan","prov":"Kalimantan Tengah","n":156,"kj":1,"dd":0,"top":[{"loc":"SMPN 1 Kuala Pembuang","n":156,"d":"2026-07-28"}]}},{"type":"Feature","geometry":{"type":"Polygon","coordinates":[[[107.75,-6.8128],[107.741,-6.8549],[107.7587,-6.8982],[107.7536,-6.9557],[107.7814,-6.9551],[107.8287,-6.9716],[107.831,-6.9642],[107.8447,-6.9696],[107.8899,-6.9639],[107.9004,-6.9531],[107.9128,-6.9544],[107.9161,-6.9458],[107.9314,-6.9559],[107.9666,-6.9587],[107.9914,-6.9819],[108.0231,-6.9818],[108.0423,-6.9964],[108.0821,-6.9871],[108.1001,-7.0195],[108.1294,-7.0407],[108.1522,-7.0209],[108.1708,-6.9684],[108.2199,-6.9282],[108.2112,-6.9153],[108.2156,-6.9032],[108.2095,-6.906],[108.2135,-6.8883],[108.2058,-6.8929],[108.1934,-6.8854],[108.1986,-6.8715],[108.189,-6.8653],[108.1885,-6.8531],[108.1794,-6.852],[108.1786,-6.8329],[108.1648,-6.8352],[108.1597,-6.8265],[108.1544,-6.7956],[108.1657,-6.7964],[108.1696,-6.784],[108.1645,-6.7617],[108.1487,-6.7551],[108.1633,-6.73],[108.1592,-6.7205],[108.1376,-6.7072],[108.1178,-6.7054],[108.0919,-6.6726],[108.0542,-6.6522],[108.0497,-6.6376],[108.0318,-6.6371],[108.0344,-6.6554],[108.0188,-6.6633],[107.9395,-6.6254],[107.9061,-6.5939],[107.8595,-6.5794],[107.8476,-6.5864],[107.8557,-6.6016],[107.851,-6.6545],[107.8276,-6.688],[107.839,-6.6979],[107.8327,-6.7164],[107.8365,-6.7769],[107.8019,-6.8109],[107.7767,-6.8026],[107.75,-6.8128]]]},"properties":{"kab":"Kabupaten Sumedang","prov":"Jawa Barat","n":164,"kj":1,"dd":0,"top":[{"loc":"SMK Win Ujungjaya","n":164,"d":"2025-09-25"}]}},{"type":"Feature","geometry":{"type":"MultiPolygon","coordinates":[[[[133.4558,-0.9631],[133.4739,-0.952],[133.4884,-0.9604],[133.4809,-1.0099],[133.4976,-1.0296],[133.498,-1.0433],[133.5071,-1.0349],[133.5279,-1.0339],[133.5335,-1.0366],[133.5286,-1.0619],[133.5762,-1.0651],[133.5887,-1.0761],[133.5993,-1.0595],[133.6328,-1.0506],[133.6494,-1.0375],[133.6537,-1.0554],[133.6704,-1.0458],[133.6884,-1.0719],[133.6974,-1.0699],[133.7114,-1.1227],[133.7401,-1.111],[133.7676,-1.1156],[133.744,-1.091],[133.7331,-1.0634],[133.7303,-1.0356],[133.7459,-1.0212],[133.7696,-1.0248],[133.7865,-1.079],[133.803,-1.0616],[133.8334,-1.0612],[133.8506,-1.0853],[133.8613,-1.0789],[133.8616,-1.059],[133.8724,-1.0532],[133.8687,-1.031],[133.8915,-1.0237],[133.8972,-1.0026],[133.9041,-1.0145],[133.8968,-1.0427],[133.9033,-1.0867],[133.901,-1.096],[133.8875,-1.1009],[133.8998,-1.1088],[133.9098,-1.1499],[133.9193,-1.1649],[133.931,-1.1656],[133.9413,-1.1938],[133.9628,-1.1839],[133.9745,-1.1991],[133.9818,-1.1917],[133.9962,-1.2023],[134.0059,-1.2262],[134.0185,-1.227],[134.0174,-1.2386],[134.0395,-1.2421],[134.0766,-1.2288],[134.0918,-1.2117],[134.102,-1.2243],[134.1487,-1.2254],[134.1765,-1.2136],[134.1852,-1.1977],[134.1565,-1.1813],[134.1042,-1.1314],[134.0971,-1.1027],[134.071,-1.0714],[134.0689,-1.0282],[134.0224,-0.9807],[134.009,-0.9557],[134.021,-0.9314],[134.0448,-0.9282],[134.038,-0.9022],[134.0524,-0.8964],[134.0508,-0.8691],[134.0693,-0.8754],[134.0696,-0.8584],[134.0863,-0.8776],[134.11,-0.8702],[134.1216,-0.8804],[134.1362,-0.8637],[134.1262,-0.8627],[134.0828,-0.8145],[134.0387,-0.8017],[134.0089,-0.7773],[133.9836,-0.7483],[133.9856,-0.7326],[133.9735,-0.7204],[133.9662,-0.7277],[133.9642,-0.7193],[133.9451,-0.7138],[133.9335,-0.7331],[133.9182,-0.7203],[133.8992,-0.727],[133.8759,-0.7142],[133.8621,-0.7298],[133.8312,-0.7352],[133.8173,-0.7485],[133.802,-0.7419],[133.7944,-0.7253],[133.7664,-0.7301],[133.7547,-0.7191],[133.7303,-0.7218],[133.74,-0.7283],[133.7385,-0.7381],[133.7181,-0.7523],[133.6551,-0.736],[133.6046,-0.7347],[133.5725,-0.7208],[133.5664,-0.7257],[133.5692,-0.7379],[133.5448,-0.7474],[133.4858,-0.7406],[133.4932,-0.7619],[133.4689,-0.7738],[133.4742,-0.7996],[133.4263,-0.8001],[133.4371,-0.8058],[133.4469,-0.8766],[133.4572,-0.8764],[133.469,-0.9011],[133.4698,-0.9347],[133.4513,-0.9499],[133.4558,-0.9631]]],[[[133.9931,-0.7409],[133.9931,-0.7409]]],[[[133.9879,-0.7303],[133.9868,-0.7295],[133.9868,-0.7309],[133.9879,-0.7303]]],[[[134.0986,-0.8892],[134.089,-0.8954],[134.1075,-0.9225],[134.1116,-0.9155],[134.0986,-0.8892]]],[[[134.0825,-0.8887],[134.0825,-0.8887]]]]},"properties":{"kab":"Kabupaten Manokwari","prov":"Papua Barat","n":184,"kj":2,"dd":0,"top":[{"loc":"SMAN 2 Manokwari","n":171,"d":"2025-11-24"},{"loc":"SD Negeri 45 Arowi","n":13,"d":"2025-07-30"}]}},{"type":"Feature","geometry":{"type":"MultiPolygon","coordinates":[[[[117.3549,-7.5915],[117.3356,-7.6115],[117.3549,-7.5915]]],[[[117.2558,-7.5905],[117.2558,-7.5905]]],[[[117.4456,-7.5753],[117.4408,-7.5826],[117.4554,-7.5886],[117.4456,-7.5753]]],[[[117.2761,-7.5325],[117.2771,-7.5383],[117.2761,-7.5325]]],[[[117.2904,-7.5256],[117.2789,-7.5327],[117.29,-7.5397],[117.3208,-7.5369],[117.3351,-7.528],[117.2904,-7.5256]]],[[[117.441,-7.5124],[117.4235,-7.519],[117.4317,-7.5398],[117.441,-7.5124]]],[[[117.2771,-7.5242],[117.2746,-7.5294],[117.2771,-7.5242]]],[[[117.1835,-7.4925],[117.1772,-7.5089],[117.1967,-7.5016],[117.1835,-7.4925]]],[[[117.4831,-7.501],[117.4855,-7.495],[117.4831,-7.501]]],[[[117.4827,-7.481],[117.4746,-7.4858],[117.4817,-7.4988],[117.4827,-7.481]]],[[[117.4853,-7.4915],[117.4848,-7.4853],[117.4853,-7.4915]]],[[[117.8669,-7.4403],[117.8774,-7.4606],[117.8669,-7.4403]]],[[[117.7942,-7.4335],[117.7886,-7.4371],[117.7942,-7.4335]]],[[[117.5879,-7.3997],[117.5938,-7.4044],[117.5879,-7.3997]]],[[[117.7482,-7.3966],[117.7482,-7.3966]]],[[[117.8054,-7.3891],[117.8026,-7.4008],[117.8106,-7.403],[117.8054,-7.3891]]],[[[117.7117,-7.3941],[117.7117,-7.3941]]],[[[117.7489,-7.3627],[117.7439,-7.3749],[117.7489,-7.3627]]],[[[117.5332,-7.3412],[117.5342,-7.3513],[117.5332,-7.3412]]],[[[117.6558,-5.226],[117.6507,-5.2282],[117.6558,-5.226]]],[[[117.6613,-5.176],[117.6525,-5.1941],[117.6604,-5.2015],[117.6558,-5.2218],[117.6813,-5.1981],[117.6613,-5.176]]],[[[117.0515,-5.0897],[117.0463,-5.097],[117.0616,-5.0985],[117.0515,-5.0897]]],[[[117.0734,-5.0449],[117.0748,-5.0501],[117.0734,-5.0449]]],[[[117.0394,-5.0527],[117.04,-5.0404],[117.0394,-5.0527]]],[[[117.0576,-5.0331],[117.0571,-5.0382],[117.0576,-5.0331]]],[[[117.0625,-5.0217],[117.0616,-5.023],[117.0627,-5.0232],[117.0625,-5.0217]]],[[[117.0751,-5.019],[117.0677,-5.0233],[117.0751,-5.019]]],[[[117.9864,-7.5361],[117.9802,-7.5347],[117.9864,-7.5361]]],[[[118.1109,-7.2971],[118.1,-7.3021],[118.1076,-7.3089],[118.1109,-7.2971]]],[[[118.0096,-7.2173],[118.0096,-7.2173]]],[[[118.1912,-7.1988],[118.1912,-7.1988]]],[[[118.4031,-7.1829],[118.3873,-7.1927],[118.3686,-7.1927],[118.3672,-7.1991],[118.3943,-7.1935],[118.4031,-7.1829]]],[[[118.4091,-7.1827],[118.4091,-7.1827]]],[[[118.4081,-7.1804],[118.4034,-7.1785],[118.4081,-7.1804]]],[[[118.4109,-7.1757],[118.409,-7.188],[118.4109,-7.1757]]],[[[118.2808,-7.1458],[118.2808,-7.1458]]],[[[118.1584,-7.1146],[118.1583,-7.1173],[118.1592,-7.1166],[118.1584,-7.1146]]],[[[118.2375,-7.0871],[118.2362,-7.0932],[118.2375,-7.0871]]],[[[118.1681,-7.0899],[118.1771,-7.0726],[118.1524,-7.089],[118.1681,-7.0899]]],[[[118.6515,-7.0624],[118.6511,-7.0723],[118.6515,-7.0624]]],[[[117.9933,-7.0681],[117.9966,-7.0613],[117.9933,-7.0681]]],[[[118.0423,-7.0346],[118.035,-7.038],[118.0423,-7.0346]]],[[[118.8085,-6.9713],[118.8076,-6.9763],[118.8085,-6.9713]]],[[[118.8581,-6.9259],[118.8545,-6.9338],[118.8581,-6.9259]]],[[[118.2775,-6.692],[118.2775,-6.692]]],[[[118.2777,-6.6847],[118.2738,-6.6983],[118.2777,-6.6847]]],[[[118.3271,-6.6351],[118.3253,-6.644],[118.3271,-6.6351]]],[[[118.8414,-6.5769],[118.8315,-6.5691],[118.8248,-6.5729],[118.8373,-6.5834],[118.8414,-6.5769]]],[[[118.7938,-6.5565],[118.7938,-6.5565]]],[[[118.4532,-5.5007],[118.4557,-5.5119],[118.4532,-5.5007]]],[[[118.6321,-5.4884],[118.6304,-5.4988],[118.6321,-5.4884]]],[[[118.4301,-5.3957],[118.4262,-5.4176],[118.4362,-5.4078],[118.4301,-5.3957]]],[[[117.9333,-5.3557],[117.9208,-5.3542],[117.9267,-5.3876],[117.935,-5.4034],[117.9475,-5.4082],[117.9525,-5.3874],[117.9333,-5.3557]]],[[[117.8938,-5.2366],[117.8861,-5.2398],[117.8892,-5.2963],[117.8998,-5.2621],[117.8938,-5.2366]]],[[[117.8843,-5.1683],[117.882,-5.1795],[117.8906,-5.1728],[117.8843,-5.1683]]],[[[118.1534,-5.1337],[118.1468,-5.1148],[118.1395,-5.1276],[118.1534,-5.1337]]],[[[117.9205,-5.0502],[117.9142,-5.0564],[117.9205,-5.0502]]],[[[119.0223,-6.9068],[119.0223,-6.9068]]],[[[119.0698,-6.8931],[119.0698,-6.8931]]],[[[118.91,-6.8832],[118.898,-6.8913],[118.91,-6.8832]]],[[[118.9682,-6.8566],[118.9618,-6.8551],[118.9636,-6.8646],[118.9682,-6.8566]]],[[[119.0226,-6.8386],[119.0196,-6.833],[119.0226,-6.8386]]],[[[119.0048,-6.819],[119.0031,-6.8121],[119.0048,-6.819]]],[[[118.9732,-6.7649],[118.9704,-6.7576],[118.9732,-6.7649]]],[[[118.9531,-6.7104],[118.9542,-6.719],[118.9531,-6.7104]]],[[[118.9322,-6.6514],[118.9263,-6.6475],[118.9287,-6.6566],[118.9322,-6.6514]]],[[[118.8867,-6.6056],[118.8866,-6.6116],[118.8867,-6.6056]]],[[[118.8599,-6.5873],[118.8559,-6.594],[118.8685,-6.5999],[118.8599,-6.5873]]],[[[119.0623,-4.7404],[119.0623,-4.7404]]],[[[118.9804,-4.7226],[118.9804,-4.7226]]],[[[119.0632,-4.718],[119.0632,-4.718]]],[[[118.9561,-4.6958],[118.9654,-4.7052],[118.9561,-4.6958]]],[[[119.1396,-6.8672],[119.1364,-6.8742],[119.1396,-6.8672]]],[[[119.1375,-6.8606],[119.1287,-6.8664],[119.1346,-6.8747],[119.1375,-6.8606]]],[[[119.1493,-6.8663],[119.1493,-6.8663]]],[[[119.1145,-6.8373],[119.0985,-6.8472],[119.0961,-6.8679],[119.1228,-6.8579],[119.1248,-6.8441],[119.1122,-6.844],[119.1145,-6.8373]]],[[[119.1876,-6.8254],[119.1933,-6.8189],[119.1865,-6.8247],[119.185,-6.818],[119.1739,-6.8259],[119.1696,-6.8462],[119.1876,-6.8254]]],[[[119.1693,-6.7954],[119.166,-6.8014],[119.1693,-6.7954]]],[[[119.3272,-4.9703],[119.3272,-4.9703]]],[[[119.2865,-4.9687],[119.2865,-4.9687]]],[[[119.3406,-4.9457],[119.3406,-4.9457]]],[[[119.4006,-4.9445],[119.3965,-4.9483],[119.4006,-4.9445]]],[[[119.3207,-4.9297],[119.3207,-4.9297]]],[[[119.3589,-4.8974],[119.3589,-4.8974]]],[[[119.3395,-4.8867],[119.3395,-4.8867]]],[[[119.2657,-4.8829],[119.2657,-4.8829]]],[[[119.3873,-4.8553],[119.382,-4.8558],[119.3873,-4.8553]]],[[[119.3429,-4.8465],[119.3429,-4.8465]]],[[[119.4026,-4.8449],[119.4026,-4.8449]]],[[[119.2345,-4.8125],[119.2345,-4.8125]]],[[[119.3269,-4.7457],[119.3269,-4.7457]]],[[[119.3038,-4.7267],[119.3038,-4.7267]]],[[[119.2725,-4.72],[119.2725,-4.72]]],[[[119.3528,-4.7164],[119.3528,-4.7164]]],[[[119.3633,-4.7101],[119.3633,-4.7101]]],[[[119.3288,-4.7034],[119.3288,-4.7034]]],[[[119.3048,-4.6941],[119.3108,-4.6903],[119.3048,-4.6941]]],[[[119.1224,-4.6901],[119.1203,-4.69],[119.1203,-4.6906],[119.1224,-4.6901]]],[[[119.3045,-4.6906],[119.3045,-4.6906]]],[[[119.2837,-4.6799],[119.279,-4.6765],[119.2781,-4.6855],[119.2837,-4.6799]]],[[[119.3085,-4.678],[119.3085,-4.678]]],[[[119.3514,-4.6678],[119.3454,-4.6751],[119.3514,-4.6678]]],[[[119.3154,-4.6715],[119.3187,-4.663],[119.3154,-4.6715]]],[[[119.3326,-4.6554],[119.3326,-4.6554]]],[[[119.2228,-4.5586],[119.2228,-4.5586]]],[[[119.4175,-4.9431],[119.4175,-4.9431]]],[[[119.5191,-4.882],[119.5291,-4.8942],[119.563,-4.8923],[119.5752,-4.9049],[119.5851,-4.9036],[119.5872,-4.8957],[119.5981,-4.905],[119.6041,-4.8872],[119.6329,-4.8906],[119.6227,-4.9095],[119.6375,-4.9094],[119.6454,-4.9211],[119.6598,-4.9225],[119.6691,-4.9331],[119.6687,-4.9504],[119.705,-4.9483],[119.747,-4.9289],[119.7747,-4.9431],[119.7853,-4.9282],[119.8045,-4.9257],[119.8056,-4.8857],[119.7963,-4.8648],[119.8104,-4.8237],[119.807,-4.8082],[119.7845,-4.8065],[119.7663,-4.8245],[119.761,-4.8059],[119.7396,-4.8037],[119.726,-4.8094],[119.721,-4.8217],[119.6979,-4.7991],[119.6813,-4.7692],[119.696,-4.7566],[119.6916,-4.7208],[119.6672,-4.7191],[119.6601,-4.7259],[119.6546,-4.7159],[119.6609,-4.6957],[119.6564,-4.6743],[119.6668,-4.6542],[119.6459,-4.6373],[119.6311,-4.5846],[119.6052,-4.557],[119.5934,-4.5571],[119.5876,-4.5863],[119.5252,-4.6755],[119.5168,-4.7157],[119.4988,-4.7257],[119.4819,-4.7515],[119.4927,-4.7715],[119.5001,-4.85],[119.5191,-4.882]]],[[[119.4187,-4.8227],[119.4192,-4.8175],[119.4187,-4.8227]]],[[[119.4326,-4.7849],[119.4326,-4.7849]]],[[[119.4347,-4.7775],[119.4372,-4.7708],[119.4347,-4.7775]]],[[[119.4459,-4.7724],[119.4459,-4.7724]]],[[[119.463,-4.7675],[119.463,-4.7675]]],[[[119.4339,-4.7474],[119.4324,-4.7535],[119.4339,-4.7474]]],[[[119.4749,-4.7002],[119.472,-4.7116],[119.4749,-4.7002]]],[[[119.4583,-4.6967],[119.4499,-4.7084],[119.4583,-4.6967]]],[[[119.4691,-4.6921],[119.4687,-4.6866],[119.4691,-4.6921]]],[[[119.5035,-4.6554],[119.5035,-4.6554]]]]},"properties":{"kab":"Kabupaten Pangkajene dan Kepulauan","prov":"Sulawesi Selatan","n":74,"kj":1,"dd":0,"top":[{"loc":"SD Negeri 13 Kassiloe","n":74,"d":"2025-12-08"}]}},{"type":"Feature","geometry":{"type":"MultiPolygon","coordinates":[[[[107.4233,-7.5052],[107.4754,-7.5196],[107.4807,-7.538],[107.5019,-7.5359],[107.606,-7.5742],[107.6245,-7.5975],[107.6752,-7.6283],[107.6882,-7.651],[107.6835,-7.6624],[107.6917,-7.6687],[107.7185,-7.6663],[107.7899,-7.6811],[107.8315,-7.7026],[107.8365,-7.7281],[107.847,-7.7371],[107.906,-7.7375],[107.9312,-7.6861],[107.9237,-7.6759],[107.9303,-7.6574],[107.9233,-7.6521],[107.9256,-7.6222],[107.917,-7.5971],[107.9425,-7.5735],[107.9352,-7.5573],[107.9462,-7.545],[107.9433,-7.5039],[107.9534,-7.4603],[107.9456,-7.451],[107.9517,-7.4242],[107.9404,-7.4076],[107.9436,-7.3982],[107.9047,-7.3633],[107.9291,-7.3498],[107.9381,-7.3309],[107.9464,-7.3313],[107.9403,-7.3163],[107.9297,-7.3142],[107.9225,-7.2905],[107.9736,-7.2703],[107.9895,-7.2452],[108.0649,-7.2186],[108.0784,-7.1714],[108.0877,-7.1627],[108.068,-7.1302],[108.0994,-7.1029],[108.1135,-7.1029],[108.1222,-7.1148],[108.126,-7.1021],[108.118,-7.0781],[108.1351,-7.0627],[108.136,-7.0508],[108.1001,-7.0195],[108.0821,-6.9871],[108.0423,-6.9964],[108.0231,-6.9818],[107.9914,-6.9819],[107.9666,-6.9587],[107.9314,-6.9559],[107.9161,-6.9458],[107.9162,-6.9682],[107.8894,-6.9825],[107.9064,-6.9902],[107.9101,-7.0359],[107.9276,-7.0333],[107.9376,-7.0424],[107.9245,-7.0532],[107.8838,-7.0514],[107.8355,-7.0679],[107.8338,-7.0899],[107.8102,-7.1004],[107.8073,-7.1427],[107.7879,-7.1616],[107.7647,-7.1557],[107.7374,-7.1727],[107.7211,-7.1984],[107.7253,-7.2114],[107.7062,-7.2379],[107.7101,-7.2483],[107.7377,-7.2641],[107.7367,-7.2759],[107.7225,-7.2889],[107.731,-7.2947],[107.7269,-7.2977],[107.7101,-7.2967],[107.6962,-7.2823],[107.6676,-7.3012],[107.6577,-7.2898],[107.6076,-7.3093],[107.5992,-7.283],[107.5824,-7.2768],[107.5574,-7.2515],[107.5465,-7.2575],[107.5336,-7.248],[107.5202,-7.2569],[107.504,-7.2497],[107.4932,-7.2587],[107.4769,-7.2538],[107.455,-7.2923],[107.4846,-7.3569],[107.4738,-7.4015],[107.4314,-7.425],[107.4204,-7.4617],[107.4233,-7.5052]]],[[[107.8501,-7.7365],[107.8501,-7.7365]]]]},"properties":{"kab":"Kabupaten Garut","prov":"Jawa Barat","n":1138,"kj":4,"dd":0,"top":[{"loc":"SDN 2 Mandalasari","n":657,"d":"2025-09-17"},{"loc":"SDN 3 Talagasari","n":307,"d":"2025-09-30"},{"loc":"Ponpes Al Mansuriah","n":117,"d":"2026-07-22"}]}}]}